run_id,timestamp,commit,hostname,device,torch_version,torch_npu_version,python_version,seed,base_seed,M,N,K,dtype,distribution,bit,C,refresh_interval,p_inject,total_blocks,all_injected,non_nan_injected,nan_injected,inf_injected,finite_injected,non_nan_injected_rows,non_nan_detected_rows,non_nan_injected_blocks,non_nan_detected_blocks,non_nan_localized,nan_injected_rows,nan_detected_rows,nan_injected_blocks,nan_detected_blocks,nan_localized,injected_rows,detected_rows,false_rows,clean_rows,injected_blocks,detected_blocks,false_blocks,clean_blocks,localized,non_nan_row_DR,non_nan_block_DR,non_nan_localization_R,non_nan_conditional_localization_R,nan_row_DR,nan_block_DR,nan_localization_R,nan_conditional_localization_R,row_DR,block_DR,row_FPR,block_FPR,localization_R,conditional_localization_R,nan_rate,inf_rate,e_max,c_sigma,encoding
20261003T082105Z,2026-10-03T08:21:05.237830+00:00,20812aef948eaa8d0f8bc34d3ad2eeddd8c87d07,atlas-47,npu:0,2.7.1+cpu,2.7.1.post10,3.9.9,3206656062037272439,1791015664502287109,1024,1024,1024,bf16,"N(1,1)",7,10000,256,0.5,320000,159600,159600,0,0,159600,159600,0,159600,0,0,0,0,0,0,0,159600,0,0,40800400,159600,0,0,160400,0,0.0,0.0,0.0,,,,,,0.0,0.0,0.0,0.0,0.0,,0.0,0.0,0.008,5.39,linear_centered_per_block
20261003T082105Z,2026-10-03T08:21:05.237830+00:00,20812aef948eaa8d0f8bc34d3ad2eeddd8c87d07,atlas-47,npu:0,2.7.1+cpu,2.7.1.post10,3.9.9,6003467258793786108,1791015664502287109,1024,1024,1024,bf16,"N(1,1)",8,10000,256,0.5,320000,159566,159566,0,0,159566,159566,2219,159566,2219,933,0,0,0,0,0,159566,2219,0,40800434,159566,2219,0,160434,933,0.013906471303410502,0.013906471303410502,0.005847110286652545,0.42045966651644884,,,,,0.013906471303410502,0.013906471303410502,0.0,0.0,0.005847110286652545,0.42045966651644884,0.0,0.0,0.008,5.39,linear_centered_per_block
20261003T082105Z,2026-10-03T08:21:05.237830+00:00,20812aef948eaa8d0f8bc34d3ad2eeddd8c87d07,atlas-47,npu:0,2.7.1+cpu,2.7.1.post10,3.9.9,4323238371716833424,1791015664502287109,1024,1024,1024,bf16,"N(1,1)",9,10000,256,0.5,320000,159810,159810,0,0,159810,159810,159810,159810,159810,156790,0,0,0,0,0,159810,159810,0,40800190,159810,159810,0,160190,156790,1.0,1.0,0.9811025592891559,0.9811025592891559,,,,,1.0,1.0,0.0,0.0,0.9811025592891559,0.9811025592891559,0.0,0.0,0.008,5.39,linear_centered_per_block
20261003T082105Z,2026-10-03T08:21:05.237830+00:00,20812aef948eaa8d0f8bc34d3ad2eeddd8c87d07,atlas-47,npu:0,2.7.1+cpu,2.7.1.post10,3.9.9,4724706101142403712,1791015664502287109,1024,1024,1024,bf16,"N(1,1)",10,10000,256,0.5,320000,159924,159924,0,0,159924,159924,0,159924,0,0,0,0,0,0,0,159924,0,0,40800076,159924,0,0,160076,0,0.0,0.0,0.0,,,,,,0.0,0.0,0.0,0.0,0.0,,0.0,0.0,0.008,5.39,linear_centered_per_block
20261003T082105Z,2026-10-03T08:21:05.237830+00:00,20812aef948eaa8d0f8bc34d3ad2eeddd8c87d07,atlas-47,npu:0,2.7.1+cpu,2.7.1.post10,3.9.9,4860788553162369213,1791015664502287109,1024,1024,1024,bf16,"N(1,1)",11,10000,256,0.5,320000,159700,159700,0,0,159700,159700,159700,159700,159700,159700,0,0,0,0,0,159700,159700,0,40800300,159700,159700,0,160300,159700,1.0,1.0,1.0,1.0,,,,,1.0,1.0,0.0,0.0,1.0,1.0,0.0,0.0,0.008,5.39,linear_centered_per_block
20261003T082105Z,2026-10-03T08:21:05.237830+00:00,20812aef948eaa8d0f8bc34d3ad2eeddd8c87d07,atlas-47,npu:0,2.7.1+cpu,2.7.1.post10,3.9.9,2349813504791813802,1791015664502287109,1024,1024,1024,bf16,"N(1,1)",12,10000,256,0.5,320000,160081,160081,0,0,160081,160081,160081,160081,160081,160081,0,0,0,0,0,160081,160081,0,40799919,160081,160081,0,159919,160081,1.0,1.0,1.0,1.0,,,,,1.0,1.0,0.0,0.0,1.0,1.0,0.0,0.0,0.008,5.39,linear_centered_per_block
20261003T082105Z,2026-10-03T08:21:05.237830+00:00,20812aef948eaa8d0f8bc34d3ad2eeddd8c87d07,atlas-47,npu:0,2.7.1+cpu,2.7.1.post10,3.9.9,1442497462900714161,1791015664502287109,1024,1024,1024,bf16,"N(1,1)",13,10000,256,0.5,320000,159869,159869,0,0,159869,159869,159869,159869,159869,159869,0,0,0,0,0,159869,159869,0,40800131,159869,159869,0,160131,159869,1.0,1.0,1.0,1.0,,,,,1.0,1.0,0.0,0.0,1.0,1.0,0.0,0.0,0.008,5.39,linear_centered_per_block
20261003T082105Z,2026-10-03T08:21:05.237830+00:00,20812aef948eaa8d0f8bc34d3ad2eeddd8c87d07,atlas-47,npu:0,2.7.1+cpu,2.7.1.post10,3.9.9,1838457609660708493,1791015664502287109,1024,1024,1024,bf16,"N(1,1)",14,10000,256,0.5,320000,159887,159887,0,0,159887,159887,0,159887,0,0,0,0,0,0,0,159887,0,0,40800113,159887,0,0,160113,0,0.0,0.0,0.0,,,,,,0.0,0.0,0.0,0.0,0.0,,0.0,0.0,0.008,5.39,linear_centered_per_block
20261003T082105Z,2026-10-03T08:21:05.237830+00:00,20812aef948eaa8d0f8bc34d3ad2eeddd8c87d07,atlas-47,npu:0,2.7.1+cpu,2.7.1.post10,3.9.9,5123699306504063816,1791015664502287109,1024,1024,1024,bf16,"N(1e-6,1)",7,10000,256,0.5,320000,159658,159658,0,0,159658,159658,0,159658,0,0,0,0,0,0,0,159658,0,0,40800342,159658,0,0,160342,0,0.0,0.0,0.0,,,,,,0.0,0.0,0.0,0.0,0.0,,0.0,0.0,0.008,5.39,linear_centered_per_block
20261003T082105Z,2026-10-03T08:21:05.237830+00:00,20812aef948eaa8d0f8bc34d3ad2eeddd8c87d07,atlas-47,npu:0,2.7.1+cpu,2.7.1.post10,3.9.9,5298987905479207045,1791015664502287109,1024,1024,1024,bf16,"N(1e-6,1)",8,10000,256,0.5,320000,160051,160051,0,0,160051,160051,759,160051,759,685,0,0,0,0,0,160051,759,0,40799949,160051,759,0,159949,685,0.004742238411506333,0.004742238411506333,0.004279885786405584,0.9025032938076416,,,,,0.004742238411506333,0.004742238411506333,0.0,0.0,0.004279885786405584,0.9025032938076416,0.0,0.0,0.008,5.39,linear_centered_per_block
20261003T082105Z,2026-10-03T08:21:05.237830+00:00,20812aef948eaa8d0f8bc34d3ad2eeddd8c87d07,atlas-47,npu:0,2.7.1+cpu,2.7.1.post10,3.9.9,5361742136932925577,1791015664502287109,1024,1024,1024,bf16,"N(1e-6,1)",9,10000,256,0.5,320000,159697,159697,0,0,159697,159697,39632,159697,39632,37638,0,0,0,0,0,159697,39632,0,40800303,159697,39632,0,160303,37638,0.2481699718842558,0.2481699718842558,0.23568382624595327,0.9496871215179653,,,,,0.2481699718842558,0.2481699718842558,0.0,0.0,0.23568382624595327,0.9496871215179653,0.0,0.0,0.008,5.39,linear_centered_per_block
20261003T082105Z,2026-10-03T08:21:05.237830+00:00,20812aef948eaa8d0f8bc34d3ad2eeddd8c87d07,atlas-47,npu:0,2.7.1+cpu,2.7.1.post10,3.9.9,4329005424201052440,1791015664502287109,1024,1024,1024,bf16,"N(1e-6,1)",10,10000,256,0.5,320000,160068,160068,0,0,160068,160068,152095,160068,152095,152081,0,0,0,0,0,160068,152095,0,40799932,160068,152095,0,159932,152081,0.9501899192843042,0.9501899192843042,0.9501024564560062,0.9999079522666754,,,,,0.9501899192843042,0.9501899192843042,0.0,0.0,0.9501024564560062,0.9999079522666754,0.0,0.0,0.008,5.39,linear_centered_per_block
20261003T082105Z,2026-10-03T08:21:05.237830+00:00,20812aef948eaa8d0f8bc34d3ad2eeddd8c87d07,atlas-47,npu:0,2.7.1+cpu,2.7.1.post10,3.9.9,1235337464366296703,1791015664502287109,1024,1024,1024,bf16,"N(1e-6,1)",11,10000,256,0.5,320000,159853,159853,0,0,159853,159853,151902,159853,151902,151902,0,0,0,0,0,159853,151902,0,40800147,159853,151902,0,160147,151902,0.9502605518820416,0.9502605518820416,0.9502605518820416,1.0,,,,,0.9502605518820416,0.9502605518820416,0.0,0.0,0.9502605518820416,1.0,0.0,0.0,0.008,5.39,linear_centered_per_block
20261003T082105Z,2026-10-03T08:21:05.237830+00:00,20812aef948eaa8d0f8bc34d3ad2eeddd8c87d07,atlas-47,npu:0,2.7.1+cpu,2.7.1.post10,3.9.9,2728961596766112578,1791015664502287109,1024,1024,1024,bf16,"N(1e-6,1)",12,10000,256,0.5,320000,160031,160031,0,0,160031,160031,151905,160031,151905,151905,0,0,0,0,0,160031,151905,0,40799969,160031,151905,0,159969,151905,0.9492223381719792,0.9492223381719792,0.9492223381719792,1.0,,,,,0.9492223381719792,0.9492223381719792,0.0,0.0,0.9492223381719792,1.0,0.0,0.0,0.008,5.39,linear_centered_per_block
20261003T082105Z,2026-10-03T08:21:05.237830+00:00,20812aef948eaa8d0f8bc34d3ad2eeddd8c87d07,atlas-47,npu:0,2.7.1+cpu,2.7.1.post10,3.9.9,5617941922033971276,1791015664502287109,1024,1024,1024,bf16,"N(1e-6,1)",13,10000,256,0.5,320000,159735,159735,0,0,159735,159735,151742,159735,151742,151742,0,0,0,0,0,159735,151742,0,40800265,159735,151742,0,160265,151742,0.9499608726954017,0.9499608726954017,0.9499608726954017,1.0,,,,,0.9499608726954017,0.9499608726954017,0.0,0.0,0.9499608726954017,1.0,0.0,0.0,0.008,5.39,linear_centered_per_block
20261003T082105Z,2026-10-03T08:21:05.237830+00:00,20812aef948eaa8d0f8bc34d3ad2eeddd8c87d07,atlas-47,npu:0,2.7.1+cpu,2.7.1.post10,3.9.9,2851199602762412363,1791015664502287109,1024,1024,1024,bf16,"N(1e-6,1)",14,10000,256,0.5,320000,160253,156316,3937,20,156296,156316,4117,156316,4117,185,3937,3937,3937,3937,3937,160253,8054,0,40799747,160253,8054,0,159747,4122,0.02633767496609432,0.02633767496609432,0.001183500089562169,0.044935632742288074,1.0,1.0,1.0,1.0,0.050258029490867565,0.050258029490867565,0.0,0.0,0.02572182736048623,0.5117953811770549,0.024567402794331464,0.00012480265580051543,0.008,5.39,linear_centered_per_block
20261003T082105Z,2026-10-03T08:21:05.237830+00:00,20812aef948eaa8d0f8bc34d3ad2eeddd8c87d07,atlas-47,npu:0,2.7.1+cpu,2.7.1.post10,3.9.9,2563353524600875352,1791015664502287109,1024,1024,1024,bf16,TruncN,7,10000,256,0.5,320000,159824,159824,0,0,159824,159824,0,159824,0,0,0,0,0,0,0,159824,0,0,40800176,159824,0,0,160176,0,0.0,0.0,0.0,,,,,,0.0,0.0,0.0,0.0,0.0,,0.0,0.0,0.008,5.39,linear_centered_per_block
20261003T082105Z,2026-10-03T08:21:05.237830+00:00,20812aef948eaa8d0f8bc34d3ad2eeddd8c87d07,atlas-47,npu:0,2.7.1+cpu,2.7.1.post10,3.9.9,7166402643128417815,1791015664502287109,1024,1024,1024,bf16,TruncN,8,10000,256,0.5,320000,160204,160204,0,0,160204,160204,160204,160204,160204,67662,0,0,0,0,0,160204,160204,0,40799796,160204,160204,0,159796,67662,1.0,1.0,0.4223490050186013,0.4223490050186013,,,,,1.0,1.0,0.0,0.0,0.4223490050186013,0.4223490050186013,0.0,0.0,0.008,5.39,linear_centered_per_block
20261003T082105Z,2026-10-03T08:21:05.237830+00:00,20812aef948eaa8d0f8bc34d3ad2eeddd8c87d07,atlas-47,npu:0,2.7.1+cpu,2.7.1.post10,3.9.9,5307615212387543047,1791015664502287109,1024,1024,1024,bf16,TruncN,9,10000,256,0.5,320000,159713,159713,0,0,159713,159713,159713,159713,159713,156531,0,0,0,0,0,159713,159713,0,40800287,159713,159713,0,160287,156531,1.0,1.0,0.9800767626930807,0.9800767626930807,,,,,1.0,1.0,0.0,0.0,0.9800767626930807,0.9800767626930807,0.0,0.0,0.008,5.39,linear_centered_per_block
20261003T082105Z,2026-10-03T08:21:05.237830+00:00,20812aef948eaa8d0f8bc34d3ad2eeddd8c87d07,atlas-47,npu:0,2.7.1+cpu,2.7.1.post10,3.9.9,4330360923638389147,1791015664502287109,1024,1024,1024,bf16,TruncN,10,10000,256,0.5,320000,159705,159705,0,0,159705,159705,0,159705,0,0,0,0,0,0,0,159705,0,0,40800295,159705,0,0,160295,0,0.0,0.0,0.0,,,,,,0.0,0.0,0.0,0.0,0.0,,0.0,0.0,0.008,5.39,linear_centered_per_block
20261003T082105Z,2026-10-03T08:21:05.237830+00:00,20812aef948eaa8d0f8bc34d3ad2eeddd8c87d07,atlas-47,npu:0,2.7.1+cpu,2.7.1.post10,3.9.9,6915441008584556098,1791015664502287109,1024,1024,1024,bf16,TruncN,11,10000,256,0.5,320000,160071,160071,0,0,160071,160071,160071,160071,160071,160071,0,0,0,0,0,160071,160071,0,40799929,160071,160071,0,159929,160071,1.0,1.0,1.0,1.0,,,,,1.0,1.0,0.0,0.0,1.0,1.0,0.0,0.0,0.008,5.39,linear_centered_per_block
20261003T082105Z,2026-10-03T08:21:05.237830+00:00,20812aef948eaa8d0f8bc34d3ad2eeddd8c87d07,atlas-47,npu:0,2.7.1+cpu,2.7.1.post10,3.9.9,9112080523311934835,1791015664502287109,1024,1024,1024,bf16,TruncN,12,10000,256,0.5,320000,160216,160216,0,0,160216,160216,160216,160216,160216,160216,0,0,0,0,0,160216,160216,0,40799784,160216,160216,0,159784,160216,1.0,1.0,1.0,1.0,,,,,1.0,1.0,0.0,0.0,1.0,1.0,0.0,0.0,0.008,5.39,linear_centered_per_block
20261003T082105Z,2026-10-03T08:21:05.237830+00:00,20812aef948eaa8d0f8bc34d3ad2eeddd8c87d07,atlas-47,npu:0,2.7.1+cpu,2.7.1.post10,3.9.9,254851934235246829,1791015664502287109,1024,1024,1024,bf16,TruncN,13,10000,256,0.5,320000,160076,160076,0,0,160076,160076,160076,160076,160076,160076,0,0,0,0,0,160076,160076,0,40799924,160076,160076,0,159924,160076,1.0,1.0,1.0,1.0,,,,,1.0,1.0,0.0,0.0,1.0,1.0,0.0,0.0,0.008,5.39,linear_centered_per_block
20261003T082105Z,2026-10-03T08:21:05.237830+00:00,20812aef948eaa8d0f8bc34d3ad2eeddd8c87d07,atlas-47,npu:0,2.7.1+cpu,2.7.1.post10,3.9.9,7203173675076190826,1791015664502287109,1024,1024,1024,bf16,TruncN,14,10000,256,0.5,320000,160098,160098,0,0,160098,160098,0,160098,0,0,0,0,0,0,0,160098,0,0,40799902,160098,0,0,159902,0,0.0,0.0,0.0,,,,,,0.0,0.0,0.0,0.0,0.0,,0.0,0.0,0.008,5.39,linear_centered_per_block
20261003T082105Z,2026-10-03T08:21:05.237830+00:00,20812aef948eaa8d0f8bc34d3ad2eeddd8c87d07,atlas-47,npu:0,2.7.1+cpu,2.7.1.post10,3.9.9,589257237077007834,1791015664502287109,1024,1024,1024,bf16,"U(-1,1)",7,10000,256,0.5,320000,159649,159649,0,0,159649,159649,152,159649,152,82,0,0,0,0,0,159649,152,0,40800351,159649,152,0,160351,82,0.0009520886444637925,0.0009520886444637925,0.000513626768723888,0.5394736842105263,,,,,0.0009520886444637925,0.0009520886444637925,0.0,0.0,0.000513626768723888,0.5394736842105263,0.0,0.0,0.008,5.39,linear_centered_per_block
20261003T082105Z,2026-10-03T08:21:05.237830+00:00,20812aef948eaa8d0f8bc34d3ad2eeddd8c87d07,atlas-47,npu:0,2.7.1+cpu,2.7.1.post10,3.9.9,2381647352532462290,1791015664502287109,1024,1024,1024,bf16,"U(-1,1)",8,10000,256,0.5,320000,160506,160506,0,0,160506,160506,461,160506,461,420,0,0,0,0,0,160506,461,0,40799494,160506,461,0,159494,420,0.00287216677258171,0.00287216677258171,0.002616724608425853,0.911062906724512,,,,,0.00287216677258171,0.00287216677258171,0.0,0.0,0.002616724608425853,0.911062906724512,0.0,0.0,0.008,5.39,linear_centered_per_block
20261003T082105Z,2026-10-03T08:21:05.237830+00:00,20812aef948eaa8d0f8bc34d3ad2eeddd8c87d07,atlas-47,npu:0,2.7.1+cpu,2.7.1.post10,3.9.9,1232896516994340534,1791015664502287109,1024,1024,1024,bf16,"U(-1,1)",9,10000,256,0.5,320000,159983,159983,0,0,159983,159983,131634,159983,131634,117734,0,0,0,0,0,159983,131634,0,40800017,159983,131634,0,160017,117734,0.8227999224917647,0.8227999224917647,0.7359156910421732,0.894404181290548,,,,,0.8227999224917647,0.8227999224917647,0.0,0.0,0.7359156910421732,0.894404181290548,0.0,0.0,0.008,5.39,linear_centered_per_block
20261003T082105Z,2026-10-03T08:21:05.237830+00:00,20812aef948eaa8d0f8bc34d3ad2eeddd8c87d07,atlas-47,npu:0,2.7.1+cpu,2.7.1.post10,3.9.9,8104977719175861100,1791015664502287109,1024,1024,1024,bf16,"U(-1,1)",10,10000,256,0.5,320000,159784,159784,0,0,159784,159784,136365,159784,136365,136365,0,0,0,0,0,159784,136365,0,40800216,159784,136365,0,160216,136365,0.8534333850698443,0.8534333850698443,0.8534333850698443,1.0,,,,,0.8534333850698443,0.8534333850698443,0.0,0.0,0.8534333850698443,1.0,0.0,0.0,0.008,5.39,linear_centered_per_block
20261003T082105Z,2026-10-03T08:21:05.237830+00:00,20812aef948eaa8d0f8bc34d3ad2eeddd8c87d07,atlas-47,npu:0,2.7.1+cpu,2.7.1.post10,3.9.9,1072231916277420230,1791015664502287109,1024,1024,1024,bf16,"U(-1,1)",11,10000,256,0.5,320000,160629,160629,0,0,160629,160629,136879,160629,136879,136879,0,0,0,0,0,160629,136879,0,40799371,160629,136879,0,159371,136879,0.8521437598441128,0.8521437598441128,0.8521437598441128,1.0,,,,,0.8521437598441128,0.8521437598441128,0.0,0.0,0.8521437598441128,1.0,0.0,0.0,0.008,5.39,linear_centered_per_block
20261003T082105Z,2026-10-03T08:21:05.237830+00:00,20812aef948eaa8d0f8bc34d3ad2eeddd8c87d07,atlas-47,npu:0,2.7.1+cpu,2.7.1.post10,3.9.9,4597407426706484620,1791015664502287109,1024,1024,1024,bf16,"U(-1,1)",12,10000,256,0.5,320000,159777,159777,0,0,159777,159777,136127,159777,136127,136127,0,0,0,0,0,159777,136127,0,40800223,159777,136127,0,160223,136127,0.8519811987958217,0.8519811987958217,0.8519811987958217,1.0,,,,,0.8519811987958217,0.8519811987958217,0.0,0.0,0.8519811987958217,1.0,0.0,0.0,0.008,5.39,linear_centered_per_block
20261003T082105Z,2026-10-03T08:21:05.237830+00:00,20812aef948eaa8d0f8bc34d3ad2eeddd8c87d07,atlas-47,npu:0,2.7.1+cpu,2.7.1.post10,3.9.9,3857923924568134160,1791015664502287109,1024,1024,1024,bf16,"U(-1,1)",13,10000,256,0.5,320000,159931,159931,0,0,159931,159931,136376,159931,136376,136376,0,0,0,0,0,159931,136376,0,40800069,159931,136376,0,160069,136376,0.852717734523013,0.852717734523013,0.852717734523013,1.0,,,,,0.852717734523013,0.852717734523013,0.0,0.0,0.852717734523013,1.0,0.0,0.0,0.008,5.39,linear_centered_per_block
20261003T082105Z,2026-10-03T08:21:05.237830+00:00,20812aef948eaa8d0f8bc34d3ad2eeddd8c87d07,atlas-47,npu:0,2.7.1+cpu,2.7.1.post10,3.9.9,5943851929175129899,1791015664502287109,1024,1024,1024,bf16,"U(-1,1)",14,10000,256,0.5,320000,159867,148215,11652,71,148144,148215,12218,148215,12218,664,11652,11652,11652,11652,11652,159867,23870,0,40800133,159867,23870,0,160133,12316,0.08243430152143845,0.08243430152143845,0.0044799784097426035,0.05434604681617286,1.0,1.0,1.0,1.0,0.14931161528020168,0.14931161528020168,0.0,0.0,0.07703903870092015,0.5159614578969418,0.07288558614348177,0.00044411917406344024,0.008,5.39,linear_centered_per_block
20261003T082105Z,2026-10-03T08:21:05.237830+00:00,20812aef948eaa8d0f8bc34d3ad2eeddd8c87d07,atlas-47,npu:0,2.7.1+cpu,2.7.1.post10,3.9.9,8402756032747216304,1791015664502287109,1024,1024,1024,fp32,"N(1,1)",23,10000,256,0.5,320000,160009,160009,0,0,160009,160009,160009,160009,160009,160009,0,0,0,0,0,160009,160009,0,40799991,160009,160009,0,159991,160009,1.0,1.0,1.0,1.0,,,,,1.0,1.0,0.0,0.0,1.0,1.0,0.0,0.0,1.377e-06,5.39,linear_centered_per_block
20261003T082105Z,2026-10-03T08:21:05.237830+00:00,20812aef948eaa8d0f8bc34d3ad2eeddd8c87d07,atlas-47,npu:0,2.7.1+cpu,2.7.1.post10,3.9.9,3386820137121676613,1791015664502287109,1024,1024,1024,fp32,"N(1,1)",24,10000,256,0.5,320000,159487,159487,0,0,159487,159487,159487,159487,159487,159487,0,0,0,0,0,159487,159487,0,40800513,159487,159487,0,160513,159487,1.0,1.0,1.0,1.0,,,,,1.0,1.0,0.0,0.0,1.0,1.0,0.0,0.0,1.377e-06,5.39,linear_centered_per_block
20261003T082105Z,2026-10-03T08:21:05.237830+00:00,20812aef948eaa8d0f8bc34d3ad2eeddd8c87d07,atlas-47,npu:0,2.7.1+cpu,2.7.1.post10,3.9.9,2659924415686543141,1791015664502287109,1024,1024,1024,fp32,"N(1,1)",25,10000,256,0.5,320000,159707,159707,0,0,159707,159707,159707,159707,159707,159707,0,0,0,0,0,159707,159707,0,40800293,159707,159707,0,160293,159707,1.0,1.0,1.0,1.0,,,,,1.0,1.0,0.0,0.0,1.0,1.0,0.0,0.0,1.377e-06,5.39,linear_centered_per_block
20261003T082105Z,2026-10-03T08:21:05.237830+00:00,20812aef948eaa8d0f8bc34d3ad2eeddd8c87d07,atlas-47,npu:0,2.7.1+cpu,2.7.1.post10,3.9.9,7470900545227412783,1791015664502287109,1024,1024,1024,fp32,"N(1,1)",26,10000,256,0.5,320000,159549,159549,0,0,159549,159549,159549,159549,159549,159549,0,0,0,0,0,159549,159549,0,40800451,159549,159549,0,160451,159549,1.0,1.0,1.0,1.0,,,,,1.0,1.0,0.0,0.0,1.0,1.0,0.0,0.0,1.377e-06,5.39,linear_centered_per_block
20261003T082105Z,2026-10-03T08:21:05.237830+00:00,20812aef948eaa8d0f8bc34d3ad2eeddd8c87d07,atlas-47,npu:0,2.7.1+cpu,2.7.1.post10,3.9.9,261251348737804346,1791015664502287109,1024,1024,1024,fp32,"N(1,1)",27,10000,256,0.5,320000,160804,160804,0,0,160804,160804,160804,160804,160804,160804,0,0,0,0,0,160804,160804,0,40799196,160804,160804,0,159196,160804,1.0,1.0,1.0,1.0,,,,,1.0,1.0,0.0,0.0,1.0,1.0,0.0,0.0,1.377e-06,5.39,linear_centered_per_block
20261003T082105Z,2026-10-03T08:21:05.237830+00:00,20812aef948eaa8d0f8bc34d3ad2eeddd8c87d07,atlas-47,npu:0,2.7.1+cpu,2.7.1.post10,3.9.9,5923119986214331043,1791015664502287109,1024,1024,1024,fp32,"N(1,1)",28,10000,256,0.5,320000,159979,159979,0,0,159979,159979,159979,159979,159979,159979,0,0,0,0,0,159979,159979,0,40800021,159979,159979,0,160021,159979,1.0,1.0,1.0,1.0,,,,,1.0,1.0,0.0,0.0,1.0,1.0,0.0,0.0,1.377e-06,5.39,linear_centered_per_block
20261003T082105Z,2026-10-03T08:21:05.237830+00:00,20812aef948eaa8d0f8bc34d3ad2eeddd8c87d07,atlas-47,npu:0,2.7.1+cpu,2.7.1.post10,3.9.9,9090732526486130785,1791015664502287109,1024,1024,1024,fp32,"N(1,1)",29,10000,256,0.5,320000,159639,159639,0,0,159639,159639,159639,159639,159639,159639,0,0,0,0,0,159639,159639,0,40800361,159639,159639,0,160361,159639,1.0,1.0,1.0,1.0,,,,,1.0,1.0,0.0,0.0,1.0,1.0,0.0,0.0,1.377e-06,5.39,linear_centered_per_block
20261003T082105Z,2026-10-03T08:21:05.237830+00:00,20812aef948eaa8d0f8bc34d3ad2eeddd8c87d07,atlas-47,npu:0,2.7.1+cpu,2.7.1.post10,3.9.9,8560274957001949537,1791015664502287109,1024,1024,1024,fp32,"N(1,1)",30,10000,256,0.5,320000,160239,160239,0,0,160239,160239,160239,160239,160239,160239,0,0,0,0,0,160239,160239,0,40799761,160239,160239,0,159761,160239,1.0,1.0,1.0,1.0,,,,,1.0,1.0,0.0,0.0,1.0,1.0,0.0,0.0,1.377e-06,5.39,linear_centered_per_block
20261003T082105Z,2026-10-03T08:21:05.237830+00:00,20812aef948eaa8d0f8bc34d3ad2eeddd8c87d07,atlas-47,npu:0,2.7.1+cpu,2.7.1.post10,3.9.9,106408861285359402,1791015664502287109,1024,1024,1024,fp32,"N(1e-6,1)",23,10000,256,0.5,320000,160202,160202,0,0,160202,160202,159863,160202,159863,159819,0,0,0,0,0,160202,159863,0,40799798,160202,159863,0,159798,159819,0.9978839215490444,0.9978839215490444,0.9976092682987728,0.9997247643294571,,,,,0.9978839215490444,0.9978839215490444,0.0,0.0,0.9976092682987728,0.9997247643294571,0.0,0.0,1.377e-06,5.39,linear_centered_per_block
20261003T082105Z,2026-10-03T08:21:05.237830+00:00,20812aef948eaa8d0f8bc34d3ad2eeddd8c87d07,atlas-47,npu:0,2.7.1+cpu,2.7.1.post10,3.9.9,4708772934735854353,1791015664502287109,1024,1024,1024,fp32,"N(1e-6,1)",24,10000,256,0.5,320000,160236,160236,0,0,160236,160236,160040,160236,160040,160013,0,0,0,0,0,160236,160040,0,40799764,160236,160040,0,159764,160013,0.9987768042137847,0.9987768042137847,0.9986083027534387,0.9998312921769558,,,,,0.9987768042137847,0.9987768042137847,0.0,0.0,0.9986083027534387,0.9998312921769558,0.0,0.0,1.377e-06,5.39,linear_centered_per_block
20261003T082105Z,2026-10-03T08:21:05.237830+00:00,20812aef948eaa8d0f8bc34d3ad2eeddd8c87d07,atlas-47,npu:0,2.7.1+cpu,2.7.1.post10,3.9.9,6258700829209405977,1791015664502287109,1024,1024,1024,fp32,"N(1e-6,1)",25,10000,256,0.5,320000,160293,160293,0,0,160293,160293,160264,160293,160264,160264,0,0,0,0,0,160293,160264,0,40799707,160293,160264,0,159707,160264,0.9998190813073559,0.9998190813073559,0.9998190813073559,1.0,,,,,0.9998190813073559,0.9998190813073559,0.0,0.0,0.9998190813073559,1.0,0.0,0.0,1.377e-06,5.39,linear_centered_per_block
20261003T082105Z,2026-10-03T08:21:05.237830+00:00,20812aef948eaa8d0f8bc34d3ad2eeddd8c87d07,atlas-47,npu:0,2.7.1+cpu,2.7.1.post10,3.9.9,5699742103976859819,1791015664502287109,1024,1024,1024,fp32,"N(1e-6,1)",26,10000,256,0.5,320000,160492,160492,0,0,160492,160492,160343,160492,160343,160309,0,0,0,0,0,160492,160343,0,40799508,160492,160343,0,159508,160309,0.9990716048151933,0.9990716048151933,0.9988597562495327,0.9997879545723855,,,,,0.9990716048151933,0.9990716048151933,0.0,0.0,0.9988597562495327,0.9997879545723855,0.0,0.0,1.377e-06,5.39,linear_centered_per_block
20261003T082105Z,2026-10-03T08:21:05.237830+00:00,20812aef948eaa8d0f8bc34d3ad2eeddd8c87d07,atlas-47,npu:0,2.7.1+cpu,2.7.1.post10,3.9.9,2330396549135518757,1791015664502287109,1024,1024,1024,fp32,"N(1e-6,1)",27,10000,256,0.5,320000,159870,159870,0,0,159870,159870,159676,159870,159676,159642,0,0,0,0,0,159870,159676,0,40800130,159870,159676,0,160130,159642,0.9987865140426596,0.9987865140426596,0.9985738412460123,0.9997870688143491,,,,,0.9987865140426596,0.9987865140426596,0.0,0.0,0.9985738412460123,0.9997870688143491,0.0,0.0,1.377e-06,5.39,linear_centered_per_block
20261003T082105Z,2026-10-03T08:21:05.237830+00:00,20812aef948eaa8d0f8bc34d3ad2eeddd8c87d07,atlas-47,npu:0,2.7.1+cpu,2.7.1.post10,3.9.9,7618189134402384244,1791015664502287109,1024,1024,1024,fp32,"N(1e-6,1)",28,10000,256,0.5,320000,159711,159711,0,0,159711,159711,159509,159711,159509,159474,0,0,0,0,0,159711,159509,0,40800289,159711,159509,0,160289,159474,0.9987352154829661,0.9987352154829661,0.9985160696508067,0.9997805766445781,,,,,0.9987352154829661,0.9987352154829661,0.0,0.0,0.9985160696508067,0.9997805766445781,0.0,0.0,1.377e-06,5.39,linear_centered_per_block
20261003T082105Z,2026-10-03T08:21:05.237830+00:00,20812aef948eaa8d0f8bc34d3ad2eeddd8c87d07,atlas-47,npu:0,2.7.1+cpu,2.7.1.post10,3.9.9,83655861673965128,1791015664502287109,1024,1024,1024,fp32,"N(1e-6,1)",29,10000,256,0.5,320000,159967,159967,0,0,159967,159967,159782,159967,159782,159756,0,0,0,0,0,159967,159782,0,40800033,159967,159782,0,160033,159756,0.9988435114742416,0.9988435114742416,0.9986809779517025,0.9998372782916723,,,,,0.9988435114742416,0.9988435114742416,0.0,0.0,0.9986809779517025,0.9998372782916723,0.0,0.0,1.377e-06,5.39,linear_centered_per_block
20261003T082105Z,2026-10-03T08:21:05.237830+00:00,20812aef948eaa8d0f8bc34d3ad2eeddd8c87d07,atlas-47,npu:0,2.7.1+cpu,2.7.1.post10,3.9.9,854097874398672889,1791015664502287109,1024,1024,1024,fp32,"N(1e-6,1)",30,10000,256,0.5,320000,159913,155859,4054,0,155859,155859,155859,155859,155859,152003,4054,4054,4054,4054,4054,159913,159913,0,40800087,159913,159913,0,160087,156057,1.0,1.0,0.9752596898478754,0.9752596898478754,1.0,1.0,1.0,1.0,1.0,1.0,0.0,0.0,0.9758868884956194,0.9758868884956194,0.025351284761088843,0.0,1.377e-06,5.39,linear_centered_per_block
20261003T082105Z,2026-10-03T08:21:05.237830+00:00,20812aef948eaa8d0f8bc34d3ad2eeddd8c87d07,atlas-47,npu:0,2.7.1+cpu,2.7.1.post10,3.9.9,1458164848979368977,1791015664502287109,1024,1024,1024,fp32,TruncN,23,10000,256,0.5,320000,159564,159564,0,0,159564,159564,159564,159564,159564,159564,0,0,0,0,0,159564,159564,0,40800436,159564,159564,0,160436,159564,1.0,1.0,1.0,1.0,,,,,1.0,1.0,0.0,0.0,1.0,1.0,0.0,0.0,1.377e-06,5.39,linear_centered_per_block
20261003T082105Z,2026-10-03T08:21:05.237830+00:00,20812aef948eaa8d0f8bc34d3ad2eeddd8c87d07,atlas-47,npu:0,2.7.1+cpu,2.7.1.post10,3.9.9,5502049225364807422,1791015664502287109,1024,1024,1024,fp32,TruncN,24,10000,256,0.5,320000,159612,159612,0,0,159612,159612,159612,159612,159612,159612,0,0,0,0,0,159612,159612,0,40800388,159612,159612,0,160388,159612,1.0,1.0,1.0,1.0,,,,,1.0,1.0,0.0,0.0,1.0,1.0,0.0,0.0,1.377e-06,5.39,linear_centered_per_block
20261003T082105Z,2026-10-03T08:21:05.237830+00:00,20812aef948eaa8d0f8bc34d3ad2eeddd8c87d07,atlas-47,npu:0,2.7.1+cpu,2.7.1.post10,3.9.9,653977415841133526,1791015664502287109,1024,1024,1024,fp32,TruncN,25,10000,256,0.5,320000,159818,159818,0,0,159818,159818,159818,159818,159818,159818,0,0,0,0,0,159818,159818,0,40800182,159818,159818,0,160182,159818,1.0,1.0,1.0,1.0,,,,,1.0,1.0,0.0,0.0,1.0,1.0,0.0,0.0,1.377e-06,5.39,linear_centered_per_block
20261003T082105Z,2026-10-03T08:21:05.237830+00:00,20812aef948eaa8d0f8bc34d3ad2eeddd8c87d07,atlas-47,npu:0,2.7.1+cpu,2.7.1.post10,3.9.9,5656788379122158076,1791015664502287109,1024,1024,1024,fp32,TruncN,26,10000,256,0.5,320000,160864,160864,0,0,160864,160864,160864,160864,160864,160864,0,0,0,0,0,160864,160864,0,40799136,160864,160864,0,159136,160864,1.0,1.0,1.0,1.0,,,,,1.0,1.0,0.0,0.0,1.0,1.0,0.0,0.0,1.377e-06,5.39,linear_centered_per_block
20261003T082105Z,2026-10-03T08:21:05.237830+00:00,20812aef948eaa8d0f8bc34d3ad2eeddd8c87d07,atlas-47,npu:0,2.7.1+cpu,2.7.1.post10,3.9.9,842418249196452179,1791015664502287109,1024,1024,1024,fp32,TruncN,27,10000,256,0.5,320000,160104,160104,0,0,160104,160104,160104,160104,160104,160104,0,0,0,0,0,160104,160104,0,40799896,160104,160104,0,159896,160104,1.0,1.0,1.0,1.0,,,,,1.0,1.0,0.0,0.0,1.0,1.0,0.0,0.0,1.377e-06,5.39,linear_centered_per_block
20261003T082105Z,2026-10-03T08:21:05.237830+00:00,20812aef948eaa8d0f8bc34d3ad2eeddd8c87d07,atlas-47,npu:0,2.7.1+cpu,2.7.1.post10,3.9.9,3858536986622639800,1791015664502287109,1024,1024,1024,fp32,TruncN,28,10000,256,0.5,320000,160159,160159,0,0,160159,160159,160159,160159,160159,160159,0,0,0,0,0,160159,160159,0,40799841,160159,160159,0,159841,160159,1.0,1.0,1.0,1.0,,,,,1.0,1.0,0.0,0.0,1.0,1.0,0.0,0.0,1.377e-06,5.39,linear_centered_per_block
20261003T082105Z,2026-10-03T08:21:05.237830+00:00,20812aef948eaa8d0f8bc34d3ad2eeddd8c87d07,atlas-47,npu:0,2.7.1+cpu,2.7.1.post10,3.9.9,8173889613649357054,1791015664502287109,1024,1024,1024,fp32,TruncN,29,10000,256,0.5,320000,159999,159999,0,0,159999,159999,159999,159999,159999,159999,0,0,0,0,0,159999,159999,0,40800001,159999,159999,0,160001,159999,1.0,1.0,1.0,1.0,,,,,1.0,1.0,0.0,0.0,1.0,1.0,0.0,0.0,1.377e-06,5.39,linear_centered_per_block
20261003T082105Z,2026-10-03T08:21:05.237830+00:00,20812aef948eaa8d0f8bc34d3ad2eeddd8c87d07,atlas-47,npu:0,2.7.1+cpu,2.7.1.post10,3.9.9,2072573274823104638,1791015664502287109,1024,1024,1024,fp32,TruncN,30,10000,256,0.5,320000,159568,159568,0,0,159568,159568,159568,159568,159568,159568,0,0,0,0,0,159568,159568,0,40800432,159568,159568,0,160432,159568,1.0,1.0,1.0,1.0,,,,,1.0,1.0,0.0,0.0,1.0,1.0,0.0,0.0,1.377e-06,5.39,linear_centered_per_block
20261003T082105Z,2026-10-03T08:21:05.237830+00:00,20812aef948eaa8d0f8bc34d3ad2eeddd8c87d07,atlas-47,npu:0,2.7.1+cpu,2.7.1.post10,3.9.9,4857804030899545438,1791015664502287109,1024,1024,1024,fp32,"U(-1,1)",23,10000,256,0.5,320000,160099,160099,0,0,160099,160099,160004,160099,160004,159881,0,0,0,0,0,160099,160004,0,40799901,160099,160004,0,159901,159881,0.999406617155635,0.999406617155635,0.9986383425255623,0.9992312692182695,,,,,0.999406617155635,0.999406617155635,0.0,0.0,0.9986383425255623,0.9992312692182695,0.0,0.0,1.377e-06,5.39,linear_centered_per_block
20261003T082105Z,2026-10-03T08:21:05.237830+00:00,20812aef948eaa8d0f8bc34d3ad2eeddd8c87d07,atlas-47,npu:0,2.7.1+cpu,2.7.1.post10,3.9.9,8734565284252083356,1791015664502287109,1024,1024,1024,fp32,"U(-1,1)",24,10000,256,0.5,320000,159455,159455,0,0,159455,159455,159342,159455,159342,159325,0,0,0,0,0,159455,159342,0,40800545,159455,159342,0,160545,159325,0.9992913361136371,0.9992913361136371,0.9991847229625913,0.9998933112424847,,,,,0.9992913361136371,0.9992913361136371,0.0,0.0,0.9991847229625913,0.9998933112424847,0.0,0.0,1.377e-06,5.39,linear_centered_per_block
20261003T082105Z,2026-10-03T08:21:05.237830+00:00,20812aef948eaa8d0f8bc34d3ad2eeddd8c87d07,atlas-47,npu:0,2.7.1+cpu,2.7.1.post10,3.9.9,2730643696414134426,1791015664502287109,1024,1024,1024,fp32,"U(-1,1)",25,10000,256,0.5,320000,159770,159770,0,0,159770,159770,159690,159770,159690,159680,0,0,0,0,0,159770,159690,0,40800230,159770,159690,0,160230,159680,0.9994992802153095,0.9994992802153095,0.9994366902422231,0.9999373786711754,,,,,0.9994992802153095,0.9994992802153095,0.0,0.0,0.9994366902422231,0.9999373786711754,0.0,0.0,1.377e-06,5.39,linear_centered_per_block
20261003T082105Z,2026-10-03T08:21:05.237830+00:00,20812aef948eaa8d0f8bc34d3ad2eeddd8c87d07,atlas-47,npu:0,2.7.1+cpu,2.7.1.post10,3.9.9,4597031660502968089,1791015664502287109,1024,1024,1024,fp32,"U(-1,1)",26,10000,256,0.5,320000,159799,159799,0,0,159799,159799,159799,159799,159799,159723,0,0,0,0,0,159799,159799,0,40800201,159799,159799,0,160201,159723,1.0,1.0,0.9995244025306792,0.9995244025306792,,,,,1.0,1.0,0.0,0.0,0.9995244025306792,0.9995244025306792,0.0,0.0,1.377e-06,5.39,linear_centered_per_block
20261003T082105Z,2026-10-03T08:21:05.237830+00:00,20812aef948eaa8d0f8bc34d3ad2eeddd8c87d07,atlas-47,npu:0,2.7.1+cpu,2.7.1.post10,3.9.9,8481218534469534505,1791015664502287109,1024,1024,1024,fp32,"U(-1,1)",27,10000,256,0.5,320000,159999,159999,0,0,159999,159999,159940,159999,159940,159858,0,0,0,0,0,159999,159940,0,40800001,159999,159940,0,160001,159858,0.9996312476952981,0.9996312476952981,0.9991187444921531,0.9994873077404026,,,,,0.9996312476952981,0.9996312476952981,0.0,0.0,0.9991187444921531,0.9994873077404026,0.0,0.0,1.377e-06,5.39,linear_centered_per_block
20261003T082105Z,2026-10-03T08:21:05.237830+00:00,20812aef948eaa8d0f8bc34d3ad2eeddd8c87d07,atlas-47,npu:0,2.7.1+cpu,2.7.1.post10,3.9.9,6085965451330938744,1791015664502287109,1024,1024,1024,fp32,"U(-1,1)",28,10000,256,0.5,320000,159785,159785,0,0,159785,159785,159708,159785,159708,159621,0,0,0,0,0,159785,159708,0,40800215,159785,159708,0,160215,159621,0.9995181024501674,0.9995181024501674,0.9989736208029539,0.9994552558419115,,,,,0.9995181024501674,0.9995181024501674,0.0,0.0,0.9989736208029539,0.9994552558419115,0.0,0.0,1.377e-06,5.39,linear_centered_per_block
20261003T082105Z,2026-10-03T08:21:05.237830+00:00,20812aef948eaa8d0f8bc34d3ad2eeddd8c87d07,atlas-47,npu:0,2.7.1+cpu,2.7.1.post10,3.9.9,6516732572541063466,1791015664502287109,1024,1024,1024,fp32,"U(-1,1)",29,10000,256,0.5,320000,159879,159879,0,0,159879,159879,159817,159879,159817,159703,0,0,0,0,0,159879,159817,0,40800121,159879,159817,0,160121,159703,0.9996122067313405,0.9996122067313405,0.9988991674954184,0.9992866841449908,,,,,0.9996122067313405,0.9996122067313405,0.0,0.0,0.9988991674954184,0.9992866841449908,0.0,0.0,1.377e-06,5.39,linear_centered_per_block
20261003T082105Z,2026-10-03T08:21:05.237830+00:00,20812aef948eaa8d0f8bc34d3ad2eeddd8c87d07,atlas-47,npu:0,2.7.1+cpu,2.7.1.post10,3.9.9,4098512086549599272,1791015664502287109,1024,1024,1024,fp32,"U(-1,1)",30,10000,256,0.5,320000,160204,148274,11930,0,148274,148274,148274,148274,148274,136956,11930,11930,11930,11930,11930,160204,160204,0,40799796,160204,160204,0,159796,148886,1.0,1.0,0.9236683437419911,0.9236683437419911,1.0,1.0,1.0,1.0,1.0,1.0,0.0,0.0,0.9293525754662805,0.9293525754662805,0.07446755386881726,0.0,1.377e-06,5.39,linear_centered_per_block
20261003T082105Z,2026-10-03T08:21:05.237830+00:00,20812aef948eaa8d0f8bc34d3ad2eeddd8c87d07,atlas-47,npu:0,2.7.1+cpu,2.7.1.post10,3.9.9,8920033547317313487,1791015664502287109,1024,1024,2048,bf16,"N(1,1)",7,10000,256,0.5,320000,160344,160344,0,0,160344,160344,0,160344,0,0,0,0,0,0,0,160344,0,0,40799656,160344,0,0,159656,0,0.0,0.0,0.0,,,,,,0.0,0.0,0.0,0.0,0.0,,0.0,0.0,0.008,5.39,linear_centered_per_block
20261003T082105Z,2026-10-03T08:21:05.237830+00:00,20812aef948eaa8d0f8bc34d3ad2eeddd8c87d07,atlas-47,npu:0,2.7.1+cpu,2.7.1.post10,3.9.9,4090006483907939732,1791015664502287109,1024,1024,2048,bf16,"N(1,1)",8,10000,256,0.5,320000,159851,159851,0,0,159851,159851,9904,159851,9904,4555,0,0,0,0,0,159851,9904,0,40800149,159851,9904,0,160149,4555,0.06195769810636155,0.06195769810636155,0.02849528623530663,0.4599151857835218,,,,,0.06195769810636155,0.06195769810636155,0.0,0.0,0.02849528623530663,0.4599151857835218,0.0,0.0,0.008,5.39,linear_centered_per_block
20261003T082105Z,2026-10-03T08:21:05.237830+00:00,20812aef948eaa8d0f8bc34d3ad2eeddd8c87d07,atlas-47,npu:0,2.7.1+cpu,2.7.1.post10,3.9.9,3891721214475282338,1791015664502287109,1024,1024,2048,bf16,"N(1,1)",9,10000,256,0.5,320000,159761,159761,0,0,159761,159761,159761,159761,159761,156704,0,0,0,0,0,159761,159761,0,40800239,159761,159761,0,160239,156704,1.0,1.0,0.9808651673437196,0.9808651673437196,,,,,1.0,1.0,0.0,0.0,0.9808651673437196,0.9808651673437196,0.0,0.0,0.008,5.39,linear_centered_per_block
20261003T082105Z,2026-10-03T08:21:05.237830+00:00,20812aef948eaa8d0f8bc34d3ad2eeddd8c87d07,atlas-47,npu:0,2.7.1+cpu,2.7.1.post10,3.9.9,7363201488693721183,1791015664502287109,1024,1024,2048,bf16,"N(1,1)",10,10000,256,0.5,320000,160200,160200,0,0,160200,160200,0,160200,0,0,0,0,0,0,0,160200,0,0,40799800,160200,0,0,159800,0,0.0,0.0,0.0,,,,,,0.0,0.0,0.0,0.0,0.0,,0.0,0.0,0.008,5.39,linear_centered_per_block
20261003T082105Z,2026-10-03T08:21:05.237830+00:00,20812aef948eaa8d0f8bc34d3ad2eeddd8c87d07,atlas-47,npu:0,2.7.1+cpu,2.7.1.post10,3.9.9,1519325994849817084,1791015664502287109,1024,1024,2048,bf16,"N(1,1)",11,10000,256,0.5,320000,160214,160214,0,0,160214,160214,160214,160214,160214,160214,0,0,0,0,0,160214,160214,0,40799786,160214,160214,0,159786,160214,1.0,1.0,1.0,1.0,,,,,1.0,1.0,0.0,0.0,1.0,1.0,0.0,0.0,0.008,5.39,linear_centered_per_block
20261003T082105Z,2026-10-03T08:21:05.237830+00:00,20812aef948eaa8d0f8bc34d3ad2eeddd8c87d07,atlas-47,npu:0,2.7.1+cpu,2.7.1.post10,3.9.9,2536461057694788170,1791015664502287109,1024,1024,2048,bf16,"N(1,1)",12,10000,256,0.5,320000,160659,160659,0,0,160659,160659,160659,160659,160659,160659,0,0,0,0,0,160659,160659,0,40799341,160659,160659,0,159341,160659,1.0,1.0,1.0,1.0,,,,,1.0,1.0,0.0,0.0,1.0,1.0,0.0,0.0,0.008,5.39,linear_centered_per_block
20261003T082105Z,2026-10-03T08:21:05.237830+00:00,20812aef948eaa8d0f8bc34d3ad2eeddd8c87d07,atlas-47,npu:0,2.7.1+cpu,2.7.1.post10,3.9.9,3807486885772430544,1791015664502287109,1024,1024,2048,bf16,"N(1,1)",13,10000,256,0.5,320000,160218,160218,0,0,160218,160218,160218,160218,160218,160218,0,0,0,0,0,160218,160218,0,40799782,160218,160218,0,159782,160218,1.0,1.0,1.0,1.0,,,,,1.0,1.0,0.0,0.0,1.0,1.0,0.0,0.0,0.008,5.39,linear_centered_per_block
20261003T082105Z,2026-10-03T08:21:05.237830+00:00,20812aef948eaa8d0f8bc34d3ad2eeddd8c87d07,atlas-47,npu:0,2.7.1+cpu,2.7.1.post10,3.9.9,3457456943445397565,1791015664502287109,1024,1024,2048,bf16,"N(1,1)",14,10000,256,0.5,320000,160181,160181,0,0,160181,160181,0,160181,0,0,0,0,0,0,0,160181,0,0,40799819,160181,0,0,159819,0,0.0,0.0,0.0,,,,,,0.0,0.0,0.0,0.0,0.0,,0.0,0.0,0.008,5.39,linear_centered_per_block
20261003T082105Z,2026-10-03T08:21:05.237830+00:00,20812aef948eaa8d0f8bc34d3ad2eeddd8c87d07,atlas-47,npu:0,2.7.1+cpu,2.7.1.post10,3.9.9,1005321771355088244,1791015664502287109,1024,1024,2048,bf16,"N(1e-6,1)",7,10000,256,0.5,320000,160429,160429,0,0,160429,160429,0,160429,0,0,0,0,0,0,0,160429,0,0,40799571,160429,0,0,159571,0,0.0,0.0,0.0,,,,,,0.0,0.0,0.0,0.0,0.0,,0.0,0.0,0.008,5.39,linear_centered_per_block
20261003T082105Z,2026-10-03T08:21:05.237830+00:00,20812aef948eaa8d0f8bc34d3ad2eeddd8c87d07,atlas-47,npu:0,2.7.1+cpu,2.7.1.post10,3.9.9,4811648848653082120,1791015664502287109,1024,1024,2048,bf16,"N(1e-6,1)",8,10000,256,0.5,320000,159880,159880,0,0,159880,159880,33,159880,33,28,0,0,0,0,0,159880,33,0,40800120,159880,33,0,160120,28,0.00020640480360270203,0.00020640480360270203,0.00017513134851138354,0.8484848484848485,,,,,0.00020640480360270203,0.00020640480360270203,0.0,0.0,0.00017513134851138354,0.8484848484848485,0.0,0.0,0.008,5.39,linear_centered_per_block
20261003T082105Z,2026-10-03T08:21:05.237830+00:00,20812aef948eaa8d0f8bc34d3ad2eeddd8c87d07,atlas-47,npu:0,2.7.1+cpu,2.7.1.post10,3.9.9,5222556600420178468,1791015664502287109,1024,1024,2048,bf16,"N(1e-6,1)",9,10000,256,0.5,320000,160000,160000,0,0,160000,160000,9932,160000,9932,9135,0,0,0,0,0,160000,9932,0,40800000,160000,9932,0,160000,9135,0.062075,0.062075,0.05709375,0.9197543294401933,,,,,0.062075,0.062075,0.0,0.0,0.05709375,0.9197543294401933,0.0,0.0,0.008,5.39,linear_centered_per_block
20261003T082105Z,2026-10-03T08:21:05.237830+00:00,20812aef948eaa8d0f8bc34d3ad2eeddd8c87d07,atlas-47,npu:0,2.7.1+cpu,2.7.1.post10,3.9.9,2070731109187955733,1791015664502287109,1024,1024,2048,bf16,"N(1e-6,1)",10,10000,256,0.5,320000,159872,159872,0,0,159872,159872,154201,159872,154201,154132,0,0,0,0,0,159872,154201,0,40800128,159872,154201,0,160128,154132,0.9645278722978383,0.9645278722978383,0.9640962770216173,0.9995525320847465,,,,,0.9645278722978383,0.9645278722978383,0.0,0.0,0.9640962770216173,0.9995525320847465,0.0,0.0,0.008,5.39,linear_centered_per_block
20261003T082105Z,2026-10-03T08:21:05.237830+00:00,20812aef948eaa8d0f8bc34d3ad2eeddd8c87d07,atlas-47,npu:0,2.7.1+cpu,2.7.1.post10,3.9.9,1667318349796316597,1791015664502287109,1024,1024,2048,bf16,"N(1e-6,1)",11,10000,256,0.5,320000,160243,160243,0,0,160243,160243,154593,160243,154593,154593,0,0,0,0,0,160243,154593,0,40799757,160243,154593,0,159757,154593,0.9647410495310248,0.9647410495310248,0.9647410495310248,1.0,,,,,0.9647410495310248,0.9647410495310248,0.0,0.0,0.9647410495310248,1.0,0.0,0.0,0.008,5.39,linear_centered_per_block
20261003T082105Z,2026-10-03T08:21:05.237830+00:00,20812aef948eaa8d0f8bc34d3ad2eeddd8c87d07,atlas-47,npu:0,2.7.1+cpu,2.7.1.post10,3.9.9,8296453034904752108,1791015664502287109,1024,1024,2048,bf16,"N(1e-6,1)",12,10000,256,0.5,320000,160425,160425,0,0,160425,160425,154781,160425,154781,154781,0,0,0,0,0,160425,154781,0,40799575,160425,154781,0,159575,154781,0.964818450989559,0.964818450989559,0.964818450989559,1.0,,,,,0.964818450989559,0.964818450989559,0.0,0.0,0.964818450989559,1.0,0.0,0.0,0.008,5.39,linear_centered_per_block
20261003T082105Z,2026-10-03T08:21:05.237830+00:00,20812aef948eaa8d0f8bc34d3ad2eeddd8c87d07,atlas-47,npu:0,2.7.1+cpu,2.7.1.post10,3.9.9,6075479641101074808,1791015664502287109,1024,1024,2048,bf16,"N(1e-6,1)",13,10000,256,0.5,320000,160483,160483,0,0,160483,160483,154854,160483,154854,154854,0,0,0,0,0,160483,154854,0,40799517,160483,154854,0,159517,154854,0.9649246337618315,0.9649246337618315,0.9649246337618315,1.0,,,,,0.9649246337618315,0.9649246337618315,0.0,0.0,0.9649246337618315,1.0,0.0,0.0,0.008,5.39,linear_centered_per_block
20261003T082105Z,2026-10-03T08:21:05.237830+00:00,20812aef948eaa8d0f8bc34d3ad2eeddd8c87d07,atlas-47,npu:0,2.7.1+cpu,2.7.1.post10,3.9.9,5988045187969951442,1791015664502287109,1024,1024,2048,bf16,"N(1e-6,1)",14,10000,256,0.5,320000,160230,157559,2671,17,157542,157559,2843,157559,2843,130,2671,2671,2671,2671,2671,160230,5514,0,40799770,160230,5514,0,159770,2801,0.018044034298262873,0.018044034298262873,0.0008250877449082566,0.0457263454097784,1.0,1.0,1.0,1.0,0.03441303126755289,0.03441303126755289,0.0,0.0,0.017481120888722463,0.5079796880667392,0.016669787180927417,0.00010609748486550583,0.008,5.39,linear_centered_per_block
20261003T082105Z,2026-10-03T08:21:05.237830+00:00,20812aef948eaa8d0f8bc34d3ad2eeddd8c87d07,atlas-47,npu:0,2.7.1+cpu,2.7.1.post10,3.9.9,8349437360731067112,1791015664502287109,1024,1024,2048,bf16,TruncN,7,10000,256,0.5,320000,160196,160196,0,0,160196,160196,0,160196,0,0,0,0,0,0,0,160196,0,0,40799804,160196,0,0,159804,0,0.0,0.0,0.0,,,,,,0.0,0.0,0.0,0.0,0.0,,0.0,0.0,0.008,5.39,linear_centered_per_block
20261003T082105Z,2026-10-03T08:21:05.237830+00:00,20812aef948eaa8d0f8bc34d3ad2eeddd8c87d07,atlas-47,npu:0,2.7.1+cpu,2.7.1.post10,3.9.9,6419964843397013290,1791015664502287109,1024,1024,2048,bf16,TruncN,8,10000,256,0.5,320000,160079,160079,0,0,160079,160079,75315,160079,75315,33455,0,0,0,0,0,160079,75315,0,40799921,160079,75315,0,159921,33455,0.4704864473166374,0.4704864473166374,0.2089905609105504,0.4442010223727013,,,,,0.4704864473166374,0.4704864473166374,0.0,0.0,0.2089905609105504,0.4442010223727013,0.0,0.0,0.008,5.39,linear_centered_per_block
20261003T082105Z,2026-10-03T08:21:05.237830+00:00,20812aef948eaa8d0f8bc34d3ad2eeddd8c87d07,atlas-47,npu:0,2.7.1+cpu,2.7.1.post10,3.9.9,8985816123969269651,1791015664502287109,1024,1024,2048,bf16,TruncN,9,10000,256,0.5,320000,160127,160127,0,0,160127,160127,160127,160127,160127,156741,0,0,0,0,0,160127,160127,0,40799873,160127,160127,0,159873,156741,1.0,1.0,0.9788542844117482,0.9788542844117482,,,,,1.0,1.0,0.0,0.0,0.9788542844117482,0.9788542844117482,0.0,0.0,0.008,5.39,linear_centered_per_block
20261003T082105Z,2026-10-03T08:21:05.237830+00:00,20812aef948eaa8d0f8bc34d3ad2eeddd8c87d07,atlas-47,npu:0,2.7.1+cpu,2.7.1.post10,3.9.9,2946468376366150896,1791015664502287109,1024,1024,2048,bf16,TruncN,10,10000,256,0.5,320000,159974,159974,0,0,159974,159974,0,159974,0,0,0,0,0,0,0,159974,0,0,40800026,159974,0,0,160026,0,0.0,0.0,0.0,,,,,,0.0,0.0,0.0,0.0,0.0,,0.0,0.0,0.008,5.39,linear_centered_per_block
20261003T082105Z,2026-10-03T08:21:05.237830+00:00,20812aef948eaa8d0f8bc34d3ad2eeddd8c87d07,atlas-47,npu:0,2.7.1+cpu,2.7.1.post10,3.9.9,1905573669242398192,1791015664502287109,1024,1024,2048,bf16,TruncN,11,10000,256,0.5,320000,160077,160077,0,0,160077,160077,160077,160077,160077,160077,0,0,0,0,0,160077,160077,0,40799923,160077,160077,0,159923,160077,1.0,1.0,1.0,1.0,,,,,1.0,1.0,0.0,0.0,1.0,1.0,0.0,0.0,0.008,5.39,linear_centered_per_block
20261003T082105Z,2026-10-03T08:21:05.237830+00:00,20812aef948eaa8d0f8bc34d3ad2eeddd8c87d07,atlas-47,npu:0,2.7.1+cpu,2.7.1.post10,3.9.9,4645527003251338712,1791015664502287109,1024,1024,2048,bf16,TruncN,12,10000,256,0.5,320000,159983,159983,0,0,159983,159983,159983,159983,159983,159983,0,0,0,0,0,159983,159983,0,40800017,159983,159983,0,160017,159983,1.0,1.0,1.0,1.0,,,,,1.0,1.0,0.0,0.0,1.0,1.0,0.0,0.0,0.008,5.39,linear_centered_per_block
20261003T082105Z,2026-10-03T08:21:05.237830+00:00,20812aef948eaa8d0f8bc34d3ad2eeddd8c87d07,atlas-47,npu:0,2.7.1+cpu,2.7.1.post10,3.9.9,6878751890515220319,1791015664502287109,1024,1024,2048,bf16,TruncN,13,10000,256,0.5,320000,159655,159655,0,0,159655,159655,159655,159655,159655,159655,0,0,0,0,0,159655,159655,0,40800345,159655,159655,0,160345,159655,1.0,1.0,1.0,1.0,,,,,1.0,1.0,0.0,0.0,1.0,1.0,0.0,0.0,0.008,5.39,linear_centered_per_block
20261003T082105Z,2026-10-03T08:21:05.237830+00:00,20812aef948eaa8d0f8bc34d3ad2eeddd8c87d07,atlas-47,npu:0,2.7.1+cpu,2.7.1.post10,3.9.9,8175103119341278831,1791015664502287109,1024,1024,2048,bf16,TruncN,14,10000,256,0.5,320000,159671,159671,0,0,159671,159671,0,159671,0,0,0,0,0,0,0,159671,0,0,40800329,159671,0,0,160329,0,0.0,0.0,0.0,,,,,,0.0,0.0,0.0,0.0,0.0,,0.0,0.0,0.008,5.39,linear_centered_per_block
20261003T082105Z,2026-10-03T08:21:05.237830+00:00,20812aef948eaa8d0f8bc34d3ad2eeddd8c87d07,atlas-47,npu:0,2.7.1+cpu,2.7.1.post10,3.9.9,7490492132115569957,1791015664502287109,1024,1024,2048,bf16,"U(-1,1)",7,10000,256,0.5,320000,160243,160243,0,0,160243,160243,154,160243,154,80,0,0,0,0,0,160243,154,0,40799757,160243,154,0,159757,80,0.0009610404198623341,0.0009610404198623341,0.0004992417765518619,0.5194805194805194,,,,,0.0009610404198623341,0.0009610404198623341,0.0,0.0,0.0004992417765518619,0.5194805194805194,0.0,0.0,0.008,5.39,linear_centered_per_block
20261003T082105Z,2026-10-03T08:21:05.237830+00:00,20812aef948eaa8d0f8bc34d3ad2eeddd8c87d07,atlas-47,npu:0,2.7.1+cpu,2.7.1.post10,3.9.9,7956928177350020023,1791015664502287109,1024,1024,2048,bf16,"U(-1,1)",8,10000,256,0.5,320000,160256,160256,0,0,160256,160256,5646,160256,5646,4674,0,0,0,0,0,160256,5646,0,40799744,160256,5646,0,159744,4674,0.03523113019169329,0.03523113019169329,0.02916583466453674,0.8278427205100957,,,,,0.03523113019169329,0.03523113019169329,0.0,0.0,0.02916583466453674,0.8278427205100957,0.0,0.0,0.008,5.39,linear_centered_per_block
20261003T082105Z,2026-10-03T08:21:05.237830+00:00,20812aef948eaa8d0f8bc34d3ad2eeddd8c87d07,atlas-47,npu:0,2.7.1+cpu,2.7.1.post10,3.9.9,2589150350033533393,1791015664502287109,1024,1024,2048,bf16,"U(-1,1)",9,10000,256,0.5,320000,159993,159993,0,0,159993,159993,126230,159993,126230,112380,0,0,0,0,0,159993,126230,0,40800007,159993,126230,0,160007,112380,0.7889720175257667,0.7889720175257667,0.7024057302506985,0.8902796482611107,,,,,0.7889720175257667,0.7889720175257667,0.0,0.0,0.7024057302506985,0.8902796482611107,0.0,0.0,0.008,5.39,linear_centered_per_block
20261003T082105Z,2026-10-03T08:21:05.237830+00:00,20812aef948eaa8d0f8bc34d3ad2eeddd8c87d07,atlas-47,npu:0,2.7.1+cpu,2.7.1.post10,3.9.9,3205822475072779016,1791015664502287109,1024,1024,2048,bf16,"U(-1,1)",10,10000,256,0.5,320000,159526,159526,0,0,159526,159526,142703,159526,142703,142703,0,0,0,0,0,159526,142703,0,40800474,159526,142703,0,160474,142703,0.8945438361144892,0.8945438361144892,0.8945438361144892,1.0,,,,,0.8945438361144892,0.8945438361144892,0.0,0.0,0.8945438361144892,1.0,0.0,0.0,0.008,5.39,linear_centered_per_block
20261003T082105Z,2026-10-03T08:21:05.237830+00:00,20812aef948eaa8d0f8bc34d3ad2eeddd8c87d07,atlas-47,npu:0,2.7.1+cpu,2.7.1.post10,3.9.9,5766288561261393930,1791015664502287109,1024,1024,2048,bf16,"U(-1,1)",11,10000,256,0.5,320000,159907,159907,0,0,159907,159907,143173,159907,143173,143173,0,0,0,0,0,159907,143173,0,40800093,159907,143173,0,160093,143173,0.8953516731600243,0.8953516731600243,0.8953516731600243,1.0,,,,,0.8953516731600243,0.8953516731600243,0.0,0.0,0.8953516731600243,1.0,0.0,0.0,0.008,5.39,linear_centered_per_block
20261003T082105Z,2026-10-03T08:21:05.237830+00:00,20812aef948eaa8d0f8bc34d3ad2eeddd8c87d07,atlas-47,npu:0,2.7.1+cpu,2.7.1.post10,3.9.9,5685653173533100119,1791015664502287109,1024,1024,2048,bf16,"U(-1,1)",12,10000,256,0.5,320000,160399,160399,0,0,160399,160399,143320,160399,143320,143320,0,0,0,0,0,160399,143320,0,40799601,160399,143320,0,159601,143320,0.8935217800609729,0.8935217800609729,0.8935217800609729,1.0,,,,,0.8935217800609729,0.8935217800609729,0.0,0.0,0.8935217800609729,1.0,0.0,0.0,0.008,5.39,linear_centered_per_block
20261003T082105Z,2026-10-03T08:21:05.237830+00:00,20812aef948eaa8d0f8bc34d3ad2eeddd8c87d07,atlas-47,npu:0,2.7.1+cpu,2.7.1.post10,3.9.9,4096895553878360391,1791015664502287109,1024,1024,2048,bf16,"U(-1,1)",13,10000,256,0.5,320000,159736,159736,0,0,159736,159736,142944,159736,142944,142944,0,0,0,0,0,159736,142944,0,40800264,159736,142944,0,160264,142944,0.8948765463013973,0.8948765463013973,0.8948765463013973,1.0,,,,,0.8948765463013973,0.8948765463013973,0.0,0.0,0.8948765463013973,1.0,0.0,0.0,0.008,5.39,linear_centered_per_block
20261003T082105Z,2026-10-03T08:21:05.237830+00:00,20812aef948eaa8d0f8bc34d3ad2eeddd8c87d07,atlas-47,npu:0,2.7.1+cpu,2.7.1.post10,3.9.9,5004909630079558608,1791015664502287109,1024,1024,2048,bf16,"U(-1,1)",14,10000,256,0.5,320000,159798,151497,8301,56,151441,151497,8536,151497,8536,440,8301,8301,8301,8301,8301,159798,16837,0,40800202,159798,16837,0,160202,8741,0.056344350053136365,0.056344350053136365,0.0029043479408833177,0.05154639175257732,1.0,1.0,1.0,1.0,0.1053642723938973,0.1053642723938973,0.0,0.0,0.054700309140289616,0.5191542436301003,0.05194683287650659,0.00035044243357238515,0.008,5.39,linear_centered_per_block
20261003T082105Z,2026-10-03T08:21:05.237830+00:00,20812aef948eaa8d0f8bc34d3ad2eeddd8c87d07,atlas-47,npu:0,2.7.1+cpu,2.7.1.post10,3.9.9,5833936354114717777,1791015664502287109,1024,1024,2048,fp32,"N(1,1)",23,10000,256,0.5,320000,159633,159633,0,0,159633,159633,159633,159633,159633,159633,0,0,0,0,0,159633,159633,0,40800367,159633,159633,0,160367,159633,1.0,1.0,1.0,1.0,,,,,1.0,1.0,0.0,0.0,1.0,1.0,0.0,0.0,1.947372075387752e-06,5.39,linear_centered_per_block
20261003T082105Z,2026-10-03T08:21:05.237830+00:00,20812aef948eaa8d0f8bc34d3ad2eeddd8c87d07,atlas-47,npu:0,2.7.1+cpu,2.7.1.post10,3.9.9,8631194859082830430,1791015664502287109,1024,1024,2048,fp32,"N(1,1)",24,10000,256,0.5,320000,160198,160198,0,0,160198,160198,160198,160198,160198,160198,0,0,0,0,0,160198,160198,0,40799802,160198,160198,0,159802,160198,1.0,1.0,1.0,1.0,,,,,1.0,1.0,0.0,0.0,1.0,1.0,0.0,0.0,1.947372075387752e-06,5.39,linear_centered_per_block
20261003T082105Z,2026-10-03T08:21:05.237830+00:00,20812aef948eaa8d0f8bc34d3ad2eeddd8c87d07,atlas-47,npu:0,2.7.1+cpu,2.7.1.post10,3.9.9,5681917977685668594,1791015664502287109,1024,1024,2048,fp32,"N(1,1)",25,10000,256,0.5,320000,160091,160091,0,0,160091,160091,160091,160091,160091,160091,0,0,0,0,0,160091,160091,0,40799909,160091,160091,0,159909,160091,1.0,1.0,1.0,1.0,,,,,1.0,1.0,0.0,0.0,1.0,1.0,0.0,0.0,1.947372075387752e-06,5.39,linear_centered_per_block
20261003T082105Z,2026-10-03T08:21:05.237830+00:00,20812aef948eaa8d0f8bc34d3ad2eeddd8c87d07,atlas-47,npu:0,2.7.1+cpu,2.7.1.post10,3.9.9,6706262587206759723,1791015664502287109,1024,1024,2048,fp32,"N(1,1)",26,10000,256,0.5,320000,159953,159953,0,0,159953,159953,159953,159953,159953,159953,0,0,0,0,0,159953,159953,0,40800047,159953,159953,0,160047,159953,1.0,1.0,1.0,1.0,,,,,1.0,1.0,0.0,0.0,1.0,1.0,0.0,0.0,1.947372075387752e-06,5.39,linear_centered_per_block
20261003T082105Z,2026-10-03T08:21:05.237830+00:00,20812aef948eaa8d0f8bc34d3ad2eeddd8c87d07,atlas-47,npu:0,2.7.1+cpu,2.7.1.post10,3.9.9,4112118578897670970,1791015664502287109,1024,1024,2048,fp32,"N(1,1)",27,10000,256,0.5,320000,159758,159758,0,0,159758,159758,159758,159758,159758,159758,0,0,0,0,0,159758,159758,0,40800242,159758,159758,0,160242,159758,1.0,1.0,1.0,1.0,,,,,1.0,1.0,0.0,0.0,1.0,1.0,0.0,0.0,1.947372075387752e-06,5.39,linear_centered_per_block
20261003T082105Z,2026-10-03T08:21:05.237830+00:00,20812aef948eaa8d0f8bc34d3ad2eeddd8c87d07,atlas-47,npu:0,2.7.1+cpu,2.7.1.post10,3.9.9,1581036896779008713,1791015664502287109,1024,1024,2048,fp32,"N(1,1)",28,10000,256,0.5,320000,160283,160283,0,0,160283,160283,160283,160283,160283,160283,0,0,0,0,0,160283,160283,0,40799717,160283,160283,0,159717,160283,1.0,1.0,1.0,1.0,,,,,1.0,1.0,0.0,0.0,1.0,1.0,0.0,0.0,1.947372075387752e-06,5.39,linear_centered_per_block
20261003T082105Z,2026-10-03T08:21:05.237830+00:00,20812aef948eaa8d0f8bc34d3ad2eeddd8c87d07,atlas-47,npu:0,2.7.1+cpu,2.7.1.post10,3.9.9,5733075857349882913,1791015664502287109,1024,1024,2048,fp32,"N(1,1)",29,10000,256,0.5,320000,159992,159992,0,0,159992,159992,159992,159992,159992,159992,0,0,0,0,0,159992,159992,0,40800008,159992,159992,0,160008,159992,1.0,1.0,1.0,1.0,,,,,1.0,1.0,0.0,0.0,1.0,1.0,0.0,0.0,1.947372075387752e-06,5.39,linear_centered_per_block
20261003T082105Z,2026-10-03T08:21:05.237830+00:00,20812aef948eaa8d0f8bc34d3ad2eeddd8c87d07,atlas-47,npu:0,2.7.1+cpu,2.7.1.post10,3.9.9,7307701119687775743,1791015664502287109,1024,1024,2048,fp32,"N(1,1)",30,10000,256,0.5,320000,160547,160547,0,0,160547,160547,160547,160547,160547,160547,0,0,0,0,0,160547,160547,0,40799453,160547,160547,0,159453,160547,1.0,1.0,1.0,1.0,,,,,1.0,1.0,0.0,0.0,1.0,1.0,0.0,0.0,1.947372075387752e-06,5.39,linear_centered_per_block
20261003T082105Z,2026-10-03T08:21:05.237830+00:00,20812aef948eaa8d0f8bc34d3ad2eeddd8c87d07,atlas-47,npu:0,2.7.1+cpu,2.7.1.post10,3.9.9,621092975551431651,1791015664502287109,1024,1024,2048,fp32,"N(1e-6,1)",23,10000,256,0.5,320000,160006,160006,0,0,160006,160006,159650,160006,159650,159586,0,0,0,0,0,160006,159650,0,40799994,160006,159650,0,159994,159586,0.9977750834343712,0.9977750834343712,0.9973750984338088,0.9995991230817413,,,,,0.9977750834343712,0.9977750834343712,0.0,0.0,0.9973750984338088,0.9995991230817413,0.0,0.0,1.947372075387752e-06,5.39,linear_centered_per_block
20261003T082105Z,2026-10-03T08:21:05.237830+00:00,20812aef948eaa8d0f8bc34d3ad2eeddd8c87d07,atlas-47,npu:0,2.7.1+cpu,2.7.1.post10,3.9.9,8764552961665023790,1791015664502287109,1024,1024,2048,fp32,"N(1e-6,1)",24,10000,256,0.5,320000,159757,159757,0,0,159757,159757,159399,159757,159399,159399,0,0,0,0,0,159757,159399,0,40800243,159757,159399,0,160243,159399,0.9977590966280038,0.9977590966280038,0.9977590966280038,1.0,,,,,0.9977590966280038,0.9977590966280038,0.0,0.0,0.9977590966280038,1.0,0.0,0.0,1.947372075387752e-06,5.39,linear_centered_per_block
20261003T082105Z,2026-10-03T08:21:05.237830+00:00,20812aef948eaa8d0f8bc34d3ad2eeddd8c87d07,atlas-47,npu:0,2.7.1+cpu,2.7.1.post10,3.9.9,2863084681325340630,1791015664502287109,1024,1024,2048,fp32,"N(1e-6,1)",25,10000,256,0.5,320000,159836,159836,0,0,159836,159836,159805,159836,159805,159775,0,0,0,0,0,159836,159805,0,40800164,159836,159805,0,160164,159775,0.9998060512024826,0.9998060512024826,0.9996183588177883,0.9998122712055317,,,,,0.9998060512024826,0.9998060512024826,0.0,0.0,0.9996183588177883,0.9998122712055317,0.0,0.0,1.947372075387752e-06,5.39,linear_centered_per_block
20261003T082105Z,2026-10-03T08:21:05.237830+00:00,20812aef948eaa8d0f8bc34d3ad2eeddd8c87d07,atlas-47,npu:0,2.7.1+cpu,2.7.1.post10,3.9.9,4685940110678059207,1791015664502287109,1024,1024,2048,fp32,"N(1e-6,1)",26,10000,256,0.5,320000,159842,159842,0,0,159842,159842,159595,159842,159595,159542,0,0,0,0,0,159842,159595,0,40800158,159842,159595,0,160158,159542,0.9984547240399895,0.9984547240399895,0.9981231466072746,0.9996679093956577,,,,,0.9984547240399895,0.9984547240399895,0.0,0.0,0.9981231466072746,0.9996679093956577,0.0,0.0,1.947372075387752e-06,5.39,linear_centered_per_block
20261003T082105Z,2026-10-03T08:21:05.237830+00:00,20812aef948eaa8d0f8bc34d3ad2eeddd8c87d07,atlas-47,npu:0,2.7.1+cpu,2.7.1.post10,3.9.9,1120575694664953867,1791015664502287109,1024,1024,2048,fp32,"N(1e-6,1)",27,10000,256,0.5,320000,160118,160118,0,0,160118,160118,159839,160118,159839,159799,0,0,0,0,0,160118,159839,0,40799882,160118,159839,0,159882,159799,0.9982575350678874,0.9982575350678874,0.998007719307011,0.9997497481841102,,,,,0.9982575350678874,0.9982575350678874,0.0,0.0,0.998007719307011,0.9997497481841102,0.0,0.0,1.947372075387752e-06,5.39,linear_centered_per_block
20261003T082105Z,2026-10-03T08:21:05.237830+00:00,20812aef948eaa8d0f8bc34d3ad2eeddd8c87d07,atlas-47,npu:0,2.7.1+cpu,2.7.1.post10,3.9.9,4255060291785377385,1791015664502287109,1024,1024,2048,fp32,"N(1e-6,1)",28,10000,256,0.5,320000,159856,159856,0,0,159856,159856,159580,159856,159580,159543,0,0,0,0,0,159856,159580,0,40800144,159856,159580,0,160144,159543,0.9982734461014914,0.9982734461014914,0.9980419877890101,0.9997681413710992,,,,,0.9982734461014914,0.9982734461014914,0.0,0.0,0.9980419877890101,0.9997681413710992,0.0,0.0,1.947372075387752e-06,5.39,linear_centered_per_block
20261003T082105Z,2026-10-03T08:21:05.237830+00:00,20812aef948eaa8d0f8bc34d3ad2eeddd8c87d07,atlas-47,npu:0,2.7.1+cpu,2.7.1.post10,3.9.9,2588175714463062246,1791015664502287109,1024,1024,2048,fp32,"N(1e-6,1)",29,10000,256,0.5,320000,160047,160047,0,0,160047,160047,159804,160047,159804,159761,0,0,0,0,0,160047,159804,0,40799953,160047,159804,0,159953,159761,0.9984816960017995,0.9984816960017995,0.9982130249239286,0.9997309203774624,,,,,0.9984816960017995,0.9984816960017995,0.0,0.0,0.9982130249239286,0.9997309203774624,0.0,0.0,1.947372075387752e-06,5.39,linear_centered_per_block
20261003T082105Z,2026-10-03T08:21:05.237830+00:00,20812aef948eaa8d0f8bc34d3ad2eeddd8c87d07,atlas-47,npu:0,2.7.1+cpu,2.7.1.post10,3.9.9,898794230470166649,1791015664502287109,1024,1024,2048,fp32,"N(1e-6,1)",30,10000,256,0.5,320000,160256,157484,2772,0,157484,157484,157484,157484,157484,154680,2772,2772,2772,2772,2772,160256,160256,0,40799744,160256,160256,0,159744,157452,1.0,1.0,0.9821950166366107,0.9821950166366107,1.0,1.0,1.0,1.0,1.0,1.0,0.0,0.0,0.9825029952076677,0.9825029952076677,0.017297324281150158,0.0,1.947372075387752e-06,5.39,linear_centered_per_block
20261003T082105Z,2026-10-03T08:21:05.237830+00:00,20812aef948eaa8d0f8bc34d3ad2eeddd8c87d07,atlas-47,npu:0,2.7.1+cpu,2.7.1.post10,3.9.9,657027195000610331,1791015664502287109,1024,1024,2048,fp32,TruncN,23,10000,256,0.5,320000,159794,159794,0,0,159794,159794,159794,159794,159794,159794,0,0,0,0,0,159794,159794,0,40800206,159794,159794,0,160206,159794,1.0,1.0,1.0,1.0,,,,,1.0,1.0,0.0,0.0,1.0,1.0,0.0,0.0,1.947372075387752e-06,5.39,linear_centered_per_block
20261003T082105Z,2026-10-03T08:21:05.237830+00:00,20812aef948eaa8d0f8bc34d3ad2eeddd8c87d07,atlas-47,npu:0,2.7.1+cpu,2.7.1.post10,3.9.9,4238288194582199574,1791015664502287109,1024,1024,2048,fp32,TruncN,24,10000,256,0.5,320000,160170,160170,0,0,160170,160170,160170,160170,160170,160170,0,0,0,0,0,160170,160170,0,40799830,160170,160170,0,159830,160170,1.0,1.0,1.0,1.0,,,,,1.0,1.0,0.0,0.0,1.0,1.0,0.0,0.0,1.947372075387752e-06,5.39,linear_centered_per_block
20261003T082105Z,2026-10-03T08:21:05.237830+00:00,20812aef948eaa8d0f8bc34d3ad2eeddd8c87d07,atlas-47,npu:0,2.7.1+cpu,2.7.1.post10,3.9.9,4091210074616795893,1791015664502287109,1024,1024,2048,fp32,TruncN,25,10000,256,0.5,320000,160424,160424,0,0,160424,160424,160424,160424,160424,160424,0,0,0,0,0,160424,160424,0,40799576,160424,160424,0,159576,160424,1.0,1.0,1.0,1.0,,,,,1.0,1.0,0.0,0.0,1.0,1.0,0.0,0.0,1.947372075387752e-06,5.39,linear_centered_per_block
20261003T082105Z,2026-10-03T08:21:05.237830+00:00,20812aef948eaa8d0f8bc34d3ad2eeddd8c87d07,atlas-47,npu:0,2.7.1+cpu,2.7.1.post10,3.9.9,6886943761512658870,1791015664502287109,1024,1024,2048,fp32,TruncN,26,10000,256,0.5,320000,159870,159870,0,0,159870,159870,159870,159870,159870,159870,0,0,0,0,0,159870,159870,0,40800130,159870,159870,0,160130,159870,1.0,1.0,1.0,1.0,,,,,1.0,1.0,0.0,0.0,1.0,1.0,0.0,0.0,1.947372075387752e-06,5.39,linear_centered_per_block
20261003T082105Z,2026-10-03T08:21:05.237830+00:00,20812aef948eaa8d0f8bc34d3ad2eeddd8c87d07,atlas-47,npu:0,2.7.1+cpu,2.7.1.post10,3.9.9,7395764361801688672,1791015664502287109,1024,1024,2048,fp32,TruncN,27,10000,256,0.5,320000,160524,160524,0,0,160524,160524,160524,160524,160524,160524,0,0,0,0,0,160524,160524,0,40799476,160524,160524,0,159476,160524,1.0,1.0,1.0,1.0,,,,,1.0,1.0,0.0,0.0,1.0,1.0,0.0,0.0,1.947372075387752e-06,5.39,linear_centered_per_block
20261003T082105Z,2026-10-03T08:21:05.237830+00:00,20812aef948eaa8d0f8bc34d3ad2eeddd8c87d07,atlas-47,npu:0,2.7.1+cpu,2.7.1.post10,3.9.9,5976069730387081601,1791015664502287109,1024,1024,2048,fp32,TruncN,28,10000,256,0.5,320000,159754,159754,0,0,159754,159754,159754,159754,159754,159754,0,0,0,0,0,159754,159754,0,40800246,159754,159754,0,160246,159754,1.0,1.0,1.0,1.0,,,,,1.0,1.0,0.0,0.0,1.0,1.0,0.0,0.0,1.947372075387752e-06,5.39,linear_centered_per_block
20261003T082105Z,2026-10-03T08:21:05.237830+00:00,20812aef948eaa8d0f8bc34d3ad2eeddd8c87d07,atlas-47,npu:0,2.7.1+cpu,2.7.1.post10,3.9.9,6632662634623377367,1791015664502287109,1024,1024,2048,fp32,TruncN,29,10000,256,0.5,320000,160516,160516,0,0,160516,160516,160516,160516,160516,160516,0,0,0,0,0,160516,160516,0,40799484,160516,160516,0,159484,160516,1.0,1.0,1.0,1.0,,,,,1.0,1.0,0.0,0.0,1.0,1.0,0.0,0.0,1.947372075387752e-06,5.39,linear_centered_per_block
20261003T082105Z,2026-10-03T08:21:05.237830+00:00,20812aef948eaa8d0f8bc34d3ad2eeddd8c87d07,atlas-47,npu:0,2.7.1+cpu,2.7.1.post10,3.9.9,7096834058959692447,1791015664502287109,1024,1024,2048,fp32,TruncN,30,10000,256,0.5,320000,160129,160129,0,0,160129,160129,160129,160129,160129,160129,0,0,0,0,0,160129,160129,0,40799871,160129,160129,0,159871,160129,1.0,1.0,1.0,1.0,,,,,1.0,1.0,0.0,0.0,1.0,1.0,0.0,0.0,1.947372075387752e-06,5.39,linear_centered_per_block
20261003T082105Z,2026-10-03T08:21:05.237830+00:00,20812aef948eaa8d0f8bc34d3ad2eeddd8c87d07,atlas-47,npu:0,2.7.1+cpu,2.7.1.post10,3.9.9,6932474119110786966,1791015664502287109,1024,1024,2048,fp32,"U(-1,1)",23,10000,256,0.5,320000,159874,159874,0,0,159874,159874,159681,159874,159681,159516,0,0,0,0,0,159874,159681,0,40800126,159874,159681,0,160126,159516,0.998792799329472,0.998792799329472,0.9977607365800568,0.9989666898378643,,,,,0.998792799329472,0.998792799329472,0.0,0.0,0.9977607365800568,0.9989666898378643,0.0,0.0,1.947372075387752e-06,5.39,linear_centered_per_block
20261003T082105Z,2026-10-03T08:21:05.237830+00:00,20812aef948eaa8d0f8bc34d3ad2eeddd8c87d07,atlas-47,npu:0,2.7.1+cpu,2.7.1.post10,3.9.9,7903601982461261775,1791015664502287109,1024,1024,2048,fp32,"U(-1,1)",24,10000,256,0.5,320000,159744,159744,0,0,159744,159744,159672,159744,159672,159572,0,0,0,0,0,159744,159672,0,40800256,159744,159672,0,160256,159572,0.9995492788461539,0.9995492788461539,0.9989232772435898,0.9993737161180419,,,,,0.9995492788461539,0.9995492788461539,0.0,0.0,0.9989232772435898,0.9993737161180419,0.0,0.0,1.947372075387752e-06,5.39,linear_centered_per_block
20261003T082105Z,2026-10-03T08:21:05.237830+00:00,20812aef948eaa8d0f8bc34d3ad2eeddd8c87d07,atlas-47,npu:0,2.7.1+cpu,2.7.1.post10,3.9.9,3922060200226835462,1791015664502287109,1024,1024,2048,fp32,"U(-1,1)",25,10000,256,0.5,320000,159733,159733,0,0,159733,159733,159668,159733,159668,159668,0,0,0,0,0,159733,159668,0,40800267,159733,159668,0,160267,159668,0.9995930709371263,0.9995930709371263,0.9995930709371263,1.0,,,,,0.9995930709371263,0.9995930709371263,0.0,0.0,0.9995930709371263,1.0,0.0,0.0,1.947372075387752e-06,5.39,linear_centered_per_block
20261003T082105Z,2026-10-03T08:21:05.237830+00:00,20812aef948eaa8d0f8bc34d3ad2eeddd8c87d07,atlas-47,npu:0,2.7.1+cpu,2.7.1.post10,3.9.9,6335487619112537114,1791015664502287109,1024,1024,2048,fp32,"U(-1,1)",26,10000,256,0.5,320000,160064,160064,0,0,160064,160064,160028,160064,160028,159916,0,0,0,0,0,160064,160028,0,40799936,160064,160028,0,159936,159916,0.9997750899640144,0.9997750899640144,0.9990753698520591,0.9993001224785663,,,,,0.9997750899640144,0.9997750899640144,0.0,0.0,0.9990753698520591,0.9993001224785663,0.0,0.0,1.947372075387752e-06,5.39,linear_centered_per_block
20261003T082105Z,2026-10-03T08:21:05.237830+00:00,20812aef948eaa8d0f8bc34d3ad2eeddd8c87d07,atlas-47,npu:0,2.7.1+cpu,2.7.1.post10,3.9.9,4534052766121008745,1791015664502287109,1024,1024,2048,fp32,"U(-1,1)",27,10000,256,0.5,320000,160390,160390,0,0,160390,160390,160287,160390,160287,160181,0,0,0,0,0,160390,160287,0,40799610,160390,160287,0,159610,160181,0.999357815325145,0.999357815325145,0.9986969262422845,0.9993386862315721,,,,,0.999357815325145,0.999357815325145,0.0,0.0,0.9986969262422845,0.9993386862315721,0.0,0.0,1.947372075387752e-06,5.39,linear_centered_per_block
20261003T082105Z,2026-10-03T08:21:05.237830+00:00,20812aef948eaa8d0f8bc34d3ad2eeddd8c87d07,atlas-47,npu:0,2.7.1+cpu,2.7.1.post10,3.9.9,2435638446496519037,1791015664502287109,1024,1024,2048,fp32,"U(-1,1)",28,10000,256,0.5,320000,159527,159527,0,0,159527,159527,159424,159527,159424,159310,0,0,0,0,0,159527,159424,0,40800473,159527,159424,0,160473,159310,0.9993543412713836,0.9993543412713836,0.9986397286979634,0.9992849257326375,,,,,0.9993543412713836,0.9993543412713836,0.0,0.0,0.9986397286979634,0.9992849257326375,0.0,0.0,1.947372075387752e-06,5.39,linear_centered_per_block
20261003T082105Z,2026-10-03T08:21:05.237830+00:00,20812aef948eaa8d0f8bc34d3ad2eeddd8c87d07,atlas-47,npu:0,2.7.1+cpu,2.7.1.post10,3.9.9,8312105422670420445,1791015664502287109,1024,1024,2048,fp32,"U(-1,1)",29,10000,256,0.5,320000,159216,159216,0,0,159216,159216,159120,159216,159120,159013,0,0,0,0,0,159216,159120,0,40800784,159216,159120,0,160784,159013,0.999397045523063,0.999397045523063,0.9987250025123103,0.9993275515334339,,,,,0.999397045523063,0.999397045523063,0.0,0.0,0.9987250025123103,0.9993275515334339,0.0,0.0,1.947372075387752e-06,5.39,linear_centered_per_block
20261003T082105Z,2026-10-03T08:21:05.237830+00:00,20812aef948eaa8d0f8bc34d3ad2eeddd8c87d07,atlas-47,npu:0,2.7.1+cpu,2.7.1.post10,3.9.9,3768533654663686757,1791015664502287109,1024,1024,2048,fp32,"U(-1,1)",30,10000,256,0.5,320000,160057,151631,8426,0,151631,151631,151631,151631,151631,143717,8426,8426,8426,8426,8426,160057,160057,0,40799943,160057,160057,0,159943,152143,1.0,1.0,0.9478075063806214,0.9478075063806214,1.0,1.0,1.0,1.0,1.0,1.0,0.0,0.0,0.9505551147403738,0.9505551147403738,0.05264374566560663,0.0,1.947372075387752e-06,5.39,linear_centered_per_block
20261003T082105Z,2026-10-03T08:21:05.237830+00:00,20812aef948eaa8d0f8bc34d3ad2eeddd8c87d07,atlas-47,npu:0,2.7.1+cpu,2.7.1.post10,3.9.9,4911870064434326961,1791015664502287109,1024,1024,3072,bf16,"N(1,1)",7,10000,256,0.5,320000,159889,159889,0,0,159889,159889,0,159889,0,0,0,0,0,0,0,159889,0,0,40800111,159889,0,0,160111,0,0.0,0.0,0.0,,,,,,0.0,0.0,0.0,0.0,0.0,,0.0,0.0,0.008,5.39,linear_centered_per_block
20261003T082105Z,2026-10-03T08:21:05.237830+00:00,20812aef948eaa8d0f8bc34d3ad2eeddd8c87d07,atlas-47,npu:0,2.7.1+cpu,2.7.1.post10,3.9.9,7475618890382130472,1791015664502287109,1024,1024,3072,bf16,"N(1,1)",8,10000,256,0.5,320000,159890,159890,0,0,159890,159890,0,159890,0,0,0,0,0,0,0,159890,0,0,40800110,159890,0,0,160110,0,0.0,0.0,0.0,,,,,,0.0,0.0,0.0,0.0,0.0,,0.0,0.0,0.008,5.39,linear_centered_per_block
20261003T082105Z,2026-10-03T08:21:05.237830+00:00,20812aef948eaa8d0f8bc34d3ad2eeddd8c87d07,atlas-47,npu:0,2.7.1+cpu,2.7.1.post10,3.9.9,3981424254492881553,1791015664502287109,1024,1024,3072,bf16,"N(1,1)",9,10000,256,0.5,320000,160036,160036,0,0,160036,160036,160036,160036,160036,158929,0,0,0,0,0,160036,160036,0,40799964,160036,160036,0,159964,158929,1.0,1.0,0.993082806368567,0.993082806368567,,,,,1.0,1.0,0.0,0.0,0.993082806368567,0.993082806368567,0.0,0.0,0.008,5.39,linear_centered_per_block
20261003T082105Z,2026-10-03T08:21:05.237830+00:00,20812aef948eaa8d0f8bc34d3ad2eeddd8c87d07,atlas-47,npu:0,2.7.1+cpu,2.7.1.post10,3.9.9,5463124010995060674,1791015664502287109,1024,1024,3072,bf16,"N(1,1)",10,10000,256,0.5,320000,159866,159866,0,0,159866,159866,0,159866,0,0,0,0,0,0,0,159866,0,0,40800134,159866,0,0,160134,0,0.0,0.0,0.0,,,,,,0.0,0.0,0.0,0.0,0.0,,0.0,0.0,0.008,5.39,linear_centered_per_block
20261003T082105Z,2026-10-03T08:21:05.237830+00:00,20812aef948eaa8d0f8bc34d3ad2eeddd8c87d07,atlas-47,npu:0,2.7.1+cpu,2.7.1.post10,3.9.9,6412612985237542978,1791015664502287109,1024,1024,3072,bf16,"N(1,1)",11,10000,256,0.5,320000,160508,160508,0,0,160508,160508,160508,160508,160508,160508,0,0,0,0,0,160508,160508,0,40799492,160508,160508,0,159492,160508,1.0,1.0,1.0,1.0,,,,,1.0,1.0,0.0,0.0,1.0,1.0,0.0,0.0,0.008,5.39,linear_centered_per_block
20261003T082105Z,2026-10-03T08:21:05.237830+00:00,20812aef948eaa8d0f8bc34d3ad2eeddd8c87d07,atlas-47,npu:0,2.7.1+cpu,2.7.1.post10,3.9.9,3083090985110343118,1791015664502287109,1024,1024,3072,bf16,"N(1,1)",12,10000,256,0.5,320000,160049,160049,0,0,160049,160049,160049,160049,160049,160049,0,0,0,0,0,160049,160049,0,40799951,160049,160049,0,159951,160049,1.0,1.0,1.0,1.0,,,,,1.0,1.0,0.0,0.0,1.0,1.0,0.0,0.0,0.008,5.39,linear_centered_per_block
20261003T082105Z,2026-10-03T08:21:05.237830+00:00,20812aef948eaa8d0f8bc34d3ad2eeddd8c87d07,atlas-47,npu:0,2.7.1+cpu,2.7.1.post10,3.9.9,2912652307571000941,1791015664502287109,1024,1024,3072,bf16,"N(1,1)",13,10000,256,0.5,320000,160374,160374,0,0,160374,160374,160374,160374,160374,160374,0,0,0,0,0,160374,160374,0,40799626,160374,160374,0,159626,160374,1.0,1.0,1.0,1.0,,,,,1.0,1.0,0.0,0.0,1.0,1.0,0.0,0.0,0.008,5.39,linear_centered_per_block
20261003T082105Z,2026-10-03T08:21:05.237830+00:00,20812aef948eaa8d0f8bc34d3ad2eeddd8c87d07,atlas-47,npu:0,2.7.1+cpu,2.7.1.post10,3.9.9,8721533602817373439,1791015664502287109,1024,1024,3072,bf16,"N(1,1)",14,10000,256,0.5,320000,159876,159876,0,0,159876,159876,0,159876,0,0,0,0,0,0,0,159876,0,0,40800124,159876,0,0,160124,0,0.0,0.0,0.0,,,,,,0.0,0.0,0.0,0.0,0.0,,0.0,0.0,0.008,5.39,linear_centered_per_block
20261003T082105Z,2026-10-03T08:21:05.237830+00:00,20812aef948eaa8d0f8bc34d3ad2eeddd8c87d07,atlas-47,npu:0,2.7.1+cpu,2.7.1.post10,3.9.9,4778404307044101409,1791015664502287109,1024,1024,3072,bf16,"N(1e-6,1)",7,10000,256,0.5,320000,160284,160284,0,0,160284,160284,0,160284,0,0,0,0,0,0,0,160284,0,0,40799716,160284,0,0,159716,0,0.0,0.0,0.0,,,,,,0.0,0.0,0.0,0.0,0.0,,0.0,0.0,0.008,5.39,linear_centered_per_block
20261003T082105Z,2026-10-03T08:21:05.237830+00:00,20812aef948eaa8d0f8bc34d3ad2eeddd8c87d07,atlas-47,npu:0,2.7.1+cpu,2.7.1.post10,3.9.9,5483102994563735736,1791015664502287109,1024,1024,3072,bf16,"N(1e-6,1)",8,10000,256,0.5,320000,160084,160084,0,0,160084,160084,0,160084,0,0,0,0,0,0,0,160084,0,0,40799916,160084,0,0,159916,0,0.0,0.0,0.0,,,,,,0.0,0.0,0.0,0.0,0.0,,0.0,0.0,0.008,5.39,linear_centered_per_block
20261003T082105Z,2026-10-03T08:21:05.237830+00:00,20812aef948eaa8d0f8bc34d3ad2eeddd8c87d07,atlas-47,npu:0,2.7.1+cpu,2.7.1.post10,3.9.9,1748955885056936554,1791015664502287109,1024,1024,3072,bf16,"N(1e-6,1)",9,10000,256,0.5,320000,159953,159953,0,0,159953,159953,122,159953,122,107,0,0,0,0,0,159953,122,0,40800047,159953,122,0,160047,107,0.0007627240501897432,0.0007627240501897432,0.0006689465030352666,0.8770491803278688,,,,,0.0007627240501897432,0.0007627240501897432,0.0,0.0,0.0006689465030352666,0.8770491803278688,0.0,0.0,0.008,5.39,linear_centered_per_block
20261003T082105Z,2026-10-03T08:21:05.237830+00:00,20812aef948eaa8d0f8bc34d3ad2eeddd8c87d07,atlas-47,npu:0,2.7.1+cpu,2.7.1.post10,3.9.9,3873023409747919674,1791015664502287109,1024,1024,3072,bf16,"N(1e-6,1)",10,10000,256,0.5,320000,159884,159884,0,0,159884,159884,155140,159884,155140,155031,0,0,0,0,0,159884,155140,0,40800116,159884,155140,0,160116,155031,0.9703284881539116,0.9703284881539116,0.9696467438893197,0.9992974087920588,,,,,0.9703284881539116,0.9703284881539116,0.0,0.0,0.9696467438893197,0.9992974087920588,0.0,0.0,0.008,5.39,linear_centered_per_block
20261003T082105Z,2026-10-03T08:21:05.237830+00:00,20812aef948eaa8d0f8bc34d3ad2eeddd8c87d07,atlas-47,npu:0,2.7.1+cpu,2.7.1.post10,3.9.9,2046845437500893304,1791015664502287109,1024,1024,3072,bf16,"N(1e-6,1)",11,10000,256,0.5,320000,160453,160453,0,0,160453,160453,155908,160453,155908,155908,0,0,0,0,0,160453,155908,0,40799547,160453,155908,0,159547,155908,0.9716739481343446,0.9716739481343446,0.9716739481343446,1.0,,,,,0.9716739481343446,0.9716739481343446,0.0,0.0,0.9716739481343446,1.0,0.0,0.0,0.008,5.39,linear_centered_per_block
20261003T082105Z,2026-10-03T08:21:05.237830+00:00,20812aef948eaa8d0f8bc34d3ad2eeddd8c87d07,atlas-47,npu:0,2.7.1+cpu,2.7.1.post10,3.9.9,4944419984372630686,1791015664502287109,1024,1024,3072,bf16,"N(1e-6,1)",12,10000,256,0.5,320000,160198,160198,0,0,160198,160198,155635,160198,155635,155635,0,0,0,0,0,160198,155635,0,40799802,160198,155635,0,159802,155635,0.9715164983333126,0.9715164983333126,0.9715164983333126,1.0,,,,,0.9715164983333126,0.9715164983333126,0.0,0.0,0.9715164983333126,1.0,0.0,0.0,0.008,5.39,linear_centered_per_block
20261003T082105Z,2026-10-03T08:21:05.237830+00:00,20812aef948eaa8d0f8bc34d3ad2eeddd8c87d07,atlas-47,npu:0,2.7.1+cpu,2.7.1.post10,3.9.9,6103496230695897713,1791015664502287109,1024,1024,3072,bf16,"N(1e-6,1)",13,10000,256,0.5,320000,159890,159890,0,0,159890,159890,155337,159890,155337,155337,0,0,0,0,0,159890,155337,0,40800110,159890,155337,0,160110,155337,0.9715241728688473,0.9715241728688473,0.9715241728688473,1.0,,,,,0.9715241728688473,0.9715241728688473,0.0,0.0,0.9715241728688473,1.0,0.0,0.0,0.008,5.39,linear_centered_per_block
20261003T082105Z,2026-10-03T08:21:05.237830+00:00,20812aef948eaa8d0f8bc34d3ad2eeddd8c87d07,atlas-47,npu:0,2.7.1+cpu,2.7.1.post10,3.9.9,4162167279688312065,1791015664502287109,1024,1024,3072,bf16,"N(1e-6,1)",14,10000,256,0.5,320000,159928,157615,2313,12,157603,157615,2301,157615,2301,89,2313,2313,2313,2313,2313,159928,4614,0,40800072,159928,4614,0,160072,2402,0.014598864321289217,0.014598864321289217,0.0005646670684896743,0.03867883528900478,1.0,1.0,1.0,1.0,0.02885048271722275,0.02885048271722275,0.0,0.0,0.01501925866639988,0.5205895101863892,0.014462758241208544,7.503376519433746e-05,0.008,5.39,linear_centered_per_block
20261003T082105Z,2026-10-03T08:21:05.237830+00:00,20812aef948eaa8d0f8bc34d3ad2eeddd8c87d07,atlas-47,npu:0,2.7.1+cpu,2.7.1.post10,3.9.9,3170443566205528233,1791015664502287109,1024,1024,3072,bf16,TruncN,7,10000,256,0.5,320000,159550,159550,0,0,159550,159550,0,159550,0,0,0,0,0,0,0,159550,0,0,40800450,159550,0,0,160450,0,0.0,0.0,0.0,,,,,,0.0,0.0,0.0,0.0,0.0,,0.0,0.0,0.008,5.39,linear_centered_per_block
20261003T082105Z,2026-10-03T08:21:05.237830+00:00,20812aef948eaa8d0f8bc34d3ad2eeddd8c87d07,atlas-47,npu:0,2.7.1+cpu,2.7.1.post10,3.9.9,7583390604696284496,1791015664502287109,1024,1024,3072,bf16,TruncN,8,10000,256,0.5,320000,159344,159344,0,0,159344,159344,0,159344,0,0,0,0,0,0,0,159344,0,0,40800656,159344,0,0,160656,0,0.0,0.0,0.0,,,,,,0.0,0.0,0.0,0.0,0.0,,0.0,0.0,0.008,5.39,linear_centered_per_block
20261003T082105Z,2026-10-03T08:21:05.237830+00:00,20812aef948eaa8d0f8bc34d3ad2eeddd8c87d07,atlas-47,npu:0,2.7.1+cpu,2.7.1.post10,3.9.9,3307862070030345374,1791015664502287109,1024,1024,3072,bf16,TruncN,9,10000,256,0.5,320000,160405,160405,0,0,160405,160405,160405,160405,160405,159376,0,0,0,0,0,160405,160405,0,40799595,160405,160405,0,159595,159376,1.0,1.0,0.9935849879991272,0.9935849879991272,,,,,1.0,1.0,0.0,0.0,0.9935849879991272,0.9935849879991272,0.0,0.0,0.008,5.39,linear_centered_per_block
20261003T082105Z,2026-10-03T08:21:05.237830+00:00,20812aef948eaa8d0f8bc34d3ad2eeddd8c87d07,atlas-47,npu:0,2.7.1+cpu,2.7.1.post10,3.9.9,8638256486580035704,1791015664502287109,1024,1024,3072,bf16,TruncN,10,10000,256,0.5,320000,159067,159067,0,0,159067,159067,0,159067,0,0,0,0,0,0,0,159067,0,0,40800933,159067,0,0,160933,0,0.0,0.0,0.0,,,,,,0.0,0.0,0.0,0.0,0.0,,0.0,0.0,0.008,5.39,linear_centered_per_block
20261003T082105Z,2026-10-03T08:21:05.237830+00:00,20812aef948eaa8d0f8bc34d3ad2eeddd8c87d07,atlas-47,npu:0,2.7.1+cpu,2.7.1.post10,3.9.9,7394745079594438443,1791015664502287109,1024,1024,3072,bf16,TruncN,11,10000,256,0.5,320000,159905,159905,0,0,159905,159905,159905,159905,159905,159905,0,0,0,0,0,159905,159905,0,40800095,159905,159905,0,160095,159905,1.0,1.0,1.0,1.0,,,,,1.0,1.0,0.0,0.0,1.0,1.0,0.0,0.0,0.008,5.39,linear_centered_per_block
20261003T082105Z,2026-10-03T08:21:05.237830+00:00,20812aef948eaa8d0f8bc34d3ad2eeddd8c87d07,atlas-47,npu:0,2.7.1+cpu,2.7.1.post10,3.9.9,3257220766781411135,1791015664502287109,1024,1024,3072,bf16,TruncN,12,10000,256,0.5,320000,160265,160265,0,0,160265,160265,160265,160265,160265,160265,0,0,0,0,0,160265,160265,0,40799735,160265,160265,0,159735,160265,1.0,1.0,1.0,1.0,,,,,1.0,1.0,0.0,0.0,1.0,1.0,0.0,0.0,0.008,5.39,linear_centered_per_block
20261003T082105Z,2026-10-03T08:21:05.237830+00:00,20812aef948eaa8d0f8bc34d3ad2eeddd8c87d07,atlas-47,npu:0,2.7.1+cpu,2.7.1.post10,3.9.9,5777593730646425269,1791015664502287109,1024,1024,3072,bf16,TruncN,13,10000,256,0.5,320000,160056,160056,0,0,160056,160056,160056,160056,160056,160056,0,0,0,0,0,160056,160056,0,40799944,160056,160056,0,159944,160056,1.0,1.0,1.0,1.0,,,,,1.0,1.0,0.0,0.0,1.0,1.0,0.0,0.0,0.008,5.39,linear_centered_per_block
20261003T082105Z,2026-10-03T08:21:05.237830+00:00,20812aef948eaa8d0f8bc34d3ad2eeddd8c87d07,atlas-47,npu:0,2.7.1+cpu,2.7.1.post10,3.9.9,3149651986265442890,1791015664502287109,1024,1024,3072,bf16,TruncN,14,10000,256,0.5,320000,160042,160042,0,0,160042,160042,0,160042,0,0,0,0,0,0,0,160042,0,0,40799958,160042,0,0,159958,0,0.0,0.0,0.0,,,,,,0.0,0.0,0.0,0.0,0.0,,0.0,0.0,0.008,5.39,linear_centered_per_block
20261003T082105Z,2026-10-03T08:21:05.237830+00:00,20812aef948eaa8d0f8bc34d3ad2eeddd8c87d07,atlas-47,npu:0,2.7.1+cpu,2.7.1.post10,3.9.9,4757601892567148621,1791015664502287109,1024,1024,3072,bf16,"U(-1,1)",7,10000,256,0.5,320000,160250,160250,0,0,160250,160250,47,160250,47,22,0,0,0,0,0,160250,47,0,40799750,160250,47,0,159750,22,0.0002932917316692668,0.0002932917316692668,0.0001372854914196568,0.46808510638297873,,,,,0.0002932917316692668,0.0002932917316692668,0.0,0.0,0.0001372854914196568,0.46808510638297873,0.0,0.0,0.008,5.39,linear_centered_per_block
20261003T082105Z,2026-10-03T08:21:05.237830+00:00,20812aef948eaa8d0f8bc34d3ad2eeddd8c87d07,atlas-47,npu:0,2.7.1+cpu,2.7.1.post10,3.9.9,6793341203028810093,1791015664502287109,1024,1024,3072,bf16,"U(-1,1)",8,10000,256,0.5,320000,159711,159711,0,0,159711,159711,13304,159711,13304,10130,0,0,0,0,0,159711,13304,0,40800289,159711,13304,0,160289,10130,0.08330046145850943,0.08330046145850943,0.06342706513640263,0.7614251352976549,,,,,0.08330046145850943,0.08330046145850943,0.0,0.0,0.06342706513640263,0.7614251352976549,0.0,0.0,0.008,5.39,linear_centered_per_block
20261003T082105Z,2026-10-03T08:21:05.237830+00:00,20812aef948eaa8d0f8bc34d3ad2eeddd8c87d07,atlas-47,npu:0,2.7.1+cpu,2.7.1.post10,3.9.9,3009590189075355527,1791015664502287109,1024,1024,3072,bf16,"U(-1,1)",9,10000,256,0.5,320000,160009,160009,0,0,160009,160009,118395,160009,118395,104672,0,0,0,0,0,160009,118395,0,40799991,160009,118395,0,159991,104672,0.7399271290989882,0.7399271290989882,0.6541632033198133,0.8840913889944677,,,,,0.7399271290989882,0.7399271290989882,0.0,0.0,0.6541632033198133,0.8840913889944677,0.0,0.0,0.008,5.39,linear_centered_per_block
20261003T082105Z,2026-10-03T08:21:05.237830+00:00,20812aef948eaa8d0f8bc34d3ad2eeddd8c87d07,atlas-47,npu:0,2.7.1+cpu,2.7.1.post10,3.9.9,2887695684160747685,1791015664502287109,1024,1024,3072,bf16,"U(-1,1)",10,10000,256,0.5,320000,159907,159907,0,0,159907,159907,146324,159907,146324,146324,0,0,0,0,0,159907,146324,0,40800093,159907,146324,0,160093,146324,0.9150568768096456,0.9150568768096456,0.9150568768096456,1.0,,,,,0.9150568768096456,0.9150568768096456,0.0,0.0,0.9150568768096456,1.0,0.0,0.0,0.008,5.39,linear_centered_per_block
20261003T082105Z,2026-10-03T08:21:05.237830+00:00,20812aef948eaa8d0f8bc34d3ad2eeddd8c87d07,atlas-47,npu:0,2.7.1+cpu,2.7.1.post10,3.9.9,8693791762858040451,1791015664502287109,1024,1024,3072,bf16,"U(-1,1)",11,10000,256,0.5,320000,159594,159594,0,0,159594,159594,145911,159594,145911,145911,0,0,0,0,0,159594,145911,0,40800406,159594,145911,0,160406,145911,0.9142636941238392,0.9142636941238392,0.9142636941238392,1.0,,,,,0.9142636941238392,0.9142636941238392,0.0,0.0,0.9142636941238392,1.0,0.0,0.0,0.008,5.39,linear_centered_per_block
20261003T082105Z,2026-10-03T08:21:05.237830+00:00,20812aef948eaa8d0f8bc34d3ad2eeddd8c87d07,atlas-47,npu:0,2.7.1+cpu,2.7.1.post10,3.9.9,7219297907194288266,1791015664502287109,1024,1024,3072,bf16,"U(-1,1)",12,10000,256,0.5,320000,159723,159723,0,0,159723,159723,146077,159723,146077,146077,0,0,0,0,0,159723,146077,0,40800277,159723,146077,0,160277,146077,0.9145645899463446,0.9145645899463446,0.9145645899463446,1.0,,,,,0.9145645899463446,0.9145645899463446,0.0,0.0,0.9145645899463446,1.0,0.0,0.0,0.008,5.39,linear_centered_per_block
20261003T082105Z,2026-10-03T08:21:05.237830+00:00,20812aef948eaa8d0f8bc34d3ad2eeddd8c87d07,atlas-47,npu:0,2.7.1+cpu,2.7.1.post10,3.9.9,5703672770823055325,1791015664502287109,1024,1024,3072,bf16,"U(-1,1)",13,10000,256,0.5,320000,160489,160489,0,0,160489,160489,146685,160489,146685,146685,0,0,0,0,0,160489,146685,0,40799511,160489,146685,0,159511,146685,0.9139878745583809,0.9139878745583809,0.9139878745583809,1.0,,,,,0.9139878745583809,0.9139878745583809,0.0,0.0,0.9139878745583809,1.0,0.0,0.0,0.008,5.39,linear_centered_per_block
20261003T082105Z,2026-10-03T08:21:05.237830+00:00,20812aef948eaa8d0f8bc34d3ad2eeddd8c87d07,atlas-47,npu:0,2.7.1+cpu,2.7.1.post10,3.9.9,678684315036485753,1791015664502287109,1024,1024,3072,bf16,"U(-1,1)",14,10000,256,0.5,320000,159790,152989,6801,48,152941,152989,7073,152989,7073,373,6801,6801,6801,6801,6801,159790,13874,0,40800210,159790,13874,0,160210,7174,0.04623208204511436,0.04623208204511436,0.0024380837838014497,0.052735755690654605,1.0,1.0,1.0,1.0,0.08682645972839352,0.08682645972839352,0.0,0.0,0.044896426559859814,0.5170823122387199,0.04256211277301458,0.00030039426747606235,0.008,5.39,linear_centered_per_block
20261003T082105Z,2026-10-03T08:21:05.237830+00:00,20812aef948eaa8d0f8bc34d3ad2eeddd8c87d07,atlas-47,npu:0,2.7.1+cpu,2.7.1.post10,3.9.9,3009231386317387970,1791015664502287109,1024,1024,3072,fp32,"N(1,1)",23,10000,256,0.5,320000,159823,159823,0,0,159823,159823,159823,159823,159823,159823,0,0,0,0,0,159823,159823,0,40800177,159823,159823,0,160177,159823,1.0,1.0,1.0,1.0,,,,,1.0,1.0,0.0,0.0,1.0,1.0,0.0,0.0,2.3850339620223437e-06,5.39,linear_centered_per_block
20261003T082105Z,2026-10-03T08:21:05.237830+00:00,20812aef948eaa8d0f8bc34d3ad2eeddd8c87d07,atlas-47,npu:0,2.7.1+cpu,2.7.1.post10,3.9.9,8101721397762293970,1791015664502287109,1024,1024,3072,fp32,"N(1,1)",24,10000,256,0.5,320000,159859,159859,0,0,159859,159859,159859,159859,159859,159859,0,0,0,0,0,159859,159859,0,40800141,159859,159859,0,160141,159859,1.0,1.0,1.0,1.0,,,,,1.0,1.0,0.0,0.0,1.0,1.0,0.0,0.0,2.3850339620223437e-06,5.39,linear_centered_per_block
20261003T082105Z,2026-10-03T08:21:05.237830+00:00,20812aef948eaa8d0f8bc34d3ad2eeddd8c87d07,atlas-47,npu:0,2.7.1+cpu,2.7.1.post10,3.9.9,6267763422491129095,1791015664502287109,1024,1024,3072,fp32,"N(1,1)",25,10000,256,0.5,320000,160069,160069,0,0,160069,160069,160069,160069,160069,160069,0,0,0,0,0,160069,160069,0,40799931,160069,160069,0,159931,160069,1.0,1.0,1.0,1.0,,,,,1.0,1.0,0.0,0.0,1.0,1.0,0.0,0.0,2.3850339620223437e-06,5.39,linear_centered_per_block
20261003T082105Z,2026-10-03T08:21:05.237830+00:00,20812aef948eaa8d0f8bc34d3ad2eeddd8c87d07,atlas-47,npu:0,2.7.1+cpu,2.7.1.post10,3.9.9,5326813287578030319,1791015664502287109,1024,1024,3072,fp32,"N(1,1)",26,10000,256,0.5,320000,160141,160141,0,0,160141,160141,160141,160141,160141,160141,0,0,0,0,0,160141,160141,0,40799859,160141,160141,0,159859,160141,1.0,1.0,1.0,1.0,,,,,1.0,1.0,0.0,0.0,1.0,1.0,0.0,0.0,2.3850339620223437e-06,5.39,linear_centered_per_block
20261003T082105Z,2026-10-03T08:21:05.237830+00:00,20812aef948eaa8d0f8bc34d3ad2eeddd8c87d07,atlas-47,npu:0,2.7.1+cpu,2.7.1.post10,3.9.9,5784925201044062592,1791015664502287109,1024,1024,3072,fp32,"N(1,1)",27,10000,256,0.5,320000,160470,160470,0,0,160470,160470,160470,160470,160470,160470,0,0,0,0,0,160470,160470,0,40799530,160470,160470,0,159530,160470,1.0,1.0,1.0,1.0,,,,,1.0,1.0,0.0,0.0,1.0,1.0,0.0,0.0,2.3850339620223437e-06,5.39,linear_centered_per_block
20261003T082105Z,2026-10-03T08:21:05.237830+00:00,20812aef948eaa8d0f8bc34d3ad2eeddd8c87d07,atlas-47,npu:0,2.7.1+cpu,2.7.1.post10,3.9.9,4993920790035236723,1791015664502287109,1024,1024,3072,fp32,"N(1,1)",28,10000,256,0.5,320000,159776,159776,0,0,159776,159776,159776,159776,159776,159776,0,0,0,0,0,159776,159776,0,40800224,159776,159776,0,160224,159776,1.0,1.0,1.0,1.0,,,,,1.0,1.0,0.0,0.0,1.0,1.0,0.0,0.0,2.3850339620223437e-06,5.39,linear_centered_per_block
20261003T082105Z,2026-10-03T08:21:05.237830+00:00,20812aef948eaa8d0f8bc34d3ad2eeddd8c87d07,atlas-47,npu:0,2.7.1+cpu,2.7.1.post10,3.9.9,6512306657905857451,1791015664502287109,1024,1024,3072,fp32,"N(1,1)",29,10000,256,0.5,320000,160224,160224,0,0,160224,160224,160224,160224,160224,160224,0,0,0,0,0,160224,160224,0,40799776,160224,160224,0,159776,160224,1.0,1.0,1.0,1.0,,,,,1.0,1.0,0.0,0.0,1.0,1.0,0.0,0.0,2.3850339620223437e-06,5.39,linear_centered_per_block
20261003T082105Z,2026-10-03T08:21:05.237830+00:00,20812aef948eaa8d0f8bc34d3ad2eeddd8c87d07,atlas-47,npu:0,2.7.1+cpu,2.7.1.post10,3.9.9,4558478235858344287,1791015664502287109,1024,1024,3072,fp32,"N(1,1)",30,10000,256,0.5,320000,159890,159890,0,0,159890,159890,159890,159890,159890,159890,0,0,0,0,0,159890,159890,0,40800110,159890,159890,0,160110,159890,1.0,1.0,1.0,1.0,,,,,1.0,1.0,0.0,0.0,1.0,1.0,0.0,0.0,2.3850339620223437e-06,5.39,linear_centered_per_block
20261003T082105Z,2026-10-03T08:21:05.237830+00:00,20812aef948eaa8d0f8bc34d3ad2eeddd8c87d07,atlas-47,npu:0,2.7.1+cpu,2.7.1.post10,3.9.9,5129784304470324816,1791015664502287109,1024,1024,3072,fp32,"N(1e-6,1)",23,10000,256,0.5,320000,160133,160133,0,0,160133,160133,159623,160133,159623,159551,0,0,0,0,0,160133,159623,0,40799867,160133,159623,0,159867,159551,0.9968151474087165,0.9968151474087165,0.9963655211605353,0.999548937183238,,,,,0.9968151474087165,0.9968151474087165,0.0,0.0,0.9963655211605353,0.999548937183238,0.0,0.0,2.3850339620223437e-06,5.39,linear_centered_per_block
20261003T082105Z,2026-10-03T08:21:05.237830+00:00,20812aef948eaa8d0f8bc34d3ad2eeddd8c87d07,atlas-47,npu:0,2.7.1+cpu,2.7.1.post10,3.9.9,2116046781712453123,1791015664502287109,1024,1024,3072,fp32,"N(1e-6,1)",24,10000,256,0.5,320000,159663,159663,0,0,159663,159663,159375,159663,159375,159374,0,0,0,0,0,159663,159375,0,40800337,159663,159375,0,160337,159374,0.9981962007478251,0.9981962007478251,0.9981899375559773,0.999993725490196,,,,,0.9981962007478251,0.9981962007478251,0.0,0.0,0.9981899375559773,0.999993725490196,0.0,0.0,2.3850339620223437e-06,5.39,linear_centered_per_block
20261003T082105Z,2026-10-03T08:21:05.237830+00:00,20812aef948eaa8d0f8bc34d3ad2eeddd8c87d07,atlas-47,npu:0,2.7.1+cpu,2.7.1.post10,3.9.9,5324553592768288102,1791015664502287109,1024,1024,3072,fp32,"N(1e-6,1)",25,10000,256,0.5,320000,159479,159479,0,0,159479,159479,159359,159479,159359,159323,0,0,0,0,0,159479,159359,0,40800521,159479,159359,0,160521,159323,0.9992475498341474,0.9992475498341474,0.9990218147843917,0.9997740949679654,,,,,0.9992475498341474,0.9992475498341474,0.0,0.0,0.9990218147843917,0.9997740949679654,0.0,0.0,2.3850339620223437e-06,5.39,linear_centered_per_block
20261003T082105Z,2026-10-03T08:21:05.237830+00:00,20812aef948eaa8d0f8bc34d3ad2eeddd8c87d07,atlas-47,npu:0,2.7.1+cpu,2.7.1.post10,3.9.9,1328619740986517838,1791015664502287109,1024,1024,3072,fp32,"N(1e-6,1)",26,10000,256,0.5,320000,160083,160083,0,0,160083,160083,159741,160083,159741,159714,0,0,0,0,0,160083,159741,0,40799917,160083,159741,0,159917,159714,0.9978636082532186,0.9978636082532186,0.9976949457468938,0.9998309763930362,,,,,0.9978636082532186,0.9978636082532186,0.0,0.0,0.9976949457468938,0.9998309763930362,0.0,0.0,2.3850339620223437e-06,5.39,linear_centered_per_block
20261003T082105Z,2026-10-03T08:21:05.237830+00:00,20812aef948eaa8d0f8bc34d3ad2eeddd8c87d07,atlas-47,npu:0,2.7.1+cpu,2.7.1.post10,3.9.9,2130828239134855914,1791015664502287109,1024,1024,3072,fp32,"N(1e-6,1)",27,10000,256,0.5,320000,159891,159891,0,0,159891,159891,159512,159891,159512,159465,0,0,0,0,0,159891,159512,0,40800109,159891,159512,0,160109,159465,0.9976296351889725,0.9976296351889725,0.9973356849353622,0.9997053513215307,,,,,0.9976296351889725,0.9976296351889725,0.0,0.0,0.9973356849353622,0.9997053513215307,0.0,0.0,2.3850339620223437e-06,5.39,linear_centered_per_block
20261003T082105Z,2026-10-03T08:21:05.237830+00:00,20812aef948eaa8d0f8bc34d3ad2eeddd8c87d07,atlas-47,npu:0,2.7.1+cpu,2.7.1.post10,3.9.9,4978782893498752053,1791015664502287109,1024,1024,3072,fp32,"N(1e-6,1)",28,10000,256,0.5,320000,160179,160179,0,0,160179,160179,159785,160179,159785,159752,0,0,0,0,0,160179,159785,0,40799821,160179,159785,0,159821,159752,0.9975402518432503,0.9975402518432503,0.9973342323275836,0.9997934724786431,,,,,0.9975402518432503,0.9975402518432503,0.0,0.0,0.9973342323275836,0.9997934724786431,0.0,0.0,2.3850339620223437e-06,5.39,linear_centered_per_block
20261003T082105Z,2026-10-03T08:21:05.237830+00:00,20812aef948eaa8d0f8bc34d3ad2eeddd8c87d07,atlas-47,npu:0,2.7.1+cpu,2.7.1.post10,3.9.9,8754726566324177348,1791015664502287109,1024,1024,3072,fp32,"N(1e-6,1)",29,10000,256,0.5,320000,160208,160208,0,0,160208,160208,159837,160208,159837,159801,0,0,0,0,0,160208,159837,0,40799792,160208,159837,0,159792,159801,0.9976842604614001,0.9976842604614001,0.9974595525816439,0.9997747705474953,,,,,0.9976842604614001,0.9976842604614001,0.0,0.0,0.9974595525816439,0.9997747705474953,0.0,0.0,2.3850339620223437e-06,5.39,linear_centered_per_block
20261003T082105Z,2026-10-03T08:21:05.237830+00:00,20812aef948eaa8d0f8bc34d3ad2eeddd8c87d07,atlas-47,npu:0,2.7.1+cpu,2.7.1.post10,3.9.9,1512467880703431222,1791015664502287109,1024,1024,3072,fp32,"N(1e-6,1)",30,10000,256,0.5,320000,160098,157781,2317,0,157781,157781,157781,157781,157781,155528,2317,2317,2317,2317,2317,160098,160098,0,40799902,160098,160098,0,159902,157845,1.0,1.0,0.9857207141544292,0.9857207141544292,1.0,1.0,1.0,1.0,1.0,1.0,0.0,0.0,0.9859273694861898,0.9859273694861898,0.014472385663780934,0.0,2.3850339620223437e-06,5.39,linear_centered_per_block
20261003T082105Z,2026-10-03T08:21:05.237830+00:00,20812aef948eaa8d0f8bc34d3ad2eeddd8c87d07,atlas-47,npu:0,2.7.1+cpu,2.7.1.post10,3.9.9,697602693822394046,1791015664502287109,1024,1024,3072,fp32,TruncN,23,10000,256,0.5,320000,159572,159572,0,0,159572,159572,159572,159572,159572,159572,0,0,0,0,0,159572,159572,0,40800428,159572,159572,0,160428,159572,1.0,1.0,1.0,1.0,,,,,1.0,1.0,0.0,0.0,1.0,1.0,0.0,0.0,2.3850339620223437e-06,5.39,linear_centered_per_block
20261003T082105Z,2026-10-03T08:21:05.237830+00:00,20812aef948eaa8d0f8bc34d3ad2eeddd8c87d07,atlas-47,npu:0,2.7.1+cpu,2.7.1.post10,3.9.9,763506717236548058,1791015664502287109,1024,1024,3072,fp32,TruncN,24,10000,256,0.5,320000,159981,159981,0,0,159981,159981,159981,159981,159981,159981,0,0,0,0,0,159981,159981,0,40800019,159981,159981,0,160019,159981,1.0,1.0,1.0,1.0,,,,,1.0,1.0,0.0,0.0,1.0,1.0,0.0,0.0,2.3850339620223437e-06,5.39,linear_centered_per_block
20261003T082105Z,2026-10-03T08:21:05.237830+00:00,20812aef948eaa8d0f8bc34d3ad2eeddd8c87d07,atlas-47,npu:0,2.7.1+cpu,2.7.1.post10,3.9.9,6594036925175888539,1791015664502287109,1024,1024,3072,fp32,TruncN,25,10000,256,0.5,320000,159898,159898,0,0,159898,159898,159898,159898,159898,159898,0,0,0,0,0,159898,159898,0,40800102,159898,159898,0,160102,159898,1.0,1.0,1.0,1.0,,,,,1.0,1.0,0.0,0.0,1.0,1.0,0.0,0.0,2.3850339620223437e-06,5.39,linear_centered_per_block
20261003T082105Z,2026-10-03T08:21:05.237830+00:00,20812aef948eaa8d0f8bc34d3ad2eeddd8c87d07,atlas-47,npu:0,2.7.1+cpu,2.7.1.post10,3.9.9,8110661577713515646,1791015664502287109,1024,1024,3072,fp32,TruncN,26,10000,256,0.5,320000,159347,159347,0,0,159347,159347,159347,159347,159347,159347,0,0,0,0,0,159347,159347,0,40800653,159347,159347,0,160653,159347,1.0,1.0,1.0,1.0,,,,,1.0,1.0,0.0,0.0,1.0,1.0,0.0,0.0,2.3850339620223437e-06,5.39,linear_centered_per_block
20261003T082105Z,2026-10-03T08:21:05.237830+00:00,20812aef948eaa8d0f8bc34d3ad2eeddd8c87d07,atlas-47,npu:0,2.7.1+cpu,2.7.1.post10,3.9.9,8453582856209773044,1791015664502287109,1024,1024,3072,fp32,TruncN,27,10000,256,0.5,320000,160156,160156,0,0,160156,160156,160156,160156,160156,160156,0,0,0,0,0,160156,160156,0,40799844,160156,160156,0,159844,160156,1.0,1.0,1.0,1.0,,,,,1.0,1.0,0.0,0.0,1.0,1.0,0.0,0.0,2.3850339620223437e-06,5.39,linear_centered_per_block
20261003T082105Z,2026-10-03T08:21:05.237830+00:00,20812aef948eaa8d0f8bc34d3ad2eeddd8c87d07,atlas-47,npu:0,2.7.1+cpu,2.7.1.post10,3.9.9,8564040183603209163,1791015664502287109,1024,1024,3072,fp32,TruncN,28,10000,256,0.5,320000,159626,159626,0,0,159626,159626,159626,159626,159626,159626,0,0,0,0,0,159626,159626,0,40800374,159626,159626,0,160374,159626,1.0,1.0,1.0,1.0,,,,,1.0,1.0,0.0,0.0,1.0,1.0,0.0,0.0,2.3850339620223437e-06,5.39,linear_centered_per_block
20261003T082105Z,2026-10-03T08:21:05.237830+00:00,20812aef948eaa8d0f8bc34d3ad2eeddd8c87d07,atlas-47,npu:0,2.7.1+cpu,2.7.1.post10,3.9.9,2208010305517091979,1791015664502287109,1024,1024,3072,fp32,TruncN,29,10000,256,0.5,320000,160235,160235,0,0,160235,160235,160235,160235,160235,160235,0,0,0,0,0,160235,160235,0,40799765,160235,160235,0,159765,160235,1.0,1.0,1.0,1.0,,,,,1.0,1.0,0.0,0.0,1.0,1.0,0.0,0.0,2.3850339620223437e-06,5.39,linear_centered_per_block
20261003T082105Z,2026-10-03T08:21:05.237830+00:00,20812aef948eaa8d0f8bc34d3ad2eeddd8c87d07,atlas-47,npu:0,2.7.1+cpu,2.7.1.post10,3.9.9,2242768276336233529,1791015664502287109,1024,1024,3072,fp32,TruncN,30,10000,256,0.5,320000,160570,160570,0,0,160570,160570,160570,160570,160570,160570,0,0,0,0,0,160570,160570,0,40799430,160570,160570,0,159430,160570,1.0,1.0,1.0,1.0,,,,,1.0,1.0,0.0,0.0,1.0,1.0,0.0,0.0,2.3850339620223437e-06,5.39,linear_centered_per_block
20261003T082105Z,2026-10-03T08:21:05.237830+00:00,20812aef948eaa8d0f8bc34d3ad2eeddd8c87d07,atlas-47,npu:0,2.7.1+cpu,2.7.1.post10,3.9.9,1954343145266417287,1791015664502287109,1024,1024,3072,fp32,"U(-1,1)",23,10000,256,0.5,320000,160011,160011,0,0,160011,160011,159782,160011,159782,159595,0,0,0,0,0,160011,159782,0,40799989,160011,159782,0,159989,159595,0.998568848391673,0.998568848391673,0.9974001787377118,0.99882965540549,,,,,0.998568848391673,0.998568848391673,0.0,0.0,0.9974001787377118,0.99882965540549,0.0,0.0,2.3850339620223437e-06,5.39,linear_centered_per_block
20261003T082105Z,2026-10-03T08:21:05.237830+00:00,20812aef948eaa8d0f8bc34d3ad2eeddd8c87d07,atlas-47,npu:0,2.7.1+cpu,2.7.1.post10,3.9.9,8794004917709124578,1791015664502287109,1024,1024,3072,fp32,"U(-1,1)",24,10000,256,0.5,320000,159623,159623,0,0,159623,159623,159565,159623,159565,159403,0,0,0,0,0,159623,159565,0,40800377,159623,159565,0,160377,159403,0.9996366438420529,0.9996366438420529,0.9986217525043384,0.9989847397612258,,,,,0.9996366438420529,0.9996366438420529,0.0,0.0,0.9986217525043384,0.9989847397612258,0.0,0.0,2.3850339620223437e-06,5.39,linear_centered_per_block
20261003T082105Z,2026-10-03T08:21:05.237830+00:00,20812aef948eaa8d0f8bc34d3ad2eeddd8c87d07,atlas-47,npu:0,2.7.1+cpu,2.7.1.post10,3.9.9,5951569208427985303,1791015664502287109,1024,1024,3072,fp32,"U(-1,1)",25,10000,256,0.5,320000,159666,159666,0,0,159666,159666,159607,159666,159607,159601,0,0,0,0,0,159666,159607,0,40800334,159666,159607,0,160334,159601,0.9996304786241279,0.9996304786241279,0.9995929001791239,0.9999624076638243,,,,,0.9996304786241279,0.9996304786241279,0.0,0.0,0.9995929001791239,0.9999624076638243,0.0,0.0,2.3850339620223437e-06,5.39,linear_centered_per_block
20261003T082105Z,2026-10-03T08:21:05.237830+00:00,20812aef948eaa8d0f8bc34d3ad2eeddd8c87d07,atlas-47,npu:0,2.7.1+cpu,2.7.1.post10,3.9.9,6735285695842317055,1791015664502287109,1024,1024,3072,fp32,"U(-1,1)",26,10000,256,0.5,320000,159450,159450,0,0,159450,159450,159385,159450,159385,159252,0,0,0,0,0,159450,159385,0,40800550,159450,159385,0,160550,159252,0.9995923486986517,0.9995923486986517,0.998758231420508,0.9991655425541927,,,,,0.9995923486986517,0.9995923486986517,0.0,0.0,0.998758231420508,0.9991655425541927,0.0,0.0,2.3850339620223437e-06,5.39,linear_centered_per_block
20261003T082105Z,2026-10-03T08:21:05.237830+00:00,20812aef948eaa8d0f8bc34d3ad2eeddd8c87d07,atlas-47,npu:0,2.7.1+cpu,2.7.1.post10,3.9.9,4777025385965332790,1791015664502287109,1024,1024,3072,fp32,"U(-1,1)",27,10000,256,0.5,320000,159647,159647,0,0,159647,159647,159524,159647,159524,159389,0,0,0,0,0,159647,159524,0,40800353,159647,159524,0,160353,159389,0.9992295501951179,0.9992295501951179,0.9983839345556134,0.9991537323537524,,,,,0.9992295501951179,0.9992295501951179,0.0,0.0,0.9983839345556134,0.9991537323537524,0.0,0.0,2.3850339620223437e-06,5.39,linear_centered_per_block
20261003T082105Z,2026-10-03T08:21:05.237830+00:00,20812aef948eaa8d0f8bc34d3ad2eeddd8c87d07,atlas-47,npu:0,2.7.1+cpu,2.7.1.post10,3.9.9,6963131620163148281,1791015664502287109,1024,1024,3072,fp32,"U(-1,1)",28,10000,256,0.5,320000,160354,160354,0,0,160354,160354,160230,160354,160230,160105,0,0,0,0,0,160354,160230,0,40799646,160354,160230,0,159646,160105,0.999226710902129,0.999226710902129,0.9984471856018559,0.9992198714348125,,,,,0.999226710902129,0.999226710902129,0.0,0.0,0.9984471856018559,0.9992198714348125,0.0,0.0,2.3850339620223437e-06,5.39,linear_centered_per_block
20261003T082105Z,2026-10-03T08:21:05.237830+00:00,20812aef948eaa8d0f8bc34d3ad2eeddd8c87d07,atlas-47,npu:0,2.7.1+cpu,2.7.1.post10,3.9.9,6024802829912814344,1791015664502287109,1024,1024,3072,fp32,"U(-1,1)",29,10000,256,0.5,320000,160045,160045,0,0,160045,160045,159927,160045,159927,159789,0,0,0,0,0,160045,159927,0,40799955,160045,159927,0,159955,159789,0.999262707363554,0.999262707363554,0.9984004498734731,0.9991371063047515,,,,,0.999262707363554,0.999262707363554,0.0,0.0,0.9984004498734731,0.9991371063047515,0.0,0.0,2.3850339620223437e-06,5.39,linear_centered_per_block
20261003T082105Z,2026-10-03T08:21:05.237830+00:00,20812aef948eaa8d0f8bc34d3ad2eeddd8c87d07,atlas-47,npu:0,2.7.1+cpu,2.7.1.post10,3.9.9,8715431897433649604,1791015664502287109,1024,1024,3072,fp32,"U(-1,1)",30,10000,256,0.5,320000,160439,153553,6886,0,153553,153553,153553,153553,153553,146757,6886,6886,6886,6886,6886,160439,160439,0,40799561,160439,160439,0,159561,153643,1.0,1.0,0.9557416657440754,0.9557416657440754,1.0,1.0,1.0,1.0,1.0,1.0,0.0,0.0,0.957641221897419,0.957641221897419,0.04291973896621146,0.0,2.3850339620223437e-06,5.39,linear_centered_per_block
20261003T082105Z,2026-10-03T08:21:05.237830+00:00,20812aef948eaa8d0f8bc34d3ad2eeddd8c87d07,atlas-47,npu:0,2.7.1+cpu,2.7.1.post10,3.9.9,3118312764238623626,1791015664502287109,1024,1024,4096,bf16,"N(1,1)",7,10000,256,0.5,320000,160017,160017,0,0,160017,160017,0,160017,0,0,0,0,0,0,0,160017,0,0,40799983,160017,0,0,159983,0,0.0,0.0,0.0,,,,,,0.0,0.0,0.0,0.0,0.0,,0.0,0.0,0.008,5.39,linear_centered_per_block
20261003T082105Z,2026-10-03T08:21:05.237830+00:00,20812aef948eaa8d0f8bc34d3ad2eeddd8c87d07,atlas-47,npu:0,2.7.1+cpu,2.7.1.post10,3.9.9,3846109403814120385,1791015664502287109,1024,1024,4096,bf16,"N(1,1)",8,10000,256,0.5,320000,159619,159619,0,0,159619,159619,0,159619,0,0,0,0,0,0,0,159619,0,0,40800381,159619,0,0,160381,0,0.0,0.0,0.0,,,,,,0.0,0.0,0.0,0.0,0.0,,0.0,0.0,0.008,5.39,linear_centered_per_block
20261003T082105Z,2026-10-03T08:21:05.237830+00:00,20812aef948eaa8d0f8bc34d3ad2eeddd8c87d07,atlas-47,npu:0,2.7.1+cpu,2.7.1.post10,3.9.9,2171002987765161293,1791015664502287109,1024,1024,4096,bf16,"N(1,1)",9,10000,256,0.5,320000,160037,160037,0,0,160037,160037,160037,160037,160037,156772,0,0,0,0,0,160037,160037,0,40799963,160037,160037,0,159963,156772,1.0,1.0,0.9795984678543087,0.9795984678543087,,,,,1.0,1.0,0.0,0.0,0.9795984678543087,0.9795984678543087,0.0,0.0,0.008,5.39,linear_centered_per_block
20261003T082105Z,2026-10-03T08:21:05.237830+00:00,20812aef948eaa8d0f8bc34d3ad2eeddd8c87d07,atlas-47,npu:0,2.7.1+cpu,2.7.1.post10,3.9.9,3924747430107425335,1791015664502287109,1024,1024,4096,bf16,"N(1,1)",10,10000,256,0.5,320000,160120,160120,0,0,160120,160120,0,160120,0,0,0,0,0,0,0,160120,0,0,40799880,160120,0,0,159880,0,0.0,0.0,0.0,,,,,,0.0,0.0,0.0,0.0,0.0,,0.0,0.0,0.008,5.39,linear_centered_per_block
20261003T082105Z,2026-10-03T08:21:05.237830+00:00,20812aef948eaa8d0f8bc34d3ad2eeddd8c87d07,atlas-47,npu:0,2.7.1+cpu,2.7.1.post10,3.9.9,4289357395112898387,1791015664502287109,1024,1024,4096,bf16,"N(1,1)",11,10000,256,0.5,320000,160125,160125,0,0,160125,160125,160125,160125,160125,160125,0,0,0,0,0,160125,160125,0,40799875,160125,160125,0,159875,160125,1.0,1.0,1.0,1.0,,,,,1.0,1.0,0.0,0.0,1.0,1.0,0.0,0.0,0.008,5.39,linear_centered_per_block
20261003T082105Z,2026-10-03T08:21:05.237830+00:00,20812aef948eaa8d0f8bc34d3ad2eeddd8c87d07,atlas-47,npu:0,2.7.1+cpu,2.7.1.post10,3.9.9,1283259237555319481,1791015664502287109,1024,1024,4096,bf16,"N(1,1)",12,10000,256,0.5,320000,160116,160116,0,0,160116,160116,160116,160116,160116,160116,0,0,0,0,0,160116,160116,0,40799884,160116,160116,0,159884,160116,1.0,1.0,1.0,1.0,,,,,1.0,1.0,0.0,0.0,1.0,1.0,0.0,0.0,0.008,5.39,linear_centered_per_block
20261003T082105Z,2026-10-03T08:21:05.237830+00:00,20812aef948eaa8d0f8bc34d3ad2eeddd8c87d07,atlas-47,npu:0,2.7.1+cpu,2.7.1.post10,3.9.9,2883054555959803059,1791015664502287109,1024,1024,4096,bf16,"N(1,1)",13,10000,256,0.5,320000,159768,159768,0,0,159768,159768,159768,159768,159768,159768,0,0,0,0,0,159768,159768,0,40800232,159768,159768,0,160232,159768,1.0,1.0,1.0,1.0,,,,,1.0,1.0,0.0,0.0,1.0,1.0,0.0,0.0,0.008,5.39,linear_centered_per_block
20261003T082105Z,2026-10-03T08:21:05.237830+00:00,20812aef948eaa8d0f8bc34d3ad2eeddd8c87d07,atlas-47,npu:0,2.7.1+cpu,2.7.1.post10,3.9.9,7899410783402488056,1791015664502287109,1024,1024,4096,bf16,"N(1,1)",14,10000,256,0.5,320000,159633,159633,0,0,159633,159633,0,159633,0,0,0,0,0,0,0,159633,0,0,40800367,159633,0,0,160367,0,0.0,0.0,0.0,,,,,,0.0,0.0,0.0,0.0,0.0,,0.0,0.0,0.008,5.39,linear_centered_per_block
20261003T082105Z,2026-10-03T08:21:05.237830+00:00,20812aef948eaa8d0f8bc34d3ad2eeddd8c87d07,atlas-47,npu:0,2.7.1+cpu,2.7.1.post10,3.9.9,5452072471455954344,1791015664502287109,1024,1024,4096,bf16,"N(1e-6,1)",7,10000,256,0.5,320000,160269,160269,0,0,160269,160269,0,160269,0,0,0,0,0,0,0,160269,0,0,40799731,160269,0,0,159731,0,0.0,0.0,0.0,,,,,,0.0,0.0,0.0,0.0,0.0,,0.0,0.0,0.008,5.39,linear_centered_per_block
20261003T082105Z,2026-10-03T08:21:05.237830+00:00,20812aef948eaa8d0f8bc34d3ad2eeddd8c87d07,atlas-47,npu:0,2.7.1+cpu,2.7.1.post10,3.9.9,8026397259809147617,1791015664502287109,1024,1024,4096,bf16,"N(1e-6,1)",8,10000,256,0.5,320000,159914,159914,0,0,159914,159914,0,159914,0,0,0,0,0,0,0,159914,0,0,40800086,159914,0,0,160086,0,0.0,0.0,0.0,,,,,,0.0,0.0,0.0,0.0,0.0,,0.0,0.0,0.008,5.39,linear_centered_per_block
20261003T082105Z,2026-10-03T08:21:05.237830+00:00,20812aef948eaa8d0f8bc34d3ad2eeddd8c87d07,atlas-47,npu:0,2.7.1+cpu,2.7.1.post10,3.9.9,6223964220297355376,1791015664502287109,1024,1024,4096,bf16,"N(1e-6,1)",9,10000,256,0.5,320000,159745,159745,0,0,159745,159745,0,159745,0,0,0,0,0,0,0,159745,0,0,40800255,159745,0,0,160255,0,0.0,0.0,0.0,,,,,,0.0,0.0,0.0,0.0,0.0,,0.0,0.0,0.008,5.39,linear_centered_per_block
20261003T082105Z,2026-10-03T08:21:05.237830+00:00,20812aef948eaa8d0f8bc34d3ad2eeddd8c87d07,atlas-47,npu:0,2.7.1+cpu,2.7.1.post10,3.9.9,7783269755671089044,1791015664502287109,1024,1024,4096,bf16,"N(1e-6,1)",10,10000,256,0.5,320000,159998,159998,0,0,159998,159998,155186,159998,155186,155064,0,0,0,0,0,159998,155186,0,40800002,159998,155186,0,160002,155064,0.9699246240578008,0.9699246240578008,0.9691621145264315,0.9992138466098746,,,,,0.9699246240578008,0.9699246240578008,0.0,0.0,0.9691621145264315,0.9992138466098746,0.0,0.0,0.008,5.39,linear_centered_per_block
20261003T082105Z,2026-10-03T08:21:05.237830+00:00,20812aef948eaa8d0f8bc34d3ad2eeddd8c87d07,atlas-47,npu:0,2.7.1+cpu,2.7.1.post10,3.9.9,7067304542768852185,1791015664502287109,1024,1024,4096,bf16,"N(1e-6,1)",11,10000,256,0.5,320000,159456,159456,0,0,159456,159456,155349,159456,155349,155349,0,0,0,0,0,159456,155349,0,40800544,159456,155349,0,160544,155349,0.9742436785069235,0.9742436785069235,0.9742436785069235,1.0,,,,,0.9742436785069235,0.9742436785069235,0.0,0.0,0.9742436785069235,1.0,0.0,0.0,0.008,5.39,linear_centered_per_block
20261003T082105Z,2026-10-03T08:21:05.237830+00:00,20812aef948eaa8d0f8bc34d3ad2eeddd8c87d07,atlas-47,npu:0,2.7.1+cpu,2.7.1.post10,3.9.9,4800886863605729515,1791015664502287109,1024,1024,4096,bf16,"N(1e-6,1)",12,10000,256,0.5,320000,160107,160107,0,0,160107,160107,156129,160107,156129,156129,0,0,0,0,0,160107,156129,0,40799893,160107,156129,0,159893,156129,0.9751541156851355,0.9751541156851355,0.9751541156851355,1.0,,,,,0.9751541156851355,0.9751541156851355,0.0,0.0,0.9751541156851355,1.0,0.0,0.0,0.008,5.39,linear_centered_per_block
20261003T082105Z,2026-10-03T08:21:05.237830+00:00,20812aef948eaa8d0f8bc34d3ad2eeddd8c87d07,atlas-47,npu:0,2.7.1+cpu,2.7.1.post10,3.9.9,4716329068234010015,1791015664502287109,1024,1024,4096,bf16,"N(1e-6,1)",13,10000,256,0.5,320000,160084,160084,0,0,160084,160084,156177,160084,156177,156177,0,0,0,0,0,160084,156177,0,40799916,160084,156177,0,159916,156177,0.9755940631168637,0.9755940631168637,0.9755940631168637,1.0,,,,,0.9755940631168637,0.9755940631168637,0.0,0.0,0.9755940631168637,1.0,0.0,0.0,0.008,5.39,linear_centered_per_block
20261003T082105Z,2026-10-03T08:21:05.237830+00:00,20812aef948eaa8d0f8bc34d3ad2eeddd8c87d07,atlas-47,npu:0,2.7.1+cpu,2.7.1.post10,3.9.9,955644717315881009,1791015664502287109,1024,1024,4096,bf16,"N(1e-6,1)",14,10000,256,0.5,320000,160062,158092,1970,15,158077,158092,2022,158092,2022,89,1970,1970,1970,1970,1970,160062,3992,0,40799938,160062,3992,0,159938,2059,0.012790021000430129,0.012790021000430129,0.0005629633378033044,0.044015825914935705,1.0,1.0,1.0,1.0,0.02494033561994727,0.02494033561994727,0.0,0.0,0.012863765290949757,0.5157815631262525,0.012307730754332696,9.371368594669566e-05,0.008,5.39,linear_centered_per_block
20261003T082105Z,2026-10-03T08:21:05.237830+00:00,20812aef948eaa8d0f8bc34d3ad2eeddd8c87d07,atlas-47,npu:0,2.7.1+cpu,2.7.1.post10,3.9.9,3951347937384396917,1791015664502287109,1024,1024,4096,bf16,TruncN,7,10000,256,0.5,320000,159593,159593,0,0,159593,159593,0,159593,0,0,0,0,0,0,0,159593,0,0,40800407,159593,0,0,160407,0,0.0,0.0,0.0,,,,,,0.0,0.0,0.0,0.0,0.0,,0.0,0.0,0.008,5.39,linear_centered_per_block
20261003T082105Z,2026-10-03T08:21:05.237830+00:00,20812aef948eaa8d0f8bc34d3ad2eeddd8c87d07,atlas-47,npu:0,2.7.1+cpu,2.7.1.post10,3.9.9,2199766244756371651,1791015664502287109,1024,1024,4096,bf16,TruncN,8,10000,256,0.5,320000,160576,160576,0,0,160576,160576,0,160576,0,0,0,0,0,0,0,160576,0,0,40799424,160576,0,0,159424,0,0.0,0.0,0.0,,,,,,0.0,0.0,0.0,0.0,0.0,,0.0,0.0,0.008,5.39,linear_centered_per_block
20261003T082105Z,2026-10-03T08:21:05.237830+00:00,20812aef948eaa8d0f8bc34d3ad2eeddd8c87d07,atlas-47,npu:0,2.7.1+cpu,2.7.1.post10,3.9.9,5693799842166750425,1791015664502287109,1024,1024,4096,bf16,TruncN,9,10000,256,0.5,320000,160298,160298,0,0,160298,160298,160298,160298,160298,156589,0,0,0,0,0,160298,160298,0,40799702,160298,160298,0,159702,156589,1.0,1.0,0.9768618448140338,0.9768618448140338,,,,,1.0,1.0,0.0,0.0,0.9768618448140338,0.9768618448140338,0.0,0.0,0.008,5.39,linear_centered_per_block
20261003T082105Z,2026-10-03T08:21:05.237830+00:00,20812aef948eaa8d0f8bc34d3ad2eeddd8c87d07,atlas-47,npu:0,2.7.1+cpu,2.7.1.post10,3.9.9,7031148312244165876,1791015664502287109,1024,1024,4096,bf16,TruncN,10,10000,256,0.5,320000,160215,160215,0,0,160215,160215,0,160215,0,0,0,0,0,0,0,160215,0,0,40799785,160215,0,0,159785,0,0.0,0.0,0.0,,,,,,0.0,0.0,0.0,0.0,0.0,,0.0,0.0,0.008,5.39,linear_centered_per_block
20261003T082105Z,2026-10-03T08:21:05.237830+00:00,20812aef948eaa8d0f8bc34d3ad2eeddd8c87d07,atlas-47,npu:0,2.7.1+cpu,2.7.1.post10,3.9.9,6738653528030731663,1791015664502287109,1024,1024,4096,bf16,TruncN,11,10000,256,0.5,320000,160275,160275,0,0,160275,160275,160275,160275,160275,160275,0,0,0,0,0,160275,160275,0,40799725,160275,160275,0,159725,160275,1.0,1.0,1.0,1.0,,,,,1.0,1.0,0.0,0.0,1.0,1.0,0.0,0.0,0.008,5.39,linear_centered_per_block
20261003T082105Z,2026-10-03T08:21:05.237830+00:00,20812aef948eaa8d0f8bc34d3ad2eeddd8c87d07,atlas-47,npu:0,2.7.1+cpu,2.7.1.post10,3.9.9,2814575806370265281,1791015664502287109,1024,1024,4096,bf16,TruncN,12,10000,256,0.5,320000,159939,159939,0,0,159939,159939,159939,159939,159939,159939,0,0,0,0,0,159939,159939,0,40800061,159939,159939,0,160061,159939,1.0,1.0,1.0,1.0,,,,,1.0,1.0,0.0,0.0,1.0,1.0,0.0,0.0,0.008,5.39,linear_centered_per_block
20261003T082105Z,2026-10-03T08:21:05.237830+00:00,20812aef948eaa8d0f8bc34d3ad2eeddd8c87d07,atlas-47,npu:0,2.7.1+cpu,2.7.1.post10,3.9.9,4819863998786241007,1791015664502287109,1024,1024,4096,bf16,TruncN,13,10000,256,0.5,320000,159942,159942,0,0,159942,159942,159942,159942,159942,159942,0,0,0,0,0,159942,159942,0,40800058,159942,159942,0,160058,159942,1.0,1.0,1.0,1.0,,,,,1.0,1.0,0.0,0.0,1.0,1.0,0.0,0.0,0.008,5.39,linear_centered_per_block
20261003T082105Z,2026-10-03T08:21:05.237830+00:00,20812aef948eaa8d0f8bc34d3ad2eeddd8c87d07,atlas-47,npu:0,2.7.1+cpu,2.7.1.post10,3.9.9,4936848111815697557,1791015664502287109,1024,1024,4096,bf16,TruncN,14,10000,256,0.5,320000,159637,159637,0,0,159637,159637,0,159637,0,0,0,0,0,0,0,159637,0,0,40800363,159637,0,0,160363,0,0.0,0.0,0.0,,,,,,0.0,0.0,0.0,0.0,0.0,,0.0,0.0,0.008,5.39,linear_centered_per_block
20261003T082105Z,2026-10-03T08:21:05.237830+00:00,20812aef948eaa8d0f8bc34d3ad2eeddd8c87d07,atlas-47,npu:0,2.7.1+cpu,2.7.1.post10,3.9.9,7517271056403144074,1791015664502287109,1024,1024,4096,bf16,"U(-1,1)",7,10000,256,0.5,320000,160687,160687,0,0,160687,160687,0,160687,0,0,0,0,0,0,0,160687,0,0,40799313,160687,0,0,159313,0,0.0,0.0,0.0,,,,,,0.0,0.0,0.0,0.0,0.0,,0.0,0.0,0.008,5.39,linear_centered_per_block
20261003T082105Z,2026-10-03T08:21:05.237830+00:00,20812aef948eaa8d0f8bc34d3ad2eeddd8c87d07,atlas-47,npu:0,2.7.1+cpu,2.7.1.post10,3.9.9,7300287883521723726,1791015664502287109,1024,1024,4096,bf16,"U(-1,1)",8,10000,256,0.5,320000,159856,159856,0,0,159856,159856,21428,159856,21428,15493,0,0,0,0,0,159856,21428,0,40800144,159856,21428,0,160144,15493,0.13404564107696929,0.13404564107696929,0.09691847662896606,0.7230259473585963,,,,,0.13404564107696929,0.13404564107696929,0.0,0.0,0.09691847662896606,0.7230259473585963,0.0,0.0,0.008,5.39,linear_centered_per_block
20261003T082105Z,2026-10-03T08:21:05.237830+00:00,20812aef948eaa8d0f8bc34d3ad2eeddd8c87d07,atlas-47,npu:0,2.7.1+cpu,2.7.1.post10,3.9.9,8999238340490564436,1791015664502287109,1024,1024,4096,bf16,"U(-1,1)",9,10000,256,0.5,320000,159795,159795,0,0,159795,159795,109976,159795,109976,96298,0,0,0,0,0,159795,109976,0,40800205,159795,109976,0,160205,96298,0.6882317969898933,0.6882317969898933,0.602634625614068,0.8756274096166436,,,,,0.6882317969898933,0.6882317969898933,0.0,0.0,0.602634625614068,0.8756274096166436,0.0,0.0,0.008,5.39,linear_centered_per_block
20261003T082105Z,2026-10-03T08:21:05.237830+00:00,20812aef948eaa8d0f8bc34d3ad2eeddd8c87d07,atlas-47,npu:0,2.7.1+cpu,2.7.1.post10,3.9.9,1683078088478052683,1791015664502287109,1024,1024,4096,bf16,"U(-1,1)",10,10000,256,0.5,320000,160363,160363,0,0,160363,160363,148331,160363,148331,148330,0,0,0,0,0,160363,148331,0,40799637,160363,148331,0,159637,148330,0.924970223804743,0.924970223804743,0.9249639879523331,0.9999932583209175,,,,,0.924970223804743,0.924970223804743,0.0,0.0,0.9249639879523331,0.9999932583209175,0.0,0.0,0.008,5.39,linear_centered_per_block
20261003T082105Z,2026-10-03T08:21:05.237830+00:00,20812aef948eaa8d0f8bc34d3ad2eeddd8c87d07,atlas-47,npu:0,2.7.1+cpu,2.7.1.post10,3.9.9,8835723771073082419,1791015664502287109,1024,1024,4096,bf16,"U(-1,1)",11,10000,256,0.5,320000,160267,160267,0,0,160267,160267,148266,160267,148266,148266,0,0,0,0,0,160267,148266,0,40799733,160267,148266,0,159733,148266,0.925118708155765,0.925118708155765,0.925118708155765,1.0,,,,,0.925118708155765,0.925118708155765,0.0,0.0,0.925118708155765,1.0,0.0,0.0,0.008,5.39,linear_centered_per_block
20261003T082105Z,2026-10-03T08:21:05.237830+00:00,20812aef948eaa8d0f8bc34d3ad2eeddd8c87d07,atlas-47,npu:0,2.7.1+cpu,2.7.1.post10,3.9.9,6141664740876552330,1791015664502287109,1024,1024,4096,bf16,"U(-1,1)",12,10000,256,0.5,320000,160011,160011,0,0,160011,160011,147868,160011,147868,147868,0,0,0,0,0,160011,147868,0,40799989,160011,147868,0,159989,147868,0.9241114673366206,0.9241114673366206,0.9241114673366206,1.0,,,,,0.9241114673366206,0.9241114673366206,0.0,0.0,0.9241114673366206,1.0,0.0,0.0,0.008,5.39,linear_centered_per_block
20261003T082105Z,2026-10-03T08:21:05.237830+00:00,20812aef948eaa8d0f8bc34d3ad2eeddd8c87d07,atlas-47,npu:0,2.7.1+cpu,2.7.1.post10,3.9.9,8451888562718019724,1791015664502287109,1024,1024,4096,bf16,"U(-1,1)",13,10000,256,0.5,320000,159825,159825,0,0,159825,159825,148046,159825,148046,148046,0,0,0,0,0,159825,148046,0,40800175,159825,148046,0,160175,148046,0.9263006413264508,0.9263006413264508,0.9263006413264508,1.0,,,,,0.9263006413264508,0.9263006413264508,0.0,0.0,0.9263006413264508,1.0,0.0,0.0,0.008,5.39,linear_centered_per_block
20261003T082105Z,2026-10-03T08:21:05.237830+00:00,20812aef948eaa8d0f8bc34d3ad2eeddd8c87d07,atlas-47,npu:0,2.7.1+cpu,2.7.1.post10,3.9.9,6676731604434108652,1791015664502287109,1024,1024,4096,bf16,"U(-1,1)",14,10000,256,0.5,320000,160365,154374,5991,26,154348,154374,6257,154374,6257,364,5991,5991,5991,5991,5991,160365,12248,0,40799635,160365,12248,0,159635,6355,0.04053143664088512,0.04053143664088512,0.0023579100107531063,0.05817484417452453,1.0,1.0,1.0,1.0,0.07637576777975244,0.07637576777975244,0.0,0.0,0.03962834783150937,0.5188602220770738,0.037358525862875316,0.0001621301406167181,0.008,5.39,linear_centered_per_block
20261003T082105Z,2026-10-03T08:21:05.237830+00:00,20812aef948eaa8d0f8bc34d3ad2eeddd8c87d07,atlas-47,npu:0,2.7.1+cpu,2.7.1.post10,3.9.9,7491592180747500202,1791015664502287109,1024,1024,4096,fp32,"N(1,1)",23,10000,256,0.5,320000,159729,159729,0,0,159729,159729,159729,159729,159729,159729,0,0,0,0,0,159729,159729,0,40800271,159729,159729,0,160271,159729,1.0,1.0,1.0,1.0,,,,,1.0,1.0,0.0,0.0,1.0,1.0,0.0,0.0,2.754e-06,5.39,linear_centered_per_block
20261003T082105Z,2026-10-03T08:21:05.237830+00:00,20812aef948eaa8d0f8bc34d3ad2eeddd8c87d07,atlas-47,npu:0,2.7.1+cpu,2.7.1.post10,3.9.9,404987708960516146,1791015664502287109,1024,1024,4096,fp32,"N(1,1)",24,10000,256,0.5,320000,159590,159590,0,0,159590,159590,159590,159590,159590,159590,0,0,0,0,0,159590,159590,0,40800410,159590,159590,0,160410,159590,1.0,1.0,1.0,1.0,,,,,1.0,1.0,0.0,0.0,1.0,1.0,0.0,0.0,2.754e-06,5.39,linear_centered_per_block
20261003T082105Z,2026-10-03T08:21:05.237830+00:00,20812aef948eaa8d0f8bc34d3ad2eeddd8c87d07,atlas-47,npu:0,2.7.1+cpu,2.7.1.post10,3.9.9,8474673462925931929,1791015664502287109,1024,1024,4096,fp32,"N(1,1)",25,10000,256,0.5,320000,160198,160198,0,0,160198,160198,160198,160198,160198,160198,0,0,0,0,0,160198,160198,0,40799802,160198,160198,0,159802,160198,1.0,1.0,1.0,1.0,,,,,1.0,1.0,0.0,0.0,1.0,1.0,0.0,0.0,2.754e-06,5.39,linear_centered_per_block
20261003T082105Z,2026-10-03T08:21:05.237830+00:00,20812aef948eaa8d0f8bc34d3ad2eeddd8c87d07,atlas-47,npu:0,2.7.1+cpu,2.7.1.post10,3.9.9,4979652195575999933,1791015664502287109,1024,1024,4096,fp32,"N(1,1)",26,10000,256,0.5,320000,159806,159806,0,0,159806,159806,159806,159806,159806,159806,0,0,0,0,0,159806,159806,0,40800194,159806,159806,0,160194,159806,1.0,1.0,1.0,1.0,,,,,1.0,1.0,0.0,0.0,1.0,1.0,0.0,0.0,2.754e-06,5.39,linear_centered_per_block
20261003T082105Z,2026-10-03T08:21:05.237830+00:00,20812aef948eaa8d0f8bc34d3ad2eeddd8c87d07,atlas-47,npu:0,2.7.1+cpu,2.7.1.post10,3.9.9,3110887124316802981,1791015664502287109,1024,1024,4096,fp32,"N(1,1)",27,10000,256,0.5,320000,159649,159649,0,0,159649,159649,159649,159649,159649,159649,0,0,0,0,0,159649,159649,0,40800351,159649,159649,0,160351,159649,1.0,1.0,1.0,1.0,,,,,1.0,1.0,0.0,0.0,1.0,1.0,0.0,0.0,2.754e-06,5.39,linear_centered_per_block
20261003T082105Z,2026-10-03T08:21:05.237830+00:00,20812aef948eaa8d0f8bc34d3ad2eeddd8c87d07,atlas-47,npu:0,2.7.1+cpu,2.7.1.post10,3.9.9,6434432539146753193,1791015664502287109,1024,1024,4096,fp32,"N(1,1)",28,10000,256,0.5,320000,160061,160061,0,0,160061,160061,160061,160061,160061,160061,0,0,0,0,0,160061,160061,0,40799939,160061,160061,0,159939,160061,1.0,1.0,1.0,1.0,,,,,1.0,1.0,0.0,0.0,1.0,1.0,0.0,0.0,2.754e-06,5.39,linear_centered_per_block
20261003T082105Z,2026-10-03T08:21:05.237830+00:00,20812aef948eaa8d0f8bc34d3ad2eeddd8c87d07,atlas-47,npu:0,2.7.1+cpu,2.7.1.post10,3.9.9,6545327944712961133,1791015664502287109,1024,1024,4096,fp32,"N(1,1)",29,10000,256,0.5,320000,159822,159822,0,0,159822,159822,159822,159822,159822,159822,0,0,0,0,0,159822,159822,0,40800178,159822,159822,0,160178,159822,1.0,1.0,1.0,1.0,,,,,1.0,1.0,0.0,0.0,1.0,1.0,0.0,0.0,2.754e-06,5.39,linear_centered_per_block
20261003T082105Z,2026-10-03T08:21:05.237830+00:00,20812aef948eaa8d0f8bc34d3ad2eeddd8c87d07,atlas-47,npu:0,2.7.1+cpu,2.7.1.post10,3.9.9,8323004618161052352,1791015664502287109,1024,1024,4096,fp32,"N(1,1)",30,10000,256,0.5,320000,160127,160127,0,0,160127,160127,160127,160127,160127,160127,0,0,0,0,0,160127,160127,0,40799873,160127,160127,0,159873,160127,1.0,1.0,1.0,1.0,,,,,1.0,1.0,0.0,0.0,1.0,1.0,0.0,0.0,2.754e-06,5.39,linear_centered_per_block
20261003T082105Z,2026-10-03T08:21:05.237830+00:00,20812aef948eaa8d0f8bc34d3ad2eeddd8c87d07,atlas-47,npu:0,2.7.1+cpu,2.7.1.post10,3.9.9,8061165738128633627,1791015664502287109,1024,1024,4096,fp32,"N(1e-6,1)",23,10000,256,0.5,320000,160304,160304,0,0,160304,160304,159544,160304,159544,159495,0,0,0,0,0,160304,159544,0,40799696,160304,159544,0,159696,159495,0.9952590078850184,0.9952590078850184,0.9949533386565526,0.9996928746928747,,,,,0.9952590078850184,0.9952590078850184,0.0,0.0,0.9949533386565526,0.9996928746928747,0.0,0.0,2.754e-06,5.39,linear_centered_per_block
20261003T082105Z,2026-10-03T08:21:05.237830+00:00,20812aef948eaa8d0f8bc34d3ad2eeddd8c87d07,atlas-47,npu:0,2.7.1+cpu,2.7.1.post10,3.9.9,821259540080772029,1791015664502287109,1024,1024,4096,fp32,"N(1e-6,1)",24,10000,256,0.5,320000,159873,159873,0,0,159873,159873,159602,159873,159602,159587,0,0,0,0,0,159873,159602,0,40800127,159873,159602,0,160127,159587,0.9983049045179612,0.9983049045179612,0.9982110800447855,0.9999060162153357,,,,,0.9983049045179612,0.9983049045179612,0.0,0.0,0.9982110800447855,0.9999060162153357,0.0,0.0,2.754e-06,5.39,linear_centered_per_block
20261003T082105Z,2026-10-03T08:21:05.237830+00:00,20812aef948eaa8d0f8bc34d3ad2eeddd8c87d07,atlas-47,npu:0,2.7.1+cpu,2.7.1.post10,3.9.9,6974572201340933199,1791015664502287109,1024,1024,4096,fp32,"N(1e-6,1)",25,10000,256,0.5,320000,159865,159865,0,0,159865,159865,159644,159865,159644,159603,0,0,0,0,0,159865,159644,0,40800135,159865,159644,0,160135,159603,0.9986175835861508,0.9986175835861508,0.9983611171926313,0.9997431785723234,,,,,0.9986175835861508,0.9986175835861508,0.0,0.0,0.9983611171926313,0.9997431785723234,0.0,0.0,2.754e-06,5.39,linear_centered_per_block
20261003T082105Z,2026-10-03T08:21:05.237830+00:00,20812aef948eaa8d0f8bc34d3ad2eeddd8c87d07,atlas-47,npu:0,2.7.1+cpu,2.7.1.post10,3.9.9,2532074781289269145,1791015664502287109,1024,1024,4096,fp32,"N(1e-6,1)",26,10000,256,0.5,320000,159780,159780,0,0,159780,159780,159344,159780,159344,159303,0,0,0,0,0,159780,159344,0,40800220,159780,159344,0,160220,159303,0.9972712479659532,0.9972712479659532,0.9970146451370635,0.9997426950497038,,,,,0.9972712479659532,0.9972712479659532,0.0,0.0,0.9970146451370635,0.9997426950497038,0.0,0.0,2.754e-06,5.39,linear_centered_per_block
20261003T082105Z,2026-10-03T08:21:05.237830+00:00,20812aef948eaa8d0f8bc34d3ad2eeddd8c87d07,atlas-47,npu:0,2.7.1+cpu,2.7.1.post10,3.9.9,562743901739386323,1791015664502287109,1024,1024,4096,fp32,"N(1e-6,1)",27,10000,256,0.5,320000,159917,159917,0,0,159917,159917,159530,159917,159530,159484,0,0,0,0,0,159917,159530,0,40800083,159917,159530,0,160083,159484,0.9975799946222103,0.9975799946222103,0.9972923454041784,0.9997116529806306,,,,,0.9975799946222103,0.9975799946222103,0.0,0.0,0.9972923454041784,0.9997116529806306,0.0,0.0,2.754e-06,5.39,linear_centered_per_block
20261003T082105Z,2026-10-03T08:21:05.237830+00:00,20812aef948eaa8d0f8bc34d3ad2eeddd8c87d07,atlas-47,npu:0,2.7.1+cpu,2.7.1.post10,3.9.9,1681643041231165149,1791015664502287109,1024,1024,4096,fp32,"N(1e-6,1)",28,10000,256,0.5,320000,160478,160478,0,0,160478,160478,160043,160478,160043,160005,0,0,0,0,0,160478,160043,0,40799522,160478,160043,0,159522,160005,0.997289348072633,0.997289348072633,0.9970525554904722,0.9997625638109758,,,,,0.997289348072633,0.997289348072633,0.0,0.0,0.9970525554904722,0.9997625638109758,0.0,0.0,2.754e-06,5.39,linear_centered_per_block
20261003T082105Z,2026-10-03T08:21:05.237830+00:00,20812aef948eaa8d0f8bc34d3ad2eeddd8c87d07,atlas-47,npu:0,2.7.1+cpu,2.7.1.post10,3.9.9,7576117625100903733,1791015664502287109,1024,1024,4096,fp32,"N(1e-6,1)",29,10000,256,0.5,320000,159606,159606,0,0,159606,159606,159173,159606,159173,159133,0,0,0,0,0,159606,159173,0,40800394,159606,159173,0,160394,159133,0.9972870694084183,0.9972870694084183,0.9970364522636994,0.9997487010988044,,,,,0.9972870694084183,0.9972870694084183,0.0,0.0,0.9970364522636994,0.9997487010988044,0.0,0.0,2.754e-06,5.39,linear_centered_per_block
20261003T082105Z,2026-10-03T08:21:05.237830+00:00,20812aef948eaa8d0f8bc34d3ad2eeddd8c87d07,atlas-47,npu:0,2.7.1+cpu,2.7.1.post10,3.9.9,6034489912910251401,1791015664502287109,1024,1024,4096,fp32,"N(1e-6,1)",30,10000,256,0.5,320000,160625,158605,2020,0,158605,158605,158605,158605,158605,156713,2020,2020,2020,2020,2020,160625,160625,0,40799375,160625,160625,0,159375,158733,1.0,1.0,0.9880709939787522,0.9880709939787522,1.0,1.0,1.0,1.0,1.0,1.0,0.0,0.0,0.9882210116731518,0.9882210116731518,0.012575875486381323,0.0,2.754e-06,5.39,linear_centered_per_block
20261003T082105Z,2026-10-03T08:21:05.237830+00:00,20812aef948eaa8d0f8bc34d3ad2eeddd8c87d07,atlas-47,npu:0,2.7.1+cpu,2.7.1.post10,3.9.9,7154509146423504259,1791015664502287109,1024,1024,4096,fp32,TruncN,23,10000,256,0.5,320000,159775,159775,0,0,159775,159775,159775,159775,159775,159775,0,0,0,0,0,159775,159775,0,40800225,159775,159775,0,160225,159775,1.0,1.0,1.0,1.0,,,,,1.0,1.0,0.0,0.0,1.0,1.0,0.0,0.0,2.754e-06,5.39,linear_centered_per_block
20261003T082105Z,2026-10-03T08:21:05.237830+00:00,20812aef948eaa8d0f8bc34d3ad2eeddd8c87d07,atlas-47,npu:0,2.7.1+cpu,2.7.1.post10,3.9.9,8313253838217213714,1791015664502287109,1024,1024,4096,fp32,TruncN,24,10000,256,0.5,320000,159849,159849,0,0,159849,159849,159849,159849,159849,159849,0,0,0,0,0,159849,159849,0,40800151,159849,159849,0,160151,159849,1.0,1.0,1.0,1.0,,,,,1.0,1.0,0.0,0.0,1.0,1.0,0.0,0.0,2.754e-06,5.39,linear_centered_per_block
20261003T082105Z,2026-10-03T08:21:05.237830+00:00,20812aef948eaa8d0f8bc34d3ad2eeddd8c87d07,atlas-47,npu:0,2.7.1+cpu,2.7.1.post10,3.9.9,118213803324392013,1791015664502287109,1024,1024,4096,fp32,TruncN,25,10000,256,0.5,320000,159860,159860,0,0,159860,159860,159860,159860,159860,159860,0,0,0,0,0,159860,159860,0,40800140,159860,159860,0,160140,159860,1.0,1.0,1.0,1.0,,,,,1.0,1.0,0.0,0.0,1.0,1.0,0.0,0.0,2.754e-06,5.39,linear_centered_per_block
20261003T082105Z,2026-10-03T08:21:05.237830+00:00,20812aef948eaa8d0f8bc34d3ad2eeddd8c87d07,atlas-47,npu:0,2.7.1+cpu,2.7.1.post10,3.9.9,3734468547254526601,1791015664502287109,1024,1024,4096,fp32,TruncN,26,10000,256,0.5,320000,160103,160103,0,0,160103,160103,160103,160103,160103,160103,0,0,0,0,0,160103,160103,0,40799897,160103,160103,0,159897,160103,1.0,1.0,1.0,1.0,,,,,1.0,1.0,0.0,0.0,1.0,1.0,0.0,0.0,2.754e-06,5.39,linear_centered_per_block
20261003T082105Z,2026-10-03T08:21:05.237830+00:00,20812aef948eaa8d0f8bc34d3ad2eeddd8c87d07,atlas-47,npu:0,2.7.1+cpu,2.7.1.post10,3.9.9,2147290830768761003,1791015664502287109,1024,1024,4096,fp32,TruncN,27,10000,256,0.5,320000,160377,160377,0,0,160377,160377,160377,160377,160377,160377,0,0,0,0,0,160377,160377,0,40799623,160377,160377,0,159623,160377,1.0,1.0,1.0,1.0,,,,,1.0,1.0,0.0,0.0,1.0,1.0,0.0,0.0,2.754e-06,5.39,linear_centered_per_block
20261003T082105Z,2026-10-03T08:21:05.237830+00:00,20812aef948eaa8d0f8bc34d3ad2eeddd8c87d07,atlas-47,npu:0,2.7.1+cpu,2.7.1.post10,3.9.9,7198756910489008868,1791015664502287109,1024,1024,4096,fp32,TruncN,28,10000,256,0.5,320000,159742,159742,0,0,159742,159742,159742,159742,159742,159742,0,0,0,0,0,159742,159742,0,40800258,159742,159742,0,160258,159742,1.0,1.0,1.0,1.0,,,,,1.0,1.0,0.0,0.0,1.0,1.0,0.0,0.0,2.754e-06,5.39,linear_centered_per_block
20261003T082105Z,2026-10-03T08:21:05.237830+00:00,20812aef948eaa8d0f8bc34d3ad2eeddd8c87d07,atlas-47,npu:0,2.7.1+cpu,2.7.1.post10,3.9.9,4161201800044591877,1791015664502287109,1024,1024,4096,fp32,TruncN,29,10000,256,0.5,320000,160445,160445,0,0,160445,160445,160445,160445,160445,160445,0,0,0,0,0,160445,160445,0,40799555,160445,160445,0,159555,160445,1.0,1.0,1.0,1.0,,,,,1.0,1.0,0.0,0.0,1.0,1.0,0.0,0.0,2.754e-06,5.39,linear_centered_per_block
20261003T082105Z,2026-10-03T08:21:05.237830+00:00,20812aef948eaa8d0f8bc34d3ad2eeddd8c87d07,atlas-47,npu:0,2.7.1+cpu,2.7.1.post10,3.9.9,142950818987935422,1791015664502287109,1024,1024,4096,fp32,TruncN,30,10000,256,0.5,320000,159466,159466,0,0,159466,159466,159466,159466,159466,159466,0,0,0,0,0,159466,159466,0,40800534,159466,159466,0,160534,159466,1.0,1.0,1.0,1.0,,,,,1.0,1.0,0.0,0.0,1.0,1.0,0.0,0.0,2.754e-06,5.39,linear_centered_per_block
20261003T082105Z,2026-10-03T08:21:05.237830+00:00,20812aef948eaa8d0f8bc34d3ad2eeddd8c87d07,atlas-47,npu:0,2.7.1+cpu,2.7.1.post10,3.9.9,4653273557511973401,1791015664502287109,1024,1024,4096,fp32,"U(-1,1)",23,10000,256,0.5,320000,160361,160361,0,0,160361,160361,160180,160361,160180,159951,0,0,0,0,0,160361,160180,0,40799639,160361,160180,0,159639,159951,0.9988712966369628,0.9988712966369628,0.9974432686251645,0.9985703583468598,,,,,0.9988712966369628,0.9988712966369628,0.0,0.0,0.9974432686251645,0.9985703583468598,0.0,0.0,2.754e-06,5.39,linear_centered_per_block
20261003T082105Z,2026-10-03T08:21:05.237830+00:00,20812aef948eaa8d0f8bc34d3ad2eeddd8c87d07,atlas-47,npu:0,2.7.1+cpu,2.7.1.post10,3.9.9,2985227895808631514,1791015664502287109,1024,1024,4096,fp32,"U(-1,1)",24,10000,256,0.5,320000,159739,159739,0,0,159739,159739,159689,159739,159689,159457,0,0,0,0,0,159739,159689,0,40800261,159739,159689,0,160261,159457,0.9996869894014612,0.9996869894014612,0.9982346202242408,0.9985471760734929,,,,,0.9996869894014612,0.9996869894014612,0.0,0.0,0.9982346202242408,0.9985471760734929,0.0,0.0,2.754e-06,5.39,linear_centered_per_block
20261003T082105Z,2026-10-03T08:21:05.237830+00:00,20812aef948eaa8d0f8bc34d3ad2eeddd8c87d07,atlas-47,npu:0,2.7.1+cpu,2.7.1.post10,3.9.9,7430139513422808172,1791015664502287109,1024,1024,4096,fp32,"U(-1,1)",25,10000,256,0.5,320000,160419,160419,0,0,160419,160419,160361,160419,160361,160347,0,0,0,0,0,160419,160361,0,40799581,160419,160361,0,159581,160347,0.999638446817397,0.999638446817397,0.9995511753595272,0.9999126969774447,,,,,0.999638446817397,0.999638446817397,0.0,0.0,0.9995511753595272,0.9999126969774447,0.0,0.0,2.754e-06,5.39,linear_centered_per_block
20261003T082105Z,2026-10-03T08:21:05.237830+00:00,20812aef948eaa8d0f8bc34d3ad2eeddd8c87d07,atlas-47,npu:0,2.7.1+cpu,2.7.1.post10,3.9.9,7498990258963574078,1791015664502287109,1024,1024,4096,fp32,"U(-1,1)",26,10000,256,0.5,320000,160328,160328,0,0,160328,160328,160217,160328,160217,160069,0,0,0,0,0,160328,160217,0,40799672,160328,160217,0,159672,160069,0.9993076692779801,0.9993076692779801,0.9983845616486203,0.9990762528320964,,,,,0.9993076692779801,0.9993076692779801,0.0,0.0,0.9983845616486203,0.9990762528320964,0.0,0.0,2.754e-06,5.39,linear_centered_per_block
20261003T082105Z,2026-10-03T08:21:05.237830+00:00,20812aef948eaa8d0f8bc34d3ad2eeddd8c87d07,atlas-47,npu:0,2.7.1+cpu,2.7.1.post10,3.9.9,5682153429642743984,1791015664502287109,1024,1024,4096,fp32,"U(-1,1)",27,10000,256,0.5,320000,159949,159949,0,0,159949,159949,159795,159949,159795,159660,0,0,0,0,0,159949,159795,0,40800051,159949,159795,0,160051,159660,0.9990371931053024,0.9990371931053024,0.9981931740742361,0.9991551675584343,,,,,0.9990371931053024,0.9990371931053024,0.0,0.0,0.9981931740742361,0.9991551675584343,0.0,0.0,2.754e-06,5.39,linear_centered_per_block
20261003T082105Z,2026-10-03T08:21:05.237830+00:00,20812aef948eaa8d0f8bc34d3ad2eeddd8c87d07,atlas-47,npu:0,2.7.1+cpu,2.7.1.post10,3.9.9,1761491357976043632,1791015664502287109,1024,1024,4096,fp32,"U(-1,1)",28,10000,256,0.5,320000,160390,160390,0,0,160390,160390,160239,160390,160239,160093,0,0,0,0,0,160390,160239,0,40799610,160390,160239,0,159610,160093,0.9990585447970571,0.9990585447970571,0.9981482636074568,0.9990888610138605,,,,,0.9990585447970571,0.9990585447970571,0.0,0.0,0.9981482636074568,0.9990888610138605,0.0,0.0,2.754e-06,5.39,linear_centered_per_block
20261003T082105Z,2026-10-03T08:21:05.237830+00:00,20812aef948eaa8d0f8bc34d3ad2eeddd8c87d07,atlas-47,npu:0,2.7.1+cpu,2.7.1.post10,3.9.9,7745052796956568428,1791015664502287109,1024,1024,4096,fp32,"U(-1,1)",29,10000,256,0.5,320000,160328,160328,0,0,160328,160328,160186,160328,160186,160051,0,0,0,0,0,160328,160186,0,40799672,160328,160186,0,159672,160051,0.9991143156529115,0.9991143156529115,0.9982722918018063,0.99915722972045,,,,,0.9991143156529115,0.9991143156529115,0.0,0.0,0.9982722918018063,0.99915722972045,0.0,0.0,2.754e-06,5.39,linear_centered_per_block
20261003T082105Z,2026-10-03T08:21:05.237830+00:00,20812aef948eaa8d0f8bc34d3ad2eeddd8c87d07,atlas-47,npu:0,2.7.1+cpu,2.7.1.post10,3.9.9,7999362576361937291,1791015664502287109,1024,1024,4096,fp32,"U(-1,1)",30,10000,256,0.5,320000,159456,153497,5959,0,153497,153497,153497,153497,153497,147849,5959,5959,5959,5959,5959,159456,159456,0,40800544,159456,159456,0,160544,153808,1.0,1.0,0.9632044925959465,0.9632044925959465,1.0,1.0,1.0,1.0,1.0,1.0,0.0,0.0,0.9645795705398355,0.9645795705398355,0.037370810756572344,0.0,2.754e-06,5.39,linear_centered_per_block
20261003T082105Z,2026-10-03T08:21:05.237830+00:00,20812aef948eaa8d0f8bc34d3ad2eeddd8c87d07,atlas-47,npu:0,2.7.1+cpu,2.7.1.post10,3.9.9,7037191198171085748,1791015664502287109,1024,1024,6144,bf16,"N(1,1)",7,10000,256,0.5,320000,160244,160244,0,0,160244,160244,0,160244,0,0,0,0,0,0,0,160244,0,0,40799756,160244,0,0,159756,0,0.0,0.0,0.0,,,,,,0.0,0.0,0.0,0.0,0.0,,0.0,0.0,0.008,5.39,linear_centered_per_block
20261003T082105Z,2026-10-03T08:21:05.237830+00:00,20812aef948eaa8d0f8bc34d3ad2eeddd8c87d07,atlas-47,npu:0,2.7.1+cpu,2.7.1.post10,3.9.9,7527594512265841300,1791015664502287109,1024,1024,6144,bf16,"N(1,1)",8,10000,256,0.5,320000,159961,159961,0,0,159961,159961,0,159961,0,0,0,0,0,0,0,159961,0,0,40800039,159961,0,0,160039,0,0.0,0.0,0.0,,,,,,0.0,0.0,0.0,0.0,0.0,,0.0,0.0,0.008,5.39,linear_centered_per_block
20261003T082105Z,2026-10-03T08:21:05.237830+00:00,20812aef948eaa8d0f8bc34d3ad2eeddd8c87d07,atlas-47,npu:0,2.7.1+cpu,2.7.1.post10,3.9.9,3002115591552961307,1791015664502287109,1024,1024,6144,bf16,"N(1,1)",9,10000,256,0.5,320000,160298,160298,0,0,160298,160298,160298,160298,160298,159311,0,0,0,0,0,160298,160298,0,40799702,160298,160298,0,159702,159311,1.0,1.0,0.9938427179378407,0.9938427179378407,,,,,1.0,1.0,0.0,0.0,0.9938427179378407,0.9938427179378407,0.0,0.0,0.008,5.39,linear_centered_per_block
20261003T082105Z,2026-10-03T08:21:05.237830+00:00,20812aef948eaa8d0f8bc34d3ad2eeddd8c87d07,atlas-47,npu:0,2.7.1+cpu,2.7.1.post10,3.9.9,1046789915471905311,1791015664502287109,1024,1024,6144,bf16,"N(1,1)",10,10000,256,0.5,320000,160413,160413,0,0,160413,160413,0,160413,0,0,0,0,0,0,0,160413,0,0,40799587,160413,0,0,159587,0,0.0,0.0,0.0,,,,,,0.0,0.0,0.0,0.0,0.0,,0.0,0.0,0.008,5.39,linear_centered_per_block
20261003T082105Z,2026-10-03T08:21:05.237830+00:00,20812aef948eaa8d0f8bc34d3ad2eeddd8c87d07,atlas-47,npu:0,2.7.1+cpu,2.7.1.post10,3.9.9,4950740933416062276,1791015664502287109,1024,1024,6144,bf16,"N(1,1)",11,10000,256,0.5,320000,159941,159941,0,0,159941,159941,159941,159941,159941,159941,0,0,0,0,0,159941,159941,0,40800059,159941,159941,0,160059,159941,1.0,1.0,1.0,1.0,,,,,1.0,1.0,0.0,0.0,1.0,1.0,0.0,0.0,0.008,5.39,linear_centered_per_block
20261003T082105Z,2026-10-03T08:21:05.237830+00:00,20812aef948eaa8d0f8bc34d3ad2eeddd8c87d07,atlas-47,npu:0,2.7.1+cpu,2.7.1.post10,3.9.9,432551665140588660,1791015664502287109,1024,1024,6144,bf16,"N(1,1)",12,10000,256,0.5,320000,160420,160420,0,0,160420,160420,160420,160420,160420,160420,0,0,0,0,0,160420,160420,0,40799580,160420,160420,0,159580,160420,1.0,1.0,1.0,1.0,,,,,1.0,1.0,0.0,0.0,1.0,1.0,0.0,0.0,0.008,5.39,linear_centered_per_block
20261003T082105Z,2026-10-03T08:21:05.237830+00:00,20812aef948eaa8d0f8bc34d3ad2eeddd8c87d07,atlas-47,npu:0,2.7.1+cpu,2.7.1.post10,3.9.9,190692183310400750,1791015664502287109,1024,1024,6144,bf16,"N(1,1)",13,10000,256,0.5,320000,159912,159912,0,0,159912,159912,159912,159912,159912,159912,0,0,0,0,0,159912,159912,0,40800088,159912,159912,0,160088,159912,1.0,1.0,1.0,1.0,,,,,1.0,1.0,0.0,0.0,1.0,1.0,0.0,0.0,0.008,5.39,linear_centered_per_block
20261003T082105Z,2026-10-03T08:21:05.237830+00:00,20812aef948eaa8d0f8bc34d3ad2eeddd8c87d07,atlas-47,npu:0,2.7.1+cpu,2.7.1.post10,3.9.9,6377579006815124882,1791015664502287109,1024,1024,6144,bf16,"N(1,1)",14,10000,256,0.5,320000,160006,160006,0,0,160006,160006,0,160006,0,0,0,0,0,0,0,160006,0,0,40799994,160006,0,0,159994,0,0.0,0.0,0.0,,,,,,0.0,0.0,0.0,0.0,0.0,,0.0,0.0,0.008,5.39,linear_centered_per_block
20261003T082105Z,2026-10-03T08:21:05.237830+00:00,20812aef948eaa8d0f8bc34d3ad2eeddd8c87d07,atlas-47,npu:0,2.7.1+cpu,2.7.1.post10,3.9.9,6589606462940525238,1791015664502287109,1024,1024,6144,bf16,"N(1e-6,1)",7,10000,256,0.5,320000,160098,160098,0,0,160098,160098,0,160098,0,0,0,0,0,0,0,160098,0,0,40799902,160098,0,0,159902,0,0.0,0.0,0.0,,,,,,0.0,0.0,0.0,0.0,0.0,,0.0,0.0,0.008,5.39,linear_centered_per_block
20261003T082105Z,2026-10-03T08:21:05.237830+00:00,20812aef948eaa8d0f8bc34d3ad2eeddd8c87d07,atlas-47,npu:0,2.7.1+cpu,2.7.1.post10,3.9.9,625382382344141167,1791015664502287109,1024,1024,6144,bf16,"N(1e-6,1)",8,10000,256,0.5,320000,159961,159961,0,0,159961,159961,0,159961,0,0,0,0,0,0,0,159961,0,0,40800039,159961,0,0,160039,0,0.0,0.0,0.0,,,,,,0.0,0.0,0.0,0.0,0.0,,0.0,0.0,0.008,5.39,linear_centered_per_block
20261003T082105Z,2026-10-03T08:21:05.237830+00:00,20812aef948eaa8d0f8bc34d3ad2eeddd8c87d07,atlas-47,npu:0,2.7.1+cpu,2.7.1.post10,3.9.9,4987795915682354784,1791015664502287109,1024,1024,6144,bf16,"N(1e-6,1)",9,10000,256,0.5,320000,159819,159819,0,0,159819,159819,0,159819,0,0,0,0,0,0,0,159819,0,0,40800181,159819,0,0,160181,0,0.0,0.0,0.0,,,,,,0.0,0.0,0.0,0.0,0.0,,0.0,0.0,0.008,5.39,linear_centered_per_block
20261003T082105Z,2026-10-03T08:21:05.237830+00:00,20812aef948eaa8d0f8bc34d3ad2eeddd8c87d07,atlas-47,npu:0,2.7.1+cpu,2.7.1.post10,3.9.9,2241929344276627432,1791015664502287109,1024,1024,6144,bf16,"N(1e-6,1)",10,10000,256,0.5,320000,160150,160150,0,0,160150,160150,155210,160150,155210,155109,0,0,0,0,0,160150,155210,0,40799850,160150,155210,0,159850,155109,0.969153918201686,0.969153918201686,0.968523259444271,0.9993492687326847,,,,,0.969153918201686,0.969153918201686,0.0,0.0,0.968523259444271,0.9993492687326847,0.0,0.0,0.008,5.39,linear_centered_per_block
20261003T082105Z,2026-10-03T08:21:05.237830+00:00,20812aef948eaa8d0f8bc34d3ad2eeddd8c87d07,atlas-47,npu:0,2.7.1+cpu,2.7.1.post10,3.9.9,4410714899479668329,1791015664502287109,1024,1024,6144,bf16,"N(1e-6,1)",11,10000,256,0.5,320000,160407,160407,0,0,160407,160407,157130,160407,157130,157130,0,0,0,0,0,160407,157130,0,40799593,160407,157130,0,159593,157130,0.97957071698866,0.97957071698866,0.97957071698866,1.0,,,,,0.97957071698866,0.97957071698866,0.0,0.0,0.97957071698866,1.0,0.0,0.0,0.008,5.39,linear_centered_per_block
20261003T082105Z,2026-10-03T08:21:05.237830+00:00,20812aef948eaa8d0f8bc34d3ad2eeddd8c87d07,atlas-47,npu:0,2.7.1+cpu,2.7.1.post10,3.9.9,775281031826292632,1791015664502287109,1024,1024,6144,bf16,"N(1e-6,1)",12,10000,256,0.5,320000,160027,160027,0,0,160027,160027,156764,160027,156764,156764,0,0,0,0,0,160027,156764,0,40799973,160027,156764,0,159973,156764,0.9796096908646665,0.9796096908646665,0.9796096908646665,1.0,,,,,0.9796096908646665,0.9796096908646665,0.0,0.0,0.9796096908646665,1.0,0.0,0.0,0.008,5.39,linear_centered_per_block
20261003T082105Z,2026-10-03T08:21:05.237830+00:00,20812aef948eaa8d0f8bc34d3ad2eeddd8c87d07,atlas-47,npu:0,2.7.1+cpu,2.7.1.post10,3.9.9,7900952672090121516,1791015664502287109,1024,1024,6144,bf16,"N(1e-6,1)",13,10000,256,0.5,320000,159820,159820,0,0,159820,159820,156592,159820,156592,156592,0,0,0,0,0,159820,156592,0,40800180,159820,156592,0,160180,156592,0.9798022775622576,0.9798022775622576,0.9798022775622576,1.0,,,,,0.9798022775622576,0.9798022775622576,0.0,0.0,0.9798022775622576,1.0,0.0,0.0,0.008,5.39,linear_centered_per_block
20261003T082105Z,2026-10-03T08:21:05.237830+00:00,20812aef948eaa8d0f8bc34d3ad2eeddd8c87d07,atlas-47,npu:0,2.7.1+cpu,2.7.1.post10,3.9.9,1897311273410421128,1791015664502287109,1024,1024,6144,bf16,"N(1e-6,1)",14,10000,256,0.5,320000,160039,158451,1588,11,158440,158451,1571,158451,1571,73,1588,1588,1588,1588,1588,160039,3159,0,40799961,160039,3159,0,159961,1661,0.0099147370480464,0.0099147370480464,0.00046071025111864234,0.046467218332272436,1.0,1.0,1.0,1.0,0.019738938633708035,0.019738938633708035,0.0,0.0,0.01037872018695443,0.5257993035770814,0.00992258137079087,6.873324627122139e-05,0.008,5.39,linear_centered_per_block
20261003T082105Z,2026-10-03T08:21:05.237830+00:00,20812aef948eaa8d0f8bc34d3ad2eeddd8c87d07,atlas-47,npu:0,2.7.1+cpu,2.7.1.post10,3.9.9,712937660489104774,1791015664502287109,1024,1024,6144,bf16,TruncN,7,10000,256,0.5,320000,159440,159440,0,0,159440,159440,0,159440,0,0,0,0,0,0,0,159440,0,0,40800560,159440,0,0,160560,0,0.0,0.0,0.0,,,,,,0.0,0.0,0.0,0.0,0.0,,0.0,0.0,0.008,5.39,linear_centered_per_block
20261003T082105Z,2026-10-03T08:21:05.237830+00:00,20812aef948eaa8d0f8bc34d3ad2eeddd8c87d07,atlas-47,npu:0,2.7.1+cpu,2.7.1.post10,3.9.9,6419576895927048131,1791015664502287109,1024,1024,6144,bf16,TruncN,8,10000,256,0.5,320000,160146,160146,0,0,160146,160146,0,160146,0,0,0,0,0,0,0,160146,0,0,40799854,160146,0,0,159854,0,0.0,0.0,0.0,,,,,,0.0,0.0,0.0,0.0,0.0,,0.0,0.0,0.008,5.39,linear_centered_per_block
20261003T082105Z,2026-10-03T08:21:05.237830+00:00,20812aef948eaa8d0f8bc34d3ad2eeddd8c87d07,atlas-47,npu:0,2.7.1+cpu,2.7.1.post10,3.9.9,5376063232308487432,1791015664502287109,1024,1024,6144,bf16,TruncN,9,10000,256,0.5,320000,159694,159694,0,0,159694,159694,159694,159694,159694,158603,0,0,0,0,0,159694,159694,0,40800306,159694,159694,0,160306,158603,1.0,1.0,0.9931681841521911,0.9931681841521911,,,,,1.0,1.0,0.0,0.0,0.9931681841521911,0.9931681841521911,0.0,0.0,0.008,5.39,linear_centered_per_block
20261003T082105Z,2026-10-03T08:21:05.237830+00:00,20812aef948eaa8d0f8bc34d3ad2eeddd8c87d07,atlas-47,npu:0,2.7.1+cpu,2.7.1.post10,3.9.9,9199557766222954047,1791015664502287109,1024,1024,6144,bf16,TruncN,10,10000,256,0.5,320000,160036,160036,0,0,160036,160036,0,160036,0,0,0,0,0,0,0,160036,0,0,40799964,160036,0,0,159964,0,0.0,0.0,0.0,,,,,,0.0,0.0,0.0,0.0,0.0,,0.0,0.0,0.008,5.39,linear_centered_per_block
20261003T082105Z,2026-10-03T08:21:05.237830+00:00,20812aef948eaa8d0f8bc34d3ad2eeddd8c87d07,atlas-47,npu:0,2.7.1+cpu,2.7.1.post10,3.9.9,1472524779369994083,1791015664502287109,1024,1024,6144,bf16,TruncN,11,10000,256,0.5,320000,160092,160092,0,0,160092,160092,160092,160092,160092,160092,0,0,0,0,0,160092,160092,0,40799908,160092,160092,0,159908,160092,1.0,1.0,1.0,1.0,,,,,1.0,1.0,0.0,0.0,1.0,1.0,0.0,0.0,0.008,5.39,linear_centered_per_block
20261003T082105Z,2026-10-03T08:21:05.237830+00:00,20812aef948eaa8d0f8bc34d3ad2eeddd8c87d07,atlas-47,npu:0,2.7.1+cpu,2.7.1.post10,3.9.9,6471958751759323627,1791015664502287109,1024,1024,6144,bf16,TruncN,12,10000,256,0.5,320000,159971,159971,0,0,159971,159971,159971,159971,159971,159971,0,0,0,0,0,159971,159971,0,40800029,159971,159971,0,160029,159971,1.0,1.0,1.0,1.0,,,,,1.0,1.0,0.0,0.0,1.0,1.0,0.0,0.0,0.008,5.39,linear_centered_per_block
20261003T082105Z,2026-10-03T08:21:05.237830+00:00,20812aef948eaa8d0f8bc34d3ad2eeddd8c87d07,atlas-47,npu:0,2.7.1+cpu,2.7.1.post10,3.9.9,6399124426386130452,1791015664502287109,1024,1024,6144,bf16,TruncN,13,10000,256,0.5,320000,160256,160256,0,0,160256,160256,160256,160256,160256,160256,0,0,0,0,0,160256,160256,0,40799744,160256,160256,0,159744,160256,1.0,1.0,1.0,1.0,,,,,1.0,1.0,0.0,0.0,1.0,1.0,0.0,0.0,0.008,5.39,linear_centered_per_block
20261003T082105Z,2026-10-03T08:21:05.237830+00:00,20812aef948eaa8d0f8bc34d3ad2eeddd8c87d07,atlas-47,npu:0,2.7.1+cpu,2.7.1.post10,3.9.9,6837025935921810125,1791015664502287109,1024,1024,6144,bf16,TruncN,14,10000,256,0.5,320000,159694,159694,0,0,159694,159694,0,159694,0,0,0,0,0,0,0,159694,0,0,40800306,159694,0,0,160306,0,0.0,0.0,0.0,,,,,,0.0,0.0,0.0,0.0,0.0,,0.0,0.0,0.008,5.39,linear_centered_per_block
20261003T082105Z,2026-10-03T08:21:05.237830+00:00,20812aef948eaa8d0f8bc34d3ad2eeddd8c87d07,atlas-47,npu:0,2.7.1+cpu,2.7.1.post10,3.9.9,8516701165475317293,1791015664502287109,1024,1024,6144,bf16,"U(-1,1)",7,10000,256,0.5,320000,159900,159900,0,0,159900,159900,0,159900,0,0,0,0,0,0,0,159900,0,0,40800100,159900,0,0,160100,0,0.0,0.0,0.0,,,,,,0.0,0.0,0.0,0.0,0.0,,0.0,0.0,0.008,5.39,linear_centered_per_block
20261003T082105Z,2026-10-03T08:21:05.237830+00:00,20812aef948eaa8d0f8bc34d3ad2eeddd8c87d07,atlas-47,npu:0,2.7.1+cpu,2.7.1.post10,3.9.9,6868914342798749658,1791015664502287109,1024,1024,6144,bf16,"U(-1,1)",8,10000,256,0.5,320000,160197,160197,0,0,160197,160197,35555,160197,35555,23355,0,0,0,0,0,160197,35555,0,40799803,160197,35555,0,159803,23355,0.22194547962820776,0.22194547962820776,0.145789246989644,0.656869638588103,,,,,0.22194547962820776,0.22194547962820776,0.0,0.0,0.145789246989644,0.656869638588103,0.0,0.0,0.008,5.39,linear_centered_per_block
20261003T082105Z,2026-10-03T08:21:05.237830+00:00,20812aef948eaa8d0f8bc34d3ad2eeddd8c87d07,atlas-47,npu:0,2.7.1+cpu,2.7.1.post10,3.9.9,2447902837890025083,1791015664502287109,1024,1024,6144,bf16,"U(-1,1)",9,10000,256,0.5,320000,159622,159622,0,0,159622,159622,96015,159622,96015,82426,0,0,0,0,0,159622,96015,0,40800378,159622,96015,0,160378,82426,0.6015148287829999,0.6015148287829999,0.5163824535465036,0.858470030724366,,,,,0.6015148287829999,0.6015148287829999,0.0,0.0,0.5163824535465036,0.858470030724366,0.0,0.0,0.008,5.39,linear_centered_per_block
20261003T082105Z,2026-10-03T08:21:05.237830+00:00,20812aef948eaa8d0f8bc34d3ad2eeddd8c87d07,atlas-47,npu:0,2.7.1+cpu,2.7.1.post10,3.9.9,3602361194325546470,1791015664502287109,1024,1024,6144,bf16,"U(-1,1)",10,10000,256,0.5,320000,159810,159810,0,0,159810,159810,149932,159810,149932,149927,0,0,0,0,0,159810,149932,0,40800190,159810,149932,0,160190,149927,0.9381890995557224,0.9381890995557224,0.9381578124022276,0.9999666515487021,,,,,0.9381890995557224,0.9381890995557224,0.0,0.0,0.9381578124022276,0.9999666515487021,0.0,0.0,0.008,5.39,linear_centered_per_block
20261003T082105Z,2026-10-03T08:21:05.237830+00:00,20812aef948eaa8d0f8bc34d3ad2eeddd8c87d07,atlas-47,npu:0,2.7.1+cpu,2.7.1.post10,3.9.9,3280370247853374350,1791015664502287109,1024,1024,6144,bf16,"U(-1,1)",11,10000,256,0.5,320000,159956,159956,0,0,159956,159956,150200,159956,150200,150200,0,0,0,0,0,159956,150200,0,40800044,159956,150200,0,160044,150200,0.9390082272624972,0.9390082272624972,0.9390082272624972,1.0,,,,,0.9390082272624972,0.9390082272624972,0.0,0.0,0.9390082272624972,1.0,0.0,0.0,0.008,5.39,linear_centered_per_block
20261003T082105Z,2026-10-03T08:21:05.237830+00:00,20812aef948eaa8d0f8bc34d3ad2eeddd8c87d07,atlas-47,npu:0,2.7.1+cpu,2.7.1.post10,3.9.9,433899122855773349,1791015664502287109,1024,1024,6144,bf16,"U(-1,1)",12,10000,256,0.5,320000,159903,159903,0,0,159903,159903,150189,159903,150189,150189,0,0,0,0,0,159903,150189,0,40800097,159903,150189,0,160097,150189,0.9392506707191235,0.9392506707191235,0.9392506707191235,1.0,,,,,0.9392506707191235,0.9392506707191235,0.0,0.0,0.9392506707191235,1.0,0.0,0.0,0.008,5.39,linear_centered_per_block
20261003T082105Z,2026-10-03T08:21:05.237830+00:00,20812aef948eaa8d0f8bc34d3ad2eeddd8c87d07,atlas-47,npu:0,2.7.1+cpu,2.7.1.post10,3.9.9,8539987951602368697,1791015664502287109,1024,1024,6144,bf16,"U(-1,1)",13,10000,256,0.5,320000,159933,159933,0,0,159933,159933,150176,159933,150176,150176,0,0,0,0,0,159933,150176,0,40800067,159933,150176,0,160067,150176,0.9389932034039254,0.9389932034039254,0.9389932034039254,1.0,,,,,0.9389932034039254,0.9389932034039254,0.0,0.0,0.9389932034039254,1.0,0.0,0.0,0.008,5.39,linear_centered_per_block
20261003T082105Z,2026-10-03T08:21:05.237830+00:00,20812aef948eaa8d0f8bc34d3ad2eeddd8c87d07,atlas-47,npu:0,2.7.1+cpu,2.7.1.post10,3.9.9,4619990078960479465,1791015664502287109,1024,1024,6144,bf16,"U(-1,1)",14,10000,256,0.5,320000,160004,155138,4866,30,155108,155138,4963,155138,4963,277,4866,4866,4866,4866,4866,160004,9829,0,40799996,160004,9829,0,159996,5143,0.031990872642421585,0.031990872642421585,0.0017855070969072697,0.05581301632077373,1.0,1.0,1.0,1.0,0.061429714257143574,0.061429714257143574,0.0,0.0,0.032142946426339344,0.5232475328110693,0.03041173970650734,0.00018749531261718456,0.008,5.39,linear_centered_per_block
20261003T082105Z,2026-10-03T08:21:05.237830+00:00,20812aef948eaa8d0f8bc34d3ad2eeddd8c87d07,atlas-47,npu:0,2.7.1+cpu,2.7.1.post10,3.9.9,6407602125877449138,1791015664502287109,1024,1024,6144,fp32,"N(1,1)",23,10000,256,0.5,320000,159240,159240,0,0,159240,159240,159240,159240,159240,159240,0,0,0,0,0,159240,159240,0,40800760,159240,159240,0,160760,159240,1.0,1.0,1.0,1.0,,,,,1.0,1.0,0.0,0.0,1.0,1.0,0.0,0.0,3.372947375812436e-06,5.39,linear_centered_per_block
20261003T082105Z,2026-10-03T08:21:05.237830+00:00,20812aef948eaa8d0f8bc34d3ad2eeddd8c87d07,atlas-47,npu:0,2.7.1+cpu,2.7.1.post10,3.9.9,4047300229531390351,1791015664502287109,1024,1024,6144,fp32,"N(1,1)",24,10000,256,0.5,320000,160080,160080,0,0,160080,160080,160080,160080,160080,160080,0,0,0,0,0,160080,160080,0,40799920,160080,160080,0,159920,160080,1.0,1.0,1.0,1.0,,,,,1.0,1.0,0.0,0.0,1.0,1.0,0.0,0.0,3.372947375812436e-06,5.39,linear_centered_per_block
20261003T082105Z,2026-10-03T08:21:05.237830+00:00,20812aef948eaa8d0f8bc34d3ad2eeddd8c87d07,atlas-47,npu:0,2.7.1+cpu,2.7.1.post10,3.9.9,2789967589198194452,1791015664502287109,1024,1024,6144,fp32,"N(1,1)",25,10000,256,0.5,320000,159897,159897,0,0,159897,159897,159897,159897,159897,159897,0,0,0,0,0,159897,159897,0,40800103,159897,159897,0,160103,159897,1.0,1.0,1.0,1.0,,,,,1.0,1.0,0.0,0.0,1.0,1.0,0.0,0.0,3.372947375812436e-06,5.39,linear_centered_per_block
20261003T082105Z,2026-10-03T08:21:05.237830+00:00,20812aef948eaa8d0f8bc34d3ad2eeddd8c87d07,atlas-47,npu:0,2.7.1+cpu,2.7.1.post10,3.9.9,6832925896503902345,1791015664502287109,1024,1024,6144,fp32,"N(1,1)",26,10000,256,0.5,320000,160025,160025,0,0,160025,160025,160025,160025,160025,160025,0,0,0,0,0,160025,160025,0,40799975,160025,160025,0,159975,160025,1.0,1.0,1.0,1.0,,,,,1.0,1.0,0.0,0.0,1.0,1.0,0.0,0.0,3.372947375812436e-06,5.39,linear_centered_per_block
20261003T082105Z,2026-10-03T08:21:05.237830+00:00,20812aef948eaa8d0f8bc34d3ad2eeddd8c87d07,atlas-47,npu:0,2.7.1+cpu,2.7.1.post10,3.9.9,8139003921311163829,1791015664502287109,1024,1024,6144,fp32,"N(1,1)",27,10000,256,0.5,320000,159920,159920,0,0,159920,159920,159920,159920,159920,159920,0,0,0,0,0,159920,159920,0,40800080,159920,159920,0,160080,159920,1.0,1.0,1.0,1.0,,,,,1.0,1.0,0.0,0.0,1.0,1.0,0.0,0.0,3.372947375812436e-06,5.39,linear_centered_per_block
20261003T082105Z,2026-10-03T08:21:05.237830+00:00,20812aef948eaa8d0f8bc34d3ad2eeddd8c87d07,atlas-47,npu:0,2.7.1+cpu,2.7.1.post10,3.9.9,988944276383159022,1791015664502287109,1024,1024,6144,fp32,"N(1,1)",28,10000,256,0.5,320000,160191,160191,0,0,160191,160191,160191,160191,160191,160191,0,0,0,0,0,160191,160191,0,40799809,160191,160191,0,159809,160191,1.0,1.0,1.0,1.0,,,,,1.0,1.0,0.0,0.0,1.0,1.0,0.0,0.0,3.372947375812436e-06,5.39,linear_centered_per_block
20261003T082105Z,2026-10-03T08:21:05.237830+00:00,20812aef948eaa8d0f8bc34d3ad2eeddd8c87d07,atlas-47,npu:0,2.7.1+cpu,2.7.1.post10,3.9.9,1760085474510421519,1791015664502287109,1024,1024,6144,fp32,"N(1,1)",29,10000,256,0.5,320000,159634,159634,0,0,159634,159634,159634,159634,159634,159634,0,0,0,0,0,159634,159634,0,40800366,159634,159634,0,160366,159634,1.0,1.0,1.0,1.0,,,,,1.0,1.0,0.0,0.0,1.0,1.0,0.0,0.0,3.372947375812436e-06,5.39,linear_centered_per_block
20261003T082105Z,2026-10-03T08:21:05.237830+00:00,20812aef948eaa8d0f8bc34d3ad2eeddd8c87d07,atlas-47,npu:0,2.7.1+cpu,2.7.1.post10,3.9.9,1376280481263147406,1791015664502287109,1024,1024,6144,fp32,"N(1,1)",30,10000,256,0.5,320000,159670,159670,0,0,159670,159670,159670,159670,159670,159670,0,0,0,0,0,159670,159670,0,40800330,159670,159670,0,160330,159670,1.0,1.0,1.0,1.0,,,,,1.0,1.0,0.0,0.0,1.0,1.0,0.0,0.0,3.372947375812436e-06,5.39,linear_centered_per_block
20261003T082105Z,2026-10-03T08:21:05.237830+00:00,20812aef948eaa8d0f8bc34d3ad2eeddd8c87d07,atlas-47,npu:0,2.7.1+cpu,2.7.1.post10,3.9.9,2861500262230034897,1791015664502287109,1024,1024,6144,fp32,"N(1e-6,1)",23,10000,256,0.5,320000,160425,160425,0,0,160425,160425,159601,160425,159601,159559,0,0,0,0,0,160425,159601,0,40799575,160425,159601,0,159575,159559,0.9948636434470937,0.9948636434470937,0.9946018388655135,0.9997368437541119,,,,,0.9948636434470937,0.9948636434470937,0.0,0.0,0.9946018388655135,0.9997368437541119,0.0,0.0,3.372947375812436e-06,5.39,linear_centered_per_block
20261003T082105Z,2026-10-03T08:21:05.237830+00:00,20812aef948eaa8d0f8bc34d3ad2eeddd8c87d07,atlas-47,npu:0,2.7.1+cpu,2.7.1.post10,3.9.9,1172714760414186481,1791015664502287109,1024,1024,6144,fp32,"N(1e-6,1)",24,10000,256,0.5,320000,160329,160329,0,0,160329,160329,160107,160329,160107,160043,0,0,0,0,0,160329,160107,0,40799671,160329,160107,0,159671,160043,0.9986153471923358,0.9986153471923358,0.9982161680045407,0.999600267321229,,,,,0.9986153471923358,0.9986153471923358,0.0,0.0,0.9982161680045407,0.999600267321229,0.0,0.0,3.372947375812436e-06,5.39,linear_centered_per_block
20261003T082105Z,2026-10-03T08:21:05.237830+00:00,20812aef948eaa8d0f8bc34d3ad2eeddd8c87d07,atlas-47,npu:0,2.7.1+cpu,2.7.1.post10,3.9.9,4713824929964266450,1791015664502287109,1024,1024,6144,fp32,"N(1e-6,1)",25,10000,256,0.5,320000,160137,160137,0,0,160137,160137,159738,160137,159738,159684,0,0,0,0,0,160137,159738,0,40799863,160137,159738,0,159863,159684,0.9975083834466738,0.9975083834466738,0.9971711721838176,0.9996619464372911,,,,,0.9975083834466738,0.9975083834466738,0.0,0.0,0.9971711721838176,0.9996619464372911,0.0,0.0,3.372947375812436e-06,5.39,linear_centered_per_block
20261003T082105Z,2026-10-03T08:21:05.237830+00:00,20812aef948eaa8d0f8bc34d3ad2eeddd8c87d07,atlas-47,npu:0,2.7.1+cpu,2.7.1.post10,3.9.9,8098128587656659118,1791015664502287109,1024,1024,6144,fp32,"N(1e-6,1)",26,10000,256,0.5,320000,159881,159881,0,0,159881,159881,159312,159881,159312,159272,0,0,0,0,0,159881,159312,0,40800119,159881,159312,0,160119,159272,0.9964411030704086,0.9964411030704086,0.9961909169945147,0.9997489203575374,,,,,0.9964411030704086,0.9964411030704086,0.0,0.0,0.9961909169945147,0.9997489203575374,0.0,0.0,3.372947375812436e-06,5.39,linear_centered_per_block
20261003T082105Z,2026-10-03T08:21:05.237830+00:00,20812aef948eaa8d0f8bc34d3ad2eeddd8c87d07,atlas-47,npu:0,2.7.1+cpu,2.7.1.post10,3.9.9,1526446540108753171,1791015664502287109,1024,1024,6144,fp32,"N(1e-6,1)",27,10000,256,0.5,320000,160326,160326,0,0,160326,160326,159798,160326,159798,159756,0,0,0,0,0,160326,159798,0,40799674,160326,159798,0,159674,159756,0.9967067100782157,0.9967067100782157,0.9964447438344374,0.9997371681748207,,,,,0.9967067100782157,0.9967067100782157,0.0,0.0,0.9964447438344374,0.9997371681748207,0.0,0.0,3.372947375812436e-06,5.39,linear_centered_per_block
20261003T082105Z,2026-10-03T08:21:05.237830+00:00,20812aef948eaa8d0f8bc34d3ad2eeddd8c87d07,atlas-47,npu:0,2.7.1+cpu,2.7.1.post10,3.9.9,3625290297204700052,1791015664502287109,1024,1024,6144,fp32,"N(1e-6,1)",28,10000,256,0.5,320000,159731,159731,0,0,159731,159731,159167,159731,159167,159125,0,0,0,0,0,159731,159167,0,40800269,159731,159167,0,160269,159125,0.9964690636131996,0.9964690636131996,0.9962061215418422,0.9997361262070655,,,,,0.9964690636131996,0.9964690636131996,0.0,0.0,0.9962061215418422,0.9997361262070655,0.0,0.0,3.372947375812436e-06,5.39,linear_centered_per_block
20261003T082105Z,2026-10-03T08:21:05.237830+00:00,20812aef948eaa8d0f8bc34d3ad2eeddd8c87d07,atlas-47,npu:0,2.7.1+cpu,2.7.1.post10,3.9.9,2926792660643371674,1791015664502287109,1024,1024,6144,fp32,"N(1e-6,1)",29,10000,256,0.5,320000,160446,160446,0,0,160446,160446,159869,160446,159869,159813,0,0,0,0,0,160446,159869,0,40799554,160446,159869,0,159554,159813,0.9964037744786408,0.9964037744786408,0.9960547473916458,0.9996497132026847,,,,,0.9964037744786408,0.9964037744786408,0.0,0.0,0.9960547473916458,0.9996497132026847,0.0,0.0,3.372947375812436e-06,5.39,linear_centered_per_block
20261003T082105Z,2026-10-03T08:21:05.237830+00:00,20812aef948eaa8d0f8bc34d3ad2eeddd8c87d07,atlas-47,npu:0,2.7.1+cpu,2.7.1.post10,3.9.9,2782676273789919189,1791015664502287109,1024,1024,6144,fp32,"N(1e-6,1)",30,10000,256,0.5,320000,159988,158349,1639,0,158349,158349,158349,158349,158349,156819,1639,1639,1639,1639,1639,159988,159988,0,40800012,159988,159988,0,160012,158458,1.0,1.0,0.9903377981547089,0.9903377981547089,1.0,1.0,1.0,1.0,1.0,1.0,0.0,0.0,0.990436782758707,0.990436782758707,0.010244518338875415,0.0,3.372947375812436e-06,5.39,linear_centered_per_block
20261003T082105Z,2026-10-03T08:21:05.237830+00:00,20812aef948eaa8d0f8bc34d3ad2eeddd8c87d07,atlas-47,npu:0,2.7.1+cpu,2.7.1.post10,3.9.9,157119742448628985,1791015664502287109,1024,1024,6144,fp32,TruncN,23,10000,256,0.5,320000,159505,159505,0,0,159505,159505,159505,159505,159505,159505,0,0,0,0,0,159505,159505,0,40800495,159505,159505,0,160495,159505,1.0,1.0,1.0,1.0,,,,,1.0,1.0,0.0,0.0,1.0,1.0,0.0,0.0,3.372947375812436e-06,5.39,linear_centered_per_block
20261003T082105Z,2026-10-03T08:21:05.237830+00:00,20812aef948eaa8d0f8bc34d3ad2eeddd8c87d07,atlas-47,npu:0,2.7.1+cpu,2.7.1.post10,3.9.9,6365008448031381467,1791015664502287109,1024,1024,6144,fp32,TruncN,24,10000,256,0.5,320000,159691,159691,0,0,159691,159691,159691,159691,159691,159691,0,0,0,0,0,159691,159691,0,40800309,159691,159691,0,160309,159691,1.0,1.0,1.0,1.0,,,,,1.0,1.0,0.0,0.0,1.0,1.0,0.0,0.0,3.372947375812436e-06,5.39,linear_centered_per_block
20261003T082105Z,2026-10-03T08:21:05.237830+00:00,20812aef948eaa8d0f8bc34d3ad2eeddd8c87d07,atlas-47,npu:0,2.7.1+cpu,2.7.1.post10,3.9.9,4129614916222853413,1791015664502287109,1024,1024,6144,fp32,TruncN,25,10000,256,0.5,320000,160197,160197,0,0,160197,160197,160197,160197,160197,160197,0,0,0,0,0,160197,160197,0,40799803,160197,160197,0,159803,160197,1.0,1.0,1.0,1.0,,,,,1.0,1.0,0.0,0.0,1.0,1.0,0.0,0.0,3.372947375812436e-06,5.39,linear_centered_per_block
20261003T082105Z,2026-10-03T08:21:05.237830+00:00,20812aef948eaa8d0f8bc34d3ad2eeddd8c87d07,atlas-47,npu:0,2.7.1+cpu,2.7.1.post10,3.9.9,7080585483512027085,1791015664502287109,1024,1024,6144,fp32,TruncN,26,10000,256,0.5,320000,160260,160260,0,0,160260,160260,160260,160260,160260,160260,0,0,0,0,0,160260,160260,0,40799740,160260,160260,0,159740,160260,1.0,1.0,1.0,1.0,,,,,1.0,1.0,0.0,0.0,1.0,1.0,0.0,0.0,3.372947375812436e-06,5.39,linear_centered_per_block
20261003T082105Z,2026-10-03T08:21:05.237830+00:00,20812aef948eaa8d0f8bc34d3ad2eeddd8c87d07,atlas-47,npu:0,2.7.1+cpu,2.7.1.post10,3.9.9,3532110530867384004,1791015664502287109,1024,1024,6144,fp32,TruncN,27,10000,256,0.5,320000,159889,159889,0,0,159889,159889,159889,159889,159889,159889,0,0,0,0,0,159889,159889,0,40800111,159889,159889,0,160111,159889,1.0,1.0,1.0,1.0,,,,,1.0,1.0,0.0,0.0,1.0,1.0,0.0,0.0,3.372947375812436e-06,5.39,linear_centered_per_block
20261003T082105Z,2026-10-03T08:21:05.237830+00:00,20812aef948eaa8d0f8bc34d3ad2eeddd8c87d07,atlas-47,npu:0,2.7.1+cpu,2.7.1.post10,3.9.9,5323281278994212443,1791015664502287109,1024,1024,6144,fp32,TruncN,28,10000,256,0.5,320000,159818,159818,0,0,159818,159818,159818,159818,159818,159818,0,0,0,0,0,159818,159818,0,40800182,159818,159818,0,160182,159818,1.0,1.0,1.0,1.0,,,,,1.0,1.0,0.0,0.0,1.0,1.0,0.0,0.0,3.372947375812436e-06,5.39,linear_centered_per_block
20261003T082105Z,2026-10-03T08:21:05.237830+00:00,20812aef948eaa8d0f8bc34d3ad2eeddd8c87d07,atlas-47,npu:0,2.7.1+cpu,2.7.1.post10,3.9.9,373232099625796052,1791015664502287109,1024,1024,6144,fp32,TruncN,29,10000,256,0.5,320000,160043,160043,0,0,160043,160043,160043,160043,160043,160043,0,0,0,0,0,160043,160043,0,40799957,160043,160043,0,159957,160043,1.0,1.0,1.0,1.0,,,,,1.0,1.0,0.0,0.0,1.0,1.0,0.0,0.0,3.372947375812436e-06,5.39,linear_centered_per_block
20261003T082105Z,2026-10-03T08:21:05.237830+00:00,20812aef948eaa8d0f8bc34d3ad2eeddd8c87d07,atlas-47,npu:0,2.7.1+cpu,2.7.1.post10,3.9.9,3755077598543796976,1791015664502287109,1024,1024,6144,fp32,TruncN,30,10000,256,0.5,320000,160160,160160,0,0,160160,160160,160160,160160,160160,160160,0,0,0,0,0,160160,160160,0,40799840,160160,160160,0,159840,160160,1.0,1.0,1.0,1.0,,,,,1.0,1.0,0.0,0.0,1.0,1.0,0.0,0.0,3.372947375812436e-06,5.39,linear_centered_per_block
20261003T082105Z,2026-10-03T08:21:05.237830+00:00,20812aef948eaa8d0f8bc34d3ad2eeddd8c87d07,atlas-47,npu:0,2.7.1+cpu,2.7.1.post10,3.9.9,8744544454628438884,1791015664502287109,1024,1024,6144,fp32,"U(-1,1)",23,10000,256,0.5,320000,160186,160186,0,0,160186,160186,159945,160186,159945,159691,0,0,0,0,0,160186,159945,0,40799814,160186,159945,0,159814,159691,0.998495498982433,0.998495498982433,0.9969098423083166,0.998411954109225,,,,,0.998495498982433,0.998495498982433,0.0,0.0,0.9969098423083166,0.998411954109225,0.0,0.0,3.372947375812436e-06,5.39,linear_centered_per_block
20261003T082105Z,2026-10-03T08:21:05.237830+00:00,20812aef948eaa8d0f8bc34d3ad2eeddd8c87d07,atlas-47,npu:0,2.7.1+cpu,2.7.1.post10,3.9.9,216464876634971880,1791015664502287109,1024,1024,6144,fp32,"U(-1,1)",24,10000,256,0.5,320000,159920,159920,0,0,159920,159920,159769,159920,159769,159590,0,0,0,0,0,159920,159769,0,40800080,159920,159769,0,160080,159590,0.9990557778889445,0.9990557778889445,0.9979364682341171,0.9988796324693776,,,,,0.9990557778889445,0.9990557778889445,0.0,0.0,0.9979364682341171,0.9988796324693776,0.0,0.0,3.372947375812436e-06,5.39,linear_centered_per_block
20261003T082105Z,2026-10-03T08:21:05.237830+00:00,20812aef948eaa8d0f8bc34d3ad2eeddd8c87d07,atlas-47,npu:0,2.7.1+cpu,2.7.1.post10,3.9.9,2087156484478662358,1791015664502287109,1024,1024,6144,fp32,"U(-1,1)",25,10000,256,0.5,320000,160185,160185,0,0,160185,160185,160143,160185,160143,160088,0,0,0,0,0,160185,160143,0,40799815,160185,160143,0,159815,160088,0.9997378031650903,0.9997378031650903,0.9993944501669945,0.999656556952224,,,,,0.9997378031650903,0.9997378031650903,0.0,0.0,0.9993944501669945,0.999656556952224,0.0,0.0,3.372947375812436e-06,5.39,linear_centered_per_block
20261003T082105Z,2026-10-03T08:21:05.237830+00:00,20812aef948eaa8d0f8bc34d3ad2eeddd8c87d07,atlas-47,npu:0,2.7.1+cpu,2.7.1.post10,3.9.9,8173531802761404803,1791015664502287109,1024,1024,6144,fp32,"U(-1,1)",26,10000,256,0.5,320000,159921,159921,0,0,159921,159921,159785,159921,159785,159587,0,0,0,0,0,159921,159785,0,40800079,159921,159785,0,160079,159587,0.999149580105177,0.999149580105177,0.997911468787714,0.9987608348718591,,,,,0.999149580105177,0.999149580105177,0.0,0.0,0.997911468787714,0.9987608348718591,0.0,0.0,3.372947375812436e-06,5.39,linear_centered_per_block
20261003T082105Z,2026-10-03T08:21:05.237830+00:00,20812aef948eaa8d0f8bc34d3ad2eeddd8c87d07,atlas-47,npu:0,2.7.1+cpu,2.7.1.post10,3.9.9,1568837908446447088,1791015664502287109,1024,1024,6144,fp32,"U(-1,1)",27,10000,256,0.5,320000,159859,159859,0,0,159859,159859,159692,159859,159692,159516,0,0,0,0,0,159859,159692,0,40800141,159859,159692,0,160141,159516,0.9989553293840197,0.9989553293840197,0.9978543591540044,0.9988978784159507,,,,,0.9989553293840197,0.9989553293840197,0.0,0.0,0.9978543591540044,0.9988978784159507,0.0,0.0,3.372947375812436e-06,5.39,linear_centered_per_block
20261003T082105Z,2026-10-03T08:21:05.237830+00:00,20812aef948eaa8d0f8bc34d3ad2eeddd8c87d07,atlas-47,npu:0,2.7.1+cpu,2.7.1.post10,3.9.9,2272704594881495960,1791015664502287109,1024,1024,6144,fp32,"U(-1,1)",28,10000,256,0.5,320000,159686,159686,0,0,159686,159686,159523,159686,159523,159332,0,0,0,0,0,159686,159523,0,40800314,159686,159523,0,160314,159332,0.9989792467717896,0.9989792467717896,0.9977831494307579,0.9988026804912145,,,,,0.9989792467717896,0.9989792467717896,0.0,0.0,0.9977831494307579,0.9988026804912145,0.0,0.0,3.372947375812436e-06,5.39,linear_centered_per_block
20261003T082105Z,2026-10-03T08:21:05.237830+00:00,20812aef948eaa8d0f8bc34d3ad2eeddd8c87d07,atlas-47,npu:0,2.7.1+cpu,2.7.1.post10,3.9.9,2160583011114786049,1791015664502287109,1024,1024,6144,fp32,"U(-1,1)",29,10000,256,0.5,320000,160010,160010,0,0,160010,160010,159833,160010,159833,159653,0,0,0,0,0,160010,159833,0,40799990,160010,159833,0,159990,159653,0.9988938191363039,0.9988938191363039,0.9977688894444098,0.9988738245543787,,,,,0.9988938191363039,0.9988938191363039,0.0,0.0,0.9977688894444098,0.9988738245543787,0.0,0.0,3.372947375812436e-06,5.39,linear_centered_per_block
20261003T082105Z,2026-10-03T08:21:05.237830+00:00,20812aef948eaa8d0f8bc34d3ad2eeddd8c87d07,atlas-47,npu:0,2.7.1+cpu,2.7.1.post10,3.9.9,3480483245348192088,1791015664502287109,1024,1024,6144,fp32,"U(-1,1)",30,10000,256,0.5,320000,160316,155293,5023,0,155293,155293,155293,155293,155293,150661,5023,5023,5023,5023,5023,160316,160316,0,40799684,160316,160316,0,159684,155684,1.0,1.0,0.9701725126052043,0.9701725126052043,1.0,1.0,1.0,1.0,1.0,1.0,0.0,0.0,0.9711070635494897,0.9711070635494897,0.031331869557623696,0.0,3.372947375812436e-06,5.39,linear_centered_per_block
20261003T082105Z,2026-10-03T08:21:05.237830+00:00,20812aef948eaa8d0f8bc34d3ad2eeddd8c87d07,atlas-47,npu:0,2.7.1+cpu,2.7.1.post10,3.9.9,4664880565732745335,1791015664502287109,1024,1024,8192,bf16,"N(1,1)",7,10000,256,0.5,320000,160048,160048,0,0,160048,160048,0,160048,0,0,0,0,0,0,0,160048,0,0,40799952,160048,0,0,159952,0,0.0,0.0,0.0,,,,,,0.0,0.0,0.0,0.0,0.0,,0.0,0.0,0.008,5.39,linear_centered_per_block
20261003T082105Z,2026-10-03T08:21:05.237830+00:00,20812aef948eaa8d0f8bc34d3ad2eeddd8c87d07,atlas-47,npu:0,2.7.1+cpu,2.7.1.post10,3.9.9,1243462753861221535,1791015664502287109,1024,1024,8192,bf16,"N(1,1)",8,10000,256,0.5,320000,159873,159873,0,0,159873,159873,85839,159873,85839,33948,0,0,0,0,0,159873,85839,0,40800127,159873,85839,0,160127,33948,0.5369199301945919,0.5369199301945919,0.2123435476909797,0.3954845699507217,,,,,0.5369199301945919,0.5369199301945919,0.0,0.0,0.2123435476909797,0.3954845699507217,0.0,0.0,0.008,5.39,linear_centered_per_block
20261003T082105Z,2026-10-03T08:21:05.237830+00:00,20812aef948eaa8d0f8bc34d3ad2eeddd8c87d07,atlas-47,npu:0,2.7.1+cpu,2.7.1.post10,3.9.9,6547433457432305767,1791015664502287109,1024,1024,8192,bf16,"N(1,1)",9,10000,256,0.5,320000,160010,160010,0,0,160010,160010,73980,160010,73980,72665,0,0,0,0,0,160010,73980,0,40799990,160010,73980,0,159990,72665,0.4623461033685395,0.4623461033685395,0.454127867008312,0.9822249256555826,,,,,0.4623461033685395,0.4623461033685395,0.0,0.0,0.454127867008312,0.9822249256555826,0.0,0.0,0.008,5.39,linear_centered_per_block
20261003T082105Z,2026-10-03T08:21:05.237830+00:00,20812aef948eaa8d0f8bc34d3ad2eeddd8c87d07,atlas-47,npu:0,2.7.1+cpu,2.7.1.post10,3.9.9,304106089242088823,1791015664502287109,1024,1024,8192,bf16,"N(1,1)",10,10000,256,0.5,320000,159321,159321,0,0,159321,159321,0,159321,0,0,0,0,0,0,0,159321,0,0,40800679,159321,0,0,160679,0,0.0,0.0,0.0,,,,,,0.0,0.0,0.0,0.0,0.0,,0.0,0.0,0.008,5.39,linear_centered_per_block
20261003T082105Z,2026-10-03T08:21:05.237830+00:00,20812aef948eaa8d0f8bc34d3ad2eeddd8c87d07,atlas-47,npu:0,2.7.1+cpu,2.7.1.post10,3.9.9,2225736346595503693,1791015664502287109,1024,1024,8192,bf16,"N(1,1)",11,10000,256,0.5,320000,160355,160355,0,0,160355,160355,160355,160355,160355,160355,0,0,0,0,0,160355,160355,0,40799645,160355,160355,0,159645,160355,1.0,1.0,1.0,1.0,,,,,1.0,1.0,0.0,0.0,1.0,1.0,0.0,0.0,0.008,5.39,linear_centered_per_block
20261003T082105Z,2026-10-03T08:21:05.237830+00:00,20812aef948eaa8d0f8bc34d3ad2eeddd8c87d07,atlas-47,npu:0,2.7.1+cpu,2.7.1.post10,3.9.9,5944019189801120445,1791015664502287109,1024,1024,8192,bf16,"N(1,1)",12,10000,256,0.5,320000,160501,160501,0,0,160501,160501,160501,160501,160501,160501,0,0,0,0,0,160501,160501,0,40799499,160501,160501,0,159499,160501,1.0,1.0,1.0,1.0,,,,,1.0,1.0,0.0,0.0,1.0,1.0,0.0,0.0,0.008,5.39,linear_centered_per_block
20261003T082105Z,2026-10-03T08:21:05.237830+00:00,20812aef948eaa8d0f8bc34d3ad2eeddd8c87d07,atlas-47,npu:0,2.7.1+cpu,2.7.1.post10,3.9.9,4846449736775385829,1791015664502287109,1024,1024,8192,bf16,"N(1,1)",13,10000,256,0.5,320000,160275,160275,0,0,160275,160275,160275,160275,160275,160275,0,0,0,0,0,160275,160275,0,40799725,160275,160275,0,159725,160275,1.0,1.0,1.0,1.0,,,,,1.0,1.0,0.0,0.0,1.0,1.0,0.0,0.0,0.008,5.39,linear_centered_per_block
20261003T082105Z,2026-10-03T08:21:05.237830+00:00,20812aef948eaa8d0f8bc34d3ad2eeddd8c87d07,atlas-47,npu:0,2.7.1+cpu,2.7.1.post10,3.9.9,2877480532700165059,1791015664502287109,1024,1024,8192,bf16,"N(1,1)",14,10000,256,0.5,320000,160251,160251,0,0,160251,160251,0,160251,0,0,0,0,0,0,0,160251,0,0,40799749,160251,0,0,159749,0,0.0,0.0,0.0,,,,,,0.0,0.0,0.0,0.0,0.0,,0.0,0.0,0.008,5.39,linear_centered_per_block
20261003T082105Z,2026-10-03T08:21:05.237830+00:00,20812aef948eaa8d0f8bc34d3ad2eeddd8c87d07,atlas-47,npu:0,2.7.1+cpu,2.7.1.post10,3.9.9,4333505812102006126,1791015664502287109,1024,1024,8192,bf16,"N(1e-6,1)",7,10000,256,0.5,320000,159987,159987,0,0,159987,159987,0,159987,0,0,0,0,0,0,0,159987,0,0,40800013,159987,0,0,160013,0,0.0,0.0,0.0,,,,,,0.0,0.0,0.0,0.0,0.0,,0.0,0.0,0.008,5.39,linear_centered_per_block
20261003T082105Z,2026-10-03T08:21:05.237830+00:00,20812aef948eaa8d0f8bc34d3ad2eeddd8c87d07,atlas-47,npu:0,2.7.1+cpu,2.7.1.post10,3.9.9,4054551555573986860,1791015664502287109,1024,1024,8192,bf16,"N(1e-6,1)",8,10000,256,0.5,320000,160128,160128,0,0,160128,160128,0,160128,0,0,0,0,0,0,0,160128,0,0,40799872,160128,0,0,159872,0,0.0,0.0,0.0,,,,,,0.0,0.0,0.0,0.0,0.0,,0.0,0.0,0.008,5.39,linear_centered_per_block
20261003T082105Z,2026-10-03T08:21:05.237830+00:00,20812aef948eaa8d0f8bc34d3ad2eeddd8c87d07,atlas-47,npu:0,2.7.1+cpu,2.7.1.post10,3.9.9,5737526313350886885,1791015664502287109,1024,1024,8192,bf16,"N(1e-6,1)",9,10000,256,0.5,320000,160207,160207,0,0,160207,160207,0,160207,0,0,0,0,0,0,0,160207,0,0,40799793,160207,0,0,159793,0,0.0,0.0,0.0,,,,,,0.0,0.0,0.0,0.0,0.0,,0.0,0.0,0.008,5.39,linear_centered_per_block
20261003T082105Z,2026-10-03T08:21:05.237830+00:00,20812aef948eaa8d0f8bc34d3ad2eeddd8c87d07,atlas-47,npu:0,2.7.1+cpu,2.7.1.post10,3.9.9,2953950856432156595,1791015664502287109,1024,1024,8192,bf16,"N(1e-6,1)",10,10000,256,0.5,320000,159893,159893,0,0,159893,159893,154908,159893,154908,154808,0,0,0,0,0,159893,154908,0,40800107,159893,154908,0,160107,154808,0.9688229003145854,0.9688229003145854,0.9681974820661318,0.999354455547809,,,,,0.9688229003145854,0.9688229003145854,0.0,0.0,0.9681974820661318,0.999354455547809,0.0,0.0,0.008,5.39,linear_centered_per_block
20261003T082105Z,2026-10-03T08:21:05.237830+00:00,20812aef948eaa8d0f8bc34d3ad2eeddd8c87d07,atlas-47,npu:0,2.7.1+cpu,2.7.1.post10,3.9.9,6481614255364426962,1791015664502287109,1024,1024,8192,bf16,"N(1e-6,1)",11,10000,256,0.5,320000,159965,159965,0,0,159965,159965,157128,159965,157128,157128,0,0,0,0,0,159965,157128,0,40800035,159965,157128,0,160035,157128,0.9822648704404089,0.9822648704404089,0.9822648704404089,1.0,,,,,0.9822648704404089,0.9822648704404089,0.0,0.0,0.9822648704404089,1.0,0.0,0.0,0.008,5.39,linear_centered_per_block
20261003T082105Z,2026-10-03T08:21:05.237830+00:00,20812aef948eaa8d0f8bc34d3ad2eeddd8c87d07,atlas-47,npu:0,2.7.1+cpu,2.7.1.post10,3.9.9,8653454059656258848,1791015664502287109,1024,1024,8192,bf16,"N(1e-6,1)",12,10000,256,0.5,320000,160042,160042,0,0,160042,160042,157194,160042,157194,157194,0,0,0,0,0,160042,157194,0,40799958,160042,157194,0,159958,157194,0.9822046712737906,0.9822046712737906,0.9822046712737906,1.0,,,,,0.9822046712737906,0.9822046712737906,0.0,0.0,0.9822046712737906,1.0,0.0,0.0,0.008,5.39,linear_centered_per_block
20261003T082105Z,2026-10-03T08:21:05.237830+00:00,20812aef948eaa8d0f8bc34d3ad2eeddd8c87d07,atlas-47,npu:0,2.7.1+cpu,2.7.1.post10,3.9.9,7113736205424449305,1791015664502287109,1024,1024,8192,bf16,"N(1e-6,1)",13,10000,256,0.5,320000,160088,160088,0,0,160088,160088,157191,160088,157191,157191,0,0,0,0,0,160088,157191,0,40799912,160088,157191,0,159912,157191,0.9819037029633702,0.9819037029633702,0.9819037029633702,1.0,,,,,0.9819037029633702,0.9819037029633702,0.0,0.0,0.9819037029633702,1.0,0.0,0.0,0.008,5.39,linear_centered_per_block
20261003T082105Z,2026-10-03T08:21:05.237830+00:00,20812aef948eaa8d0f8bc34d3ad2eeddd8c87d07,atlas-47,npu:0,2.7.1+cpu,2.7.1.post10,3.9.9,7345349702891304549,1791015664502287109,1024,1024,8192,bf16,"N(1e-6,1)",14,10000,256,0.5,320000,159876,158478,1398,7,158471,158478,1428,158478,1428,75,1398,1398,1398,1398,1398,159876,2826,0,40800124,159876,2826,0,160124,1473,0.009010714420929088,0.009010714420929088,0.0004732518078219059,0.052521008403361345,1.0,1.0,1.0,1.0,0.017676199054267056,0.017676199054267056,0.0,0.0,0.009213390377542596,0.5212314225053079,0.008744276814531262,4.3783932547724484e-05,0.008,5.39,linear_centered_per_block
20261003T082105Z,2026-10-03T08:21:05.237830+00:00,20812aef948eaa8d0f8bc34d3ad2eeddd8c87d07,atlas-47,npu:0,2.7.1+cpu,2.7.1.post10,3.9.9,6469940727363061974,1791015664502287109,1024,1024,8192,bf16,TruncN,7,10000,256,0.5,320000,160015,160015,0,0,160015,160015,0,160015,0,0,0,0,0,0,0,160015,0,0,40799985,160015,0,0,159985,0,0.0,0.0,0.0,,,,,,0.0,0.0,0.0,0.0,0.0,,0.0,0.0,0.008,5.39,linear_centered_per_block
20261003T082105Z,2026-10-03T08:21:05.237830+00:00,20812aef948eaa8d0f8bc34d3ad2eeddd8c87d07,atlas-47,npu:0,2.7.1+cpu,2.7.1.post10,3.9.9,6164414286148049631,1791015664502287109,1024,1024,8192,bf16,TruncN,8,10000,256,0.5,320000,159841,159841,0,0,159841,159841,90108,159841,90108,33686,0,0,0,0,0,159841,90108,0,40800159,159841,90108,0,160159,33686,0.5637352118667927,0.5637352118667927,0.21074692976145043,0.37384028055222623,,,,,0.5637352118667927,0.5637352118667927,0.0,0.0,0.21074692976145043,0.37384028055222623,0.0,0.0,0.008,5.39,linear_centered_per_block
20261003T082105Z,2026-10-03T08:21:05.237830+00:00,20812aef948eaa8d0f8bc34d3ad2eeddd8c87d07,atlas-47,npu:0,2.7.1+cpu,2.7.1.post10,3.9.9,6776590226660985093,1791015664502287109,1024,1024,8192,bf16,TruncN,9,10000,256,0.5,320000,159327,159327,0,0,159327,159327,69607,159327,69607,68141,0,0,0,0,0,159327,69607,0,40800673,159327,69607,0,160673,68141,0.4368813823143598,0.4368813823143598,0.42768017975609907,0.9789388998232936,,,,,0.4368813823143598,0.4368813823143598,0.0,0.0,0.42768017975609907,0.9789388998232936,0.0,0.0,0.008,5.39,linear_centered_per_block
20261003T082105Z,2026-10-03T08:21:05.237830+00:00,20812aef948eaa8d0f8bc34d3ad2eeddd8c87d07,atlas-47,npu:0,2.7.1+cpu,2.7.1.post10,3.9.9,7836030593077028787,1791015664502287109,1024,1024,8192,bf16,TruncN,10,10000,256,0.5,320000,160501,160501,0,0,160501,160501,0,160501,0,0,0,0,0,0,0,160501,0,0,40799499,160501,0,0,159499,0,0.0,0.0,0.0,,,,,,0.0,0.0,0.0,0.0,0.0,,0.0,0.0,0.008,5.39,linear_centered_per_block
20261003T082105Z,2026-10-03T08:21:05.237830+00:00,20812aef948eaa8d0f8bc34d3ad2eeddd8c87d07,atlas-47,npu:0,2.7.1+cpu,2.7.1.post10,3.9.9,4143884017499923298,1791015664502287109,1024,1024,8192,bf16,TruncN,11,10000,256,0.5,320000,160137,160137,0,0,160137,160137,160137,160137,160137,160137,0,0,0,0,0,160137,160137,0,40799863,160137,160137,0,159863,160137,1.0,1.0,1.0,1.0,,,,,1.0,1.0,0.0,0.0,1.0,1.0,0.0,0.0,0.008,5.39,linear_centered_per_block
20261003T082105Z,2026-10-03T08:21:05.237830+00:00,20812aef948eaa8d0f8bc34d3ad2eeddd8c87d07,atlas-47,npu:0,2.7.1+cpu,2.7.1.post10,3.9.9,155776975051370581,1791015664502287109,1024,1024,8192,bf16,TruncN,12,10000,256,0.5,320000,160012,160012,0,0,160012,160012,160012,160012,160012,160012,0,0,0,0,0,160012,160012,0,40799988,160012,160012,0,159988,160012,1.0,1.0,1.0,1.0,,,,,1.0,1.0,0.0,0.0,1.0,1.0,0.0,0.0,0.008,5.39,linear_centered_per_block
20261003T082105Z,2026-10-03T08:21:05.237830+00:00,20812aef948eaa8d0f8bc34d3ad2eeddd8c87d07,atlas-47,npu:0,2.7.1+cpu,2.7.1.post10,3.9.9,1087750460263894499,1791015664502287109,1024,1024,8192,bf16,TruncN,13,10000,256,0.5,320000,160309,160309,0,0,160309,160309,160309,160309,160309,160309,0,0,0,0,0,160309,160309,0,40799691,160309,160309,0,159691,160309,1.0,1.0,1.0,1.0,,,,,1.0,1.0,0.0,0.0,1.0,1.0,0.0,0.0,0.008,5.39,linear_centered_per_block
20261003T082105Z,2026-10-03T08:21:05.237830+00:00,20812aef948eaa8d0f8bc34d3ad2eeddd8c87d07,atlas-47,npu:0,2.7.1+cpu,2.7.1.post10,3.9.9,2832584050156601650,1791015664502287109,1024,1024,8192,bf16,TruncN,14,10000,256,0.5,320000,159777,159777,0,0,159777,159777,0,159777,0,0,0,0,0,0,0,159777,0,0,40800223,159777,0,0,160223,0,0.0,0.0,0.0,,,,,,0.0,0.0,0.0,0.0,0.0,,0.0,0.0,0.008,5.39,linear_centered_per_block
20261003T082105Z,2026-10-03T08:21:05.237830+00:00,20812aef948eaa8d0f8bc34d3ad2eeddd8c87d07,atlas-47,npu:0,2.7.1+cpu,2.7.1.post10,3.9.9,3009067802352853926,1791015664502287109,1024,1024,8192,bf16,"U(-1,1)",7,10000,256,0.5,320000,160313,160313,0,0,160313,160313,1,160313,1,0,0,0,0,0,0,160313,1,0,40799687,160313,1,0,159687,0,6.237797309014241e-06,6.237797309014241e-06,0.0,0.0,,,,,6.237797309014241e-06,6.237797309014241e-06,0.0,0.0,0.0,0.0,0.0,0.0,0.008,5.39,linear_centered_per_block
20261003T082105Z,2026-10-03T08:21:05.237830+00:00,20812aef948eaa8d0f8bc34d3ad2eeddd8c87d07,atlas-47,npu:0,2.7.1+cpu,2.7.1.post10,3.9.9,242919055885446522,1791015664502287109,1024,1024,8192,bf16,"U(-1,1)",8,10000,256,0.5,320000,159885,159885,0,0,159885,159885,41614,159885,41614,26499,0,0,0,0,0,159885,41614,0,40800115,159885,41614,0,160115,26499,0.26027457234887574,0.26027457234887574,0.16573787409700722,0.6367808910462825,,,,,0.26027457234887574,0.26027457234887574,0.0,0.0,0.16573787409700722,0.6367808910462825,0.0,0.0,0.008,5.39,linear_centered_per_block
20261003T082105Z,2026-10-03T08:21:05.237830+00:00,20812aef948eaa8d0f8bc34d3ad2eeddd8c87d07,atlas-47,npu:0,2.7.1+cpu,2.7.1.post10,3.9.9,5815881195407335607,1791015664502287109,1024,1024,8192,bf16,"U(-1,1)",9,10000,256,0.5,320000,159984,159984,0,0,159984,159984,85535,159984,85535,71922,0,0,0,0,0,159984,85535,0,40800016,159984,85535,0,160016,71922,0.5346472147214721,0.5346472147214721,0.44955745574557454,0.8408487753551178,,,,,0.5346472147214721,0.5346472147214721,0.0,0.0,0.44955745574557454,0.8408487753551178,0.0,0.0,0.008,5.39,linear_centered_per_block
20261003T082105Z,2026-10-03T08:21:05.237830+00:00,20812aef948eaa8d0f8bc34d3ad2eeddd8c87d07,atlas-47,npu:0,2.7.1+cpu,2.7.1.post10,3.9.9,4446378428065830691,1791015664502287109,1024,1024,8192,bf16,"U(-1,1)",10,10000,256,0.5,320000,159771,159771,0,0,159771,159771,151426,159771,151426,151417,0,0,0,0,0,159771,151426,0,40800229,159771,151426,0,160229,151417,0.9477689943731966,0.9477689943731966,0.9477126637499922,0.9999405650284627,,,,,0.9477689943731966,0.9477689943731966,0.0,0.0,0.9477126637499922,0.9999405650284627,0.0,0.0,0.008,5.39,linear_centered_per_block
20261003T082105Z,2026-10-03T08:21:05.237830+00:00,20812aef948eaa8d0f8bc34d3ad2eeddd8c87d07,atlas-47,npu:0,2.7.1+cpu,2.7.1.post10,3.9.9,7637017801957203407,1791015664502287109,1024,1024,8192,bf16,"U(-1,1)",11,10000,256,0.5,320000,160264,160264,0,0,160264,160264,151767,160264,151767,151767,0,0,0,0,0,160264,151767,0,40799736,160264,151767,0,159736,151767,0.9469812309689013,0.9469812309689013,0.9469812309689013,1.0,,,,,0.9469812309689013,0.9469812309689013,0.0,0.0,0.9469812309689013,1.0,0.0,0.0,0.008,5.39,linear_centered_per_block
20261003T082105Z,2026-10-03T08:21:05.237830+00:00,20812aef948eaa8d0f8bc34d3ad2eeddd8c87d07,atlas-47,npu:0,2.7.1+cpu,2.7.1.post10,3.9.9,6269774655807758767,1791015664502287109,1024,1024,8192,bf16,"U(-1,1)",12,10000,256,0.5,320000,159829,159829,0,0,159829,159829,151527,159829,151527,151527,0,0,0,0,0,159829,151527,0,40800171,159829,151527,0,160171,151527,0.9480569859036846,0.9480569859036846,0.9480569859036846,1.0,,,,,0.9480569859036846,0.9480569859036846,0.0,0.0,0.9480569859036846,1.0,0.0,0.0,0.008,5.39,linear_centered_per_block
20261003T082105Z,2026-10-03T08:21:05.237830+00:00,20812aef948eaa8d0f8bc34d3ad2eeddd8c87d07,atlas-47,npu:0,2.7.1+cpu,2.7.1.post10,3.9.9,5723503610055034227,1791015664502287109,1024,1024,8192,bf16,"U(-1,1)",13,10000,256,0.5,320000,159702,159702,0,0,159702,159702,151160,159702,151160,151160,0,0,0,0,0,159702,151160,0,40800298,159702,151160,0,160298,151160,0.946512880239446,0.946512880239446,0.946512880239446,1.0,,,,,0.946512880239446,0.946512880239446,0.0,0.0,0.946512880239446,1.0,0.0,0.0,0.008,5.39,linear_centered_per_block
20261003T082105Z,2026-10-03T08:21:05.237830+00:00,20812aef948eaa8d0f8bc34d3ad2eeddd8c87d07,atlas-47,npu:0,2.7.1+cpu,2.7.1.post10,3.9.9,4681384423386587516,1791015664502287109,1024,1024,8192,bf16,"U(-1,1)",14,10000,256,0.5,320000,159273,155056,4217,23,155033,155056,4337,155056,4337,246,4217,4217,4217,4217,4217,159273,8554,0,40800727,159273,8554,0,160727,4463,0.02797053967598803,0.02797053967598803,0.001586523578578062,0.05672123587733456,1.0,1.0,1.0,1.0,0.05370652904133155,0.05370652904133155,0.0,0.0,0.028021070740175673,0.5217442132335749,0.026476552836952903,0.00014440614542326696,0.008,5.39,linear_centered_per_block
20261003T082105Z,2026-10-03T08:21:05.237830+00:00,20812aef948eaa8d0f8bc34d3ad2eeddd8c87d07,atlas-47,npu:0,2.7.1+cpu,2.7.1.post10,3.9.9,5154799409113527470,1791015664502287109,1024,1024,8192,fp32,"N(1,1)",23,10000,256,0.5,320000,160309,160309,0,0,160309,160309,160309,160309,160309,160309,0,0,0,0,0,160309,160309,0,40799691,160309,160309,0,159691,160309,1.0,1.0,1.0,1.0,,,,,1.0,1.0,0.0,0.0,1.0,1.0,0.0,0.0,3.894744150775504e-06,5.39,linear_centered_per_block
20261003T082105Z,2026-10-03T08:21:05.237830+00:00,20812aef948eaa8d0f8bc34d3ad2eeddd8c87d07,atlas-47,npu:0,2.7.1+cpu,2.7.1.post10,3.9.9,7793093005807271400,1791015664502287109,1024,1024,8192,fp32,"N(1,1)",24,10000,256,0.5,320000,159477,159477,0,0,159477,159477,159477,159477,159477,159477,0,0,0,0,0,159477,159477,0,40800523,159477,159477,0,160523,159477,1.0,1.0,1.0,1.0,,,,,1.0,1.0,0.0,0.0,1.0,1.0,0.0,0.0,3.894744150775504e-06,5.39,linear_centered_per_block
20261003T082105Z,2026-10-03T08:21:05.237830+00:00,20812aef948eaa8d0f8bc34d3ad2eeddd8c87d07,atlas-47,npu:0,2.7.1+cpu,2.7.1.post10,3.9.9,5723422334898393938,1791015664502287109,1024,1024,8192,fp32,"N(1,1)",25,10000,256,0.5,320000,159780,159780,0,0,159780,159780,159780,159780,159780,159780,0,0,0,0,0,159780,159780,0,40800220,159780,159780,0,160220,159780,1.0,1.0,1.0,1.0,,,,,1.0,1.0,0.0,0.0,1.0,1.0,0.0,0.0,3.894744150775504e-06,5.39,linear_centered_per_block
20261003T082105Z,2026-10-03T08:21:05.237830+00:00,20812aef948eaa8d0f8bc34d3ad2eeddd8c87d07,atlas-47,npu:0,2.7.1+cpu,2.7.1.post10,3.9.9,9094750480466884052,1791015664502287109,1024,1024,8192,fp32,"N(1,1)",26,10000,256,0.5,320000,159567,159567,0,0,159567,159567,159567,159567,159567,159567,0,0,0,0,0,159567,159567,0,40800433,159567,159567,0,160433,159567,1.0,1.0,1.0,1.0,,,,,1.0,1.0,0.0,0.0,1.0,1.0,0.0,0.0,3.894744150775504e-06,5.39,linear_centered_per_block
20261003T082105Z,2026-10-03T08:21:05.237830+00:00,20812aef948eaa8d0f8bc34d3ad2eeddd8c87d07,atlas-47,npu:0,2.7.1+cpu,2.7.1.post10,3.9.9,6585070239956271728,1791015664502287109,1024,1024,8192,fp32,"N(1,1)",27,10000,256,0.5,320000,159968,159968,0,0,159968,159968,159968,159968,159968,159968,0,0,0,0,0,159968,159968,0,40800032,159968,159968,0,160032,159968,1.0,1.0,1.0,1.0,,,,,1.0,1.0,0.0,0.0,1.0,1.0,0.0,0.0,3.894744150775504e-06,5.39,linear_centered_per_block
20261003T082105Z,2026-10-03T08:21:05.237830+00:00,20812aef948eaa8d0f8bc34d3ad2eeddd8c87d07,atlas-47,npu:0,2.7.1+cpu,2.7.1.post10,3.9.9,7165472713514087947,1791015664502287109,1024,1024,8192,fp32,"N(1,1)",28,10000,256,0.5,320000,160181,160181,0,0,160181,160181,160181,160181,160181,160181,0,0,0,0,0,160181,160181,0,40799819,160181,160181,0,159819,160181,1.0,1.0,1.0,1.0,,,,,1.0,1.0,0.0,0.0,1.0,1.0,0.0,0.0,3.894744150775504e-06,5.39,linear_centered_per_block
20261003T082105Z,2026-10-03T08:21:05.237830+00:00,20812aef948eaa8d0f8bc34d3ad2eeddd8c87d07,atlas-47,npu:0,2.7.1+cpu,2.7.1.post10,3.9.9,4144035464953997133,1791015664502287109,1024,1024,8192,fp32,"N(1,1)",29,10000,256,0.5,320000,159648,159648,0,0,159648,159648,159648,159648,159648,159648,0,0,0,0,0,159648,159648,0,40800352,159648,159648,0,160352,159648,1.0,1.0,1.0,1.0,,,,,1.0,1.0,0.0,0.0,1.0,1.0,0.0,0.0,3.894744150775504e-06,5.39,linear_centered_per_block
20261003T082105Z,2026-10-03T08:21:05.237830+00:00,20812aef948eaa8d0f8bc34d3ad2eeddd8c87d07,atlas-47,npu:0,2.7.1+cpu,2.7.1.post10,3.9.9,516734301037405927,1791015664502287109,1024,1024,8192,fp32,"N(1,1)",30,10000,256,0.5,320000,159966,159966,0,0,159966,159966,159966,159966,159966,159966,0,0,0,0,0,159966,159966,0,40800034,159966,159966,0,160034,159966,1.0,1.0,1.0,1.0,,,,,1.0,1.0,0.0,0.0,1.0,1.0,0.0,0.0,3.894744150775504e-06,5.39,linear_centered_per_block
20261003T082105Z,2026-10-03T08:21:05.237830+00:00,20812aef948eaa8d0f8bc34d3ad2eeddd8c87d07,atlas-47,npu:0,2.7.1+cpu,2.7.1.post10,3.9.9,9105460044068821037,1791015664502287109,1024,1024,8192,fp32,"N(1e-6,1)",23,10000,256,0.5,320000,159853,159853,0,0,159853,159853,159145,159853,159145,159045,0,0,0,0,0,159853,159145,0,40800147,159853,159145,0,160147,159045,0.9955709307926658,0.9955709307926658,0.9949453560458671,0.9993716422130762,,,,,0.9955709307926658,0.9955709307926658,0.0,0.0,0.9949453560458671,0.9993716422130762,0.0,0.0,3.894744150775504e-06,5.39,linear_centered_per_block
20261003T082105Z,2026-10-03T08:21:05.237830+00:00,20812aef948eaa8d0f8bc34d3ad2eeddd8c87d07,atlas-47,npu:0,2.7.1+cpu,2.7.1.post10,3.9.9,7085691002645479987,1791015664502287109,1024,1024,8192,fp32,"N(1e-6,1)",24,10000,256,0.5,320000,159871,159871,0,0,159871,159871,159542,159871,159542,159457,0,0,0,0,0,159871,159542,0,40800129,159871,159542,0,160129,159457,0.9979420908107162,0.9979420908107162,0.9974104121447918,0.9994672249313661,,,,,0.9979420908107162,0.9979420908107162,0.0,0.0,0.9974104121447918,0.9994672249313661,0.0,0.0,3.894744150775504e-06,5.39,linear_centered_per_block
20261003T082105Z,2026-10-03T08:21:05.237830+00:00,20812aef948eaa8d0f8bc34d3ad2eeddd8c87d07,atlas-47,npu:0,2.7.1+cpu,2.7.1.post10,3.9.9,672715424491934532,1791015664502287109,1024,1024,8192,fp32,"N(1e-6,1)",25,10000,256,0.5,320000,160136,160136,0,0,160136,160136,159607,160136,159607,159553,0,0,0,0,0,160136,159607,0,40799864,160136,159607,0,159864,159553,0.9966965579257631,0.9966965579257631,0.9963593445571265,0.9996616689744184,,,,,0.9966965579257631,0.9966965579257631,0.0,0.0,0.9963593445571265,0.9996616689744184,0.0,0.0,3.894744150775504e-06,5.39,linear_centered_per_block
20261003T082105Z,2026-10-03T08:21:05.237830+00:00,20812aef948eaa8d0f8bc34d3ad2eeddd8c87d07,atlas-47,npu:0,2.7.1+cpu,2.7.1.post10,3.9.9,828199672242042256,1791015664502287109,1024,1024,8192,fp32,"N(1e-6,1)",26,10000,256,0.5,320000,160059,160059,0,0,160059,160059,159437,160059,159437,159381,0,0,0,0,0,160059,159437,0,40799941,160059,159437,0,159941,159381,0.996113932987211,0.996113932987211,0.9957640620021367,0.9996487640886369,,,,,0.996113932987211,0.996113932987211,0.0,0.0,0.9957640620021367,0.9996487640886369,0.0,0.0,3.894744150775504e-06,5.39,linear_centered_per_block
20261003T082105Z,2026-10-03T08:21:05.237830+00:00,20812aef948eaa8d0f8bc34d3ad2eeddd8c87d07,atlas-47,npu:0,2.7.1+cpu,2.7.1.post10,3.9.9,3140788293228622513,1791015664502287109,1024,1024,8192,fp32,"N(1e-6,1)",27,10000,256,0.5,320000,159982,159982,0,0,159982,159982,159320,159982,159320,159266,0,0,0,0,0,159982,159320,0,40800018,159982,159320,0,160018,159266,0.9958620344788789,0.9958620344788789,0.995524496505857,0.9996610595028873,,,,,0.9958620344788789,0.9958620344788789,0.0,0.0,0.995524496505857,0.9996610595028873,0.0,0.0,3.894744150775504e-06,5.39,linear_centered_per_block
20261003T082105Z,2026-10-03T08:21:05.237830+00:00,20812aef948eaa8d0f8bc34d3ad2eeddd8c87d07,atlas-47,npu:0,2.7.1+cpu,2.7.1.post10,3.9.9,1993025555194542996,1791015664502287109,1024,1024,8192,fp32,"N(1e-6,1)",28,10000,256,0.5,320000,160661,160661,0,0,160661,160661,159989,160661,159989,159950,0,0,0,0,0,160661,159989,0,40799339,160661,159989,0,159339,159950,0.9958172798625677,0.9958172798625677,0.9955745327117347,0.9997562332410354,,,,,0.9958172798625677,0.9958172798625677,0.0,0.0,0.9955745327117347,0.9997562332410354,0.0,0.0,3.894744150775504e-06,5.39,linear_centered_per_block
20261003T082105Z,2026-10-03T08:21:05.237830+00:00,20812aef948eaa8d0f8bc34d3ad2eeddd8c87d07,atlas-47,npu:0,2.7.1+cpu,2.7.1.post10,3.9.9,7715665825155210128,1791015664502287109,1024,1024,8192,fp32,"N(1e-6,1)",29,10000,256,0.5,320000,159886,159886,0,0,159886,159886,159260,159886,159260,159211,0,0,0,0,0,159886,159260,0,40800114,159886,159260,0,160114,159211,0.9960847103561288,0.9960847103561288,0.9957782419974232,0.9996923270124325,,,,,0.9960847103561288,0.9960847103561288,0.0,0.0,0.9957782419974232,0.9996923270124325,0.0,0.0,3.894744150775504e-06,5.39,linear_centered_per_block
20261003T082105Z,2026-10-03T08:21:05.237830+00:00,20812aef948eaa8d0f8bc34d3ad2eeddd8c87d07,atlas-47,npu:0,2.7.1+cpu,2.7.1.post10,3.9.9,8322207476038410650,1791015664502287109,1024,1024,8192,fp32,"N(1e-6,1)",30,10000,256,0.5,320000,160146,158749,1397,0,158749,158749,158749,158749,158749,157443,1397,1397,1397,1397,1397,160146,160146,0,40799854,160146,160146,0,159854,158840,1.0,1.0,0.9917731765239466,0.9917731765239466,1.0,1.0,1.0,1.0,1.0,1.0,0.0,0.0,0.9918449414908895,0.9918449414908895,0.008723289997876938,0.0,3.894744150775504e-06,5.39,linear_centered_per_block
20261003T082105Z,2026-10-03T08:21:05.237830+00:00,20812aef948eaa8d0f8bc34d3ad2eeddd8c87d07,atlas-47,npu:0,2.7.1+cpu,2.7.1.post10,3.9.9,4377433237588224886,1791015664502287109,1024,1024,8192,fp32,TruncN,23,10000,256,0.5,320000,160159,160159,0,0,160159,160159,160159,160159,160159,160159,0,0,0,0,0,160159,160159,0,40799841,160159,160159,0,159841,160159,1.0,1.0,1.0,1.0,,,,,1.0,1.0,0.0,0.0,1.0,1.0,0.0,0.0,3.894744150775504e-06,5.39,linear_centered_per_block
20261003T082105Z,2026-10-03T08:21:05.237830+00:00,20812aef948eaa8d0f8bc34d3ad2eeddd8c87d07,atlas-47,npu:0,2.7.1+cpu,2.7.1.post10,3.9.9,2121682579748187584,1791015664502287109,1024,1024,8192,fp32,TruncN,24,10000,256,0.5,320000,159999,159999,0,0,159999,159999,159999,159999,159999,159999,0,0,0,0,0,159999,159999,0,40800001,159999,159999,0,160001,159999,1.0,1.0,1.0,1.0,,,,,1.0,1.0,0.0,0.0,1.0,1.0,0.0,0.0,3.894744150775504e-06,5.39,linear_centered_per_block
20261003T082105Z,2026-10-03T08:21:05.237830+00:00,20812aef948eaa8d0f8bc34d3ad2eeddd8c87d07,atlas-47,npu:0,2.7.1+cpu,2.7.1.post10,3.9.9,2330831783602350065,1791015664502287109,1024,1024,8192,fp32,TruncN,25,10000,256,0.5,320000,160392,160392,0,0,160392,160392,160392,160392,160392,160392,0,0,0,0,0,160392,160392,0,40799608,160392,160392,0,159608,160392,1.0,1.0,1.0,1.0,,,,,1.0,1.0,0.0,0.0,1.0,1.0,0.0,0.0,3.894744150775504e-06,5.39,linear_centered_per_block
20261003T082105Z,2026-10-03T08:21:05.237830+00:00,20812aef948eaa8d0f8bc34d3ad2eeddd8c87d07,atlas-47,npu:0,2.7.1+cpu,2.7.1.post10,3.9.9,7068326969250064685,1791015664502287109,1024,1024,8192,fp32,TruncN,26,10000,256,0.5,320000,159839,159839,0,0,159839,159839,159839,159839,159839,159839,0,0,0,0,0,159839,159839,0,40800161,159839,159839,0,160161,159839,1.0,1.0,1.0,1.0,,,,,1.0,1.0,0.0,0.0,1.0,1.0,0.0,0.0,3.894744150775504e-06,5.39,linear_centered_per_block
20261003T082105Z,2026-10-03T08:21:05.237830+00:00,20812aef948eaa8d0f8bc34d3ad2eeddd8c87d07,atlas-47,npu:0,2.7.1+cpu,2.7.1.post10,3.9.9,8686019957348078115,1791015664502287109,1024,1024,8192,fp32,TruncN,27,10000,256,0.5,320000,160113,160113,0,0,160113,160113,160113,160113,160113,160113,0,0,0,0,0,160113,160113,0,40799887,160113,160113,0,159887,160113,1.0,1.0,1.0,1.0,,,,,1.0,1.0,0.0,0.0,1.0,1.0,0.0,0.0,3.894744150775504e-06,5.39,linear_centered_per_block
20261003T082105Z,2026-10-03T08:21:05.237830+00:00,20812aef948eaa8d0f8bc34d3ad2eeddd8c87d07,atlas-47,npu:0,2.7.1+cpu,2.7.1.post10,3.9.9,7717004946089012893,1791015664502287109,1024,1024,8192,fp32,TruncN,28,10000,256,0.5,320000,160208,160208,0,0,160208,160208,160208,160208,160208,160208,0,0,0,0,0,160208,160208,0,40799792,160208,160208,0,159792,160208,1.0,1.0,1.0,1.0,,,,,1.0,1.0,0.0,0.0,1.0,1.0,0.0,0.0,3.894744150775504e-06,5.39,linear_centered_per_block
20261003T082105Z,2026-10-03T08:21:05.237830+00:00,20812aef948eaa8d0f8bc34d3ad2eeddd8c87d07,atlas-47,npu:0,2.7.1+cpu,2.7.1.post10,3.9.9,8621230135551389781,1791015664502287109,1024,1024,8192,fp32,TruncN,29,10000,256,0.5,320000,160094,160094,0,0,160094,160094,160094,160094,160094,160094,0,0,0,0,0,160094,160094,0,40799906,160094,160094,0,159906,160094,1.0,1.0,1.0,1.0,,,,,1.0,1.0,0.0,0.0,1.0,1.0,0.0,0.0,3.894744150775504e-06,5.39,linear_centered_per_block
20261003T082105Z,2026-10-03T08:21:05.237830+00:00,20812aef948eaa8d0f8bc34d3ad2eeddd8c87d07,atlas-47,npu:0,2.7.1+cpu,2.7.1.post10,3.9.9,7610463994546014736,1791015664502287109,1024,1024,8192,fp32,TruncN,30,10000,256,0.5,320000,160422,160422,0,0,160422,160422,160422,160422,160422,160422,0,0,0,0,0,160422,160422,0,40799578,160422,160422,0,159578,160422,1.0,1.0,1.0,1.0,,,,,1.0,1.0,0.0,0.0,1.0,1.0,0.0,0.0,3.894744150775504e-06,5.39,linear_centered_per_block
20261003T082105Z,2026-10-03T08:21:05.237830+00:00,20812aef948eaa8d0f8bc34d3ad2eeddd8c87d07,atlas-47,npu:0,2.7.1+cpu,2.7.1.post10,3.9.9,1030613509587078188,1791015664502287109,1024,1024,8192,fp32,"U(-1,1)",23,10000,256,0.5,320000,159998,159998,0,0,159998,159998,159631,159998,159631,159316,0,0,0,0,0,159998,159631,0,40800002,159998,159631,0,160002,159316,0.9977062213277667,0.9977062213277667,0.995737446718084,0.9980266990747412,,,,,0.9977062213277667,0.9977062213277667,0.0,0.0,0.995737446718084,0.9980266990747412,0.0,0.0,3.894744150775504e-06,5.39,linear_centered_per_block
20261003T082105Z,2026-10-03T08:21:05.237830+00:00,20812aef948eaa8d0f8bc34d3ad2eeddd8c87d07,atlas-47,npu:0,2.7.1+cpu,2.7.1.post10,3.9.9,759614364265962565,1791015664502287109,1024,1024,8192,fp32,"U(-1,1)",24,10000,256,0.5,320000,159901,159901,0,0,159901,159901,159695,159901,159695,159544,0,0,0,0,0,159901,159695,0,40800099,159901,159695,0,160099,159544,0.9987117028661484,0.9987117028661484,0.997767368559296,0.9990544475406243,,,,,0.9987117028661484,0.9987117028661484,0.0,0.0,0.997767368559296,0.9990544475406243,0.0,0.0,3.894744150775504e-06,5.39,linear_centered_per_block
20261003T082105Z,2026-10-03T08:21:05.237830+00:00,20812aef948eaa8d0f8bc34d3ad2eeddd8c87d07,atlas-47,npu:0,2.7.1+cpu,2.7.1.post10,3.9.9,4408044961969001555,1791015664502287109,1024,1024,8192,fp32,"U(-1,1)",25,10000,256,0.5,320000,159178,159178,0,0,159178,159178,159145,159178,159145,159060,0,0,0,0,0,159178,159145,0,40800822,159178,159145,0,160822,159060,0.9997926849187702,0.9997926849187702,0.9992586915277237,0.9994658958811147,,,,,0.9997926849187702,0.9997926849187702,0.0,0.0,0.9992586915277237,0.9994658958811147,0.0,0.0,3.894744150775504e-06,5.39,linear_centered_per_block
20261003T082105Z,2026-10-03T08:21:05.237830+00:00,20812aef948eaa8d0f8bc34d3ad2eeddd8c87d07,atlas-47,npu:0,2.7.1+cpu,2.7.1.post10,3.9.9,7594767165551392344,1791015664502287109,1024,1024,8192,fp32,"U(-1,1)",26,10000,256,0.5,320000,159788,159788,0,0,159788,159788,159620,159788,159620,159400,0,0,0,0,0,159788,159620,0,40800212,159788,159620,0,160212,159400,0.998948606904148,0.998948606904148,0.9975717826119609,0.9986217266006766,,,,,0.998948606904148,0.998948606904148,0.0,0.0,0.9975717826119609,0.9986217266006766,0.0,0.0,3.894744150775504e-06,5.39,linear_centered_per_block
20261003T082105Z,2026-10-03T08:21:05.237830+00:00,20812aef948eaa8d0f8bc34d3ad2eeddd8c87d07,atlas-47,npu:0,2.7.1+cpu,2.7.1.post10,3.9.9,4212537180436200446,1791015664502287109,1024,1024,8192,fp32,"U(-1,1)",27,10000,256,0.5,320000,160036,160036,0,0,160036,160036,159808,160036,159808,159597,0,0,0,0,0,160036,159808,0,40799964,160036,159808,0,159964,159597,0.9985753205528756,0.9985753205528756,0.9972568672048789,0.9986796655987185,,,,,0.9985753205528756,0.9985753205528756,0.0,0.0,0.9972568672048789,0.9986796655987185,0.0,0.0,3.894744150775504e-06,5.39,linear_centered_per_block
20261003T082105Z,2026-10-03T08:21:05.237830+00:00,20812aef948eaa8d0f8bc34d3ad2eeddd8c87d07,atlas-47,npu:0,2.7.1+cpu,2.7.1.post10,3.9.9,2442113287363807990,1791015664502287109,1024,1024,8192,fp32,"U(-1,1)",28,10000,256,0.5,320000,160010,160010,0,0,160010,160010,159817,160010,159817,159623,0,0,0,0,0,160010,159817,0,40799990,160010,159817,0,159990,159623,0.9987938253859133,0.9987938253859133,0.9975814011624273,0.9987861116151598,,,,,0.9987938253859133,0.9987938253859133,0.0,0.0,0.9975814011624273,0.9987861116151598,0.0,0.0,3.894744150775504e-06,5.39,linear_centered_per_block
20261003T082105Z,2026-10-03T08:21:05.237830+00:00,20812aef948eaa8d0f8bc34d3ad2eeddd8c87d07,atlas-47,npu:0,2.7.1+cpu,2.7.1.post10,3.9.9,5285637349582769258,1791015664502287109,1024,1024,8192,fp32,"U(-1,1)",29,10000,256,0.5,320000,159446,159446,0,0,159446,159446,159218,159446,159218,159024,0,0,0,0,0,159446,159218,0,40800554,159446,159218,0,160554,159024,0.9985700487939491,0.9985700487939491,0.9973533359256426,0.9987815448002111,,,,,0.9985700487939491,0.9985700487939491,0.0,0.0,0.9973533359256426,0.9987815448002111,0.0,0.0,3.894744150775504e-06,5.39,linear_centered_per_block
20261003T082105Z,2026-10-03T08:21:05.237830+00:00,20812aef948eaa8d0f8bc34d3ad2eeddd8c87d07,atlas-47,npu:0,2.7.1+cpu,2.7.1.post10,3.9.9,1824838318137508946,1791015664502287109,1024,1024,8192,fp32,"U(-1,1)",30,10000,256,0.5,320000,160228,155980,4248,0,155980,155980,155980,155980,155980,151941,4248,4248,4248,4248,4248,160228,160228,0,40799772,160228,160228,0,159772,156189,1.0,1.0,0.9741056545710989,0.9741056545710989,1.0,1.0,1.0,1.0,1.0,1.0,0.0,0.0,0.9747921711561025,0.9747921711561025,0.026512220086376912,0.0,3.894744150775504e-06,5.39,linear_centered_per_block
