C_sum: -244.0, C_check: -245.0, Diff: 1.0, Error Bound: 9.375
C_sum: 56.25, C_check: 56.0, Diff: 0.25, Error Bound: 10.25
C_sum: -47.75, C_check: -47.75, Diff: 0.0, Error Bound: 12.9375
C_sum: -600.0, C_check: -600.0, Diff: 0.0, Error Bound: 6.8125
C_sum: -332.0, C_check: -332.0, Diff: 0.0, Error Bound: 19.5
C_sum: -280.0, C_check: -280.0, Diff: 0.0, Error Bound: 12.0625
C_sum: 1032.0, C_check: 1032.0, Diff: 0.0, Error Bound: 16.0
C_sum: -676.0, C_check: -676.0, Diff: 0.0, Error Bound: 15.75
C_sum: tensor([[-7.7500e+01],
        [-2.7000e+02],
        [-1.2734e+00],
        [ 1.8100e+02],
        [-1.6100e+02],
        [ 2.5800e+02],
        [-1.8500e+02],
        [-1.6600e+02],
        [ 9.8500e+01],
        [ 1.1440e+03],
        [ 4.6800e+02],
        [ 1.6000e+03],
        [-2.0000e+02],
        [-2.9000e+02],
        [ 2.6600e+02],
        [-1.8700e+02],
        [-3.0600e+02],
        [-5.0800e+02],
        [-1.1520e+03],
        [ 2.4500e+02],
        [ 4.9500e+01],
        [-1.5700e+02],
        [ 1.1150e+02],
        [-4.9400e+02],
        [-1.3300e+02],
        [-7.2500e+01],
        [-2.5400e+02],
        [ 6.0800e+02],
        [ 3.1600e+02],
        [-1.1850e+02],
        [-3.9000e+02],
        [ 4.6600e+02],
        [ 9.8500e+01],
        [ 3.9800e+02],
        [-6.7200e+02],
        [ 9.2500e+01],
        [ 2.4200e+02],
        [ 7.5200e+02],
        [-2.8000e+02],
        [-3.7600e+02],
        [ 4.3200e+02],
        [ 4.2400e+02],
        [ 3.9400e+02],
        [ 1.0880e+03],
        [-6.7600e+02],
        [-2.9600e+02],
        [ 4.0600e+02],
        [-5.2250e+01],
        [ 5.2750e+01],
        [-3.9600e+02],
        [ 1.2560e+03],
        [ 4.0000e+02],
        [-4.5400e+02],
        [ 4.2200e+02],
        [-1.3562e+01],
        [ 5.0200e+02],
        [-1.5200e+02],
        [-4.4000e+02],
        [-2.7800e+02],
        [-4.9000e+02],
        [ 8.7600e+02],
        [-3.2600e+02],
        [ 9.1000e+01],
        [-3.7000e+02],
        [-5.1600e+02],
        [ 3.8000e+01],
        [-5.5600e+02],
        [-4.5400e+02],
        [-1.6100e+02],
        [ 4.6200e+02],
        [ 2.5200e+02],
        [ 4.5800e+02],
        [ 9.7600e+02],
        [-4.8800e+02],
        [-3.6000e+01],
        [ 4.7000e+02],
        [-8.9600e+02],
        [ 1.1760e+03],
        [-5.2000e+02],
        [-1.8100e+02],
        [-2.8400e+02],
        [-5.7200e+02],
        [-2.8400e+02],
        [ 7.8400e+02],
        [-4.2200e+02],
        [-1.2100e+02],
        [-7.2800e+02],
        [ 4.5800e+02],
        [-1.4100e+02],
        [-3.8250e+01],
        [-2.2600e+02],
        [-2.4300e+02],
        [ 2.1300e+02],
        [ 1.0350e+02],
        [-3.1600e+02],
        [-6.3500e+01],
        [-1.6875e+01],
        [-2.9000e+02],
        [ 6.1000e+01],
        [ 8.0000e+02],
        [-4.6800e+02],
        [ 2.5000e+02],
        [ 1.3300e+02],
        [-7.0938e+00],
        [-3.2800e+02],
        [ 3.7800e+02],
        [-4.6000e+01],
        [-1.1680e+03],
        [ 2.6800e+02],
        [ 2.4300e+02],
        [ 3.3600e+02],
        [-6.9600e+02],
        [ 4.9800e+02],
        [-2.9800e+02],
        [ 2.1000e+01],
        [-5.8000e+02],
        [-5.6400e+02],
        [ 9.7200e+02],
        [-7.9000e+01],
        [-3.8400e+02],
        [-1.9600e+02],
        [-2.4300e+02],
        [-5.4400e+02],
        [ 3.9750e+01],
        [ 3.0250e+01],
        [ 2.4000e+02],
        [ 6.1250e+01],
        [ 2.4200e+02]], device='npu:0', dtype=torch.bfloat16), C_check: tensor([  -79.5000,  -272.0000,    -2.6406,   184.0000,  -158.0000,   256.0000,
         -184.0000,  -167.0000,    97.5000,  1144.0000,   468.0000,  1600.0000,
         -198.0000,  -292.0000,   268.0000,  -186.0000,  -306.0000,  -506.0000,
        -1144.0000,   244.0000,    50.0000,  -157.0000,   112.5000,  -494.0000,
         -132.0000,   -71.5000,  -255.0000,   604.0000,   316.0000,  -117.5000,
         -388.0000,   468.0000,   100.0000,   398.0000,  -672.0000,    94.0000,
          243.0000,   756.0000,  -282.0000,  -376.0000,   430.0000,   426.0000,
          396.0000,  1088.0000,  -676.0000,  -294.0000,   408.0000,   -53.2500,
           52.5000,  -396.0000,  1256.0000,   398.0000,  -452.0000,   422.0000,
          -14.2500,   504.0000,  -153.0000,  -440.0000,  -278.0000,  -492.0000,
          876.0000,  -328.0000,    93.0000,  -368.0000,  -516.0000,    38.5000,
         -552.0000,  -452.0000,  -160.0000,   460.0000,   251.0000,   456.0000,
          976.0000,  -488.0000,   -37.5000,   472.0000,  -892.0000,  1176.0000,
         -520.0000,  -183.0000,  -286.0000,  -572.0000,  -284.0000,   788.0000,
         -422.0000,  -121.0000,  -728.0000,   456.0000,  -143.0000,   -39.5000,
         -227.0000,  -243.0000,   214.0000,   104.0000,  -314.0000,   -62.5000,
          -17.0000,  -290.0000,    60.5000,   800.0000,  -468.0000,   250.0000,
          133.0000,    -5.7500,  -328.0000,   374.0000,   -44.5000, -1168.0000,
          266.0000,   243.0000,   338.0000,  -696.0000,   498.0000,  -302.0000,
           19.2500,  -584.0000,  -564.0000,   972.0000,   -77.5000,  -386.0000,
         -198.0000,  -243.0000,  -540.0000,    37.5000,    29.3750,   240.0000,
           60.0000,   241.0000], device='npu:0', dtype=torch.bfloat16), Diff: tensor([2.0000, 2.0000, 1.3672, 3.0000, 3.0000, 2.0000, 1.0000, 1.0000, 1.0000,
        0.0000, 0.0000, 0.0000, 2.0000, 2.0000, 2.0000, 1.0000, 0.0000, 2.0000,
        8.0000, 1.0000, 0.5000, 0.0000, 1.0000, 0.0000, 1.0000, 1.0000, 1.0000,
        4.0000, 0.0000, 1.0000, 2.0000, 2.0000, 1.5000, 0.0000, 0.0000, 1.5000,
        1.0000, 4.0000, 2.0000, 0.0000, 2.0000, 2.0000, 2.0000, 0.0000, 0.0000,
        2.0000, 2.0000, 1.0000, 0.2500, 0.0000, 0.0000, 2.0000, 2.0000, 0.0000,
        0.6875, 2.0000, 1.0000, 0.0000, 0.0000, 2.0000, 0.0000, 2.0000, 2.0000,
        2.0000, 0.0000, 0.5000, 4.0000, 2.0000, 1.0000, 2.0000, 1.0000, 2.0000,
        0.0000, 0.0000, 1.5000, 2.0000, 4.0000, 0.0000, 0.0000, 2.0000, 2.0000,
        0.0000, 0.0000, 4.0000, 0.0000, 0.0000, 0.0000, 2.0000, 2.0000, 1.2500,
        1.0000, 0.0000, 1.0000, 0.5000, 2.0000, 1.0000, 0.1250, 0.0000, 0.5000,
        0.0000, 0.0000, 0.0000, 0.0000, 1.3438, 0.0000, 4.0000, 1.5000, 0.0000,
        2.0000, 0.0000, 2.0000, 0.0000, 0.0000, 4.0000, 1.7500, 4.0000, 0.0000,
        0.0000, 1.5000, 2.0000, 2.0000, 0.0000, 4.0000, 2.2500, 0.8750, 0.0000,
        1.2500, 1.0000], device='npu:0', dtype=torch.bfloat16), Error Bound: tensor([ 6.5625,  8.3750, 12.8125, 21.5000, 12.0000, 12.9375,  6.7188, 12.9375,
        14.6250, 16.1250, 21.2500, 19.2500, 11.7500, 10.6250, 20.5000, 10.3125,
        13.6875, 11.6875,  7.7500, 14.5000, 19.2500,  6.4688, 18.5000, 12.5000,
        11.3750,  8.3125, 18.7500, 13.8125,  9.8125, 13.2500,  6.5625,  6.6250,
        19.2500, 16.1250, 13.9375,  9.9375, 14.2500,  7.1875,  9.2500,  5.9062,
        23.3750, 14.2500,  8.1250, 11.5000, 14.2500,  5.8438, 11.5000, 10.6250,
         7.3750, 13.4375,  7.0312, 19.3750,  7.6875,  6.7188, 14.3125,  6.1562,
        18.1250,  6.4062, 12.5000,  5.9688, 16.3750,  7.5625, 10.0625,  8.0625,
         7.0312, 11.6875, 13.3750,  5.7500,  8.9375, 21.0000, 17.5000, 32.5000,
        21.5000, 12.8125,  8.5625, 21.0000,  6.4062, 11.1875,  6.1562,  7.8438,
        14.2500,  9.4375,  7.4375, 17.0000,  8.9375,  8.0000,  6.6250, 11.4375,
         9.1250, 11.9375, 11.6250, 13.4375,  9.8125, 16.5000, 14.9375, 18.1250,
        16.5000, 16.0000, 10.5625, 26.2500, 14.9375, 13.6250, 12.6250, 17.5000,
        18.7500,  9.1250,  7.8438,  7.0000, 10.0000, 17.2500,  8.3750,  6.8438,
        16.0000,  6.3750, 13.1250,  6.9062, 17.6250, 14.2500,  7.3750, 17.1250,
         6.3125, 10.8750,  9.3750, 15.5000, 10.7500, 18.5000,  8.9375, 12.5000],
       device='npu:0', dtype=torch.bfloat16)
C_sum: tensor([[ 2.8400e+02],
        [-1.7500e+02],
        [-5.1600e+02],
        [-2.5250e+01],
        [-1.6300e+02],
        [ 9.1500e+01],
        [-1.2400e+03],
        [ 8.9200e+02],
        [ 5.1200e+02],
        [-6.1200e+02],
        [ 4.3800e+02],
        [ 3.3600e+02],
        [ 9.7200e+02],
        [-7.2400e+02],
        [ 8.6800e+02],
        [ 7.7200e+02],
        [-6.1200e+02],
        [-2.0500e+02],
        [-1.1500e+02],
        [ 1.4200e+02],
        [-1.2900e+02],
        [ 1.1600e+03],
        [ 4.5000e+02],
        [ 6.8800e+02],
        [-3.5200e+02],
        [ 1.6400e+02],
        [ 2.7600e+02],
        [ 3.7200e+02],
        [-1.1280e+03],
        [ 6.4400e+02],
        [ 4.9600e+02],
        [ 7.9600e+02],
        [-3.8750e+01],
        [-3.7600e+02],
        [-1.9900e+02],
        [ 6.7200e+02],
        [ 6.3200e+02],
        [ 3.0600e+02],
        [-7.6400e+02],
        [-5.0400e+02],
        [-3.5200e+02],
        [-7.8400e+02],
        [-1.0400e+03],
        [ 6.6800e+02],
        [ 2.3300e+02],
        [ 3.1400e+02],
        [ 7.5200e+02],
        [-4.6800e+02],
        [ 1.1200e+03],
        [ 5.1200e+02],
        [ 6.7200e+02],
        [ 7.5600e+02],
        [ 2.5000e+02],
        [ 7.8000e+02],
        [-5.3200e+02],
        [ 4.9600e+02],
        [-1.0400e+03],
        [ 4.5200e+02],
        [-1.5000e+02],
        [-7.4000e+02],
        [ 1.8100e+02],
        [ 3.4500e+01],
        [-2.6000e+02],
        [ 7.6400e+02],
        [ 7.6000e+02],
        [ 4.1750e+01],
        [-2.5000e+02],
        [ 1.8700e+02],
        [-1.7600e+02],
        [-3.0000e+02],
        [-2.2700e+02],
        [ 6.9375e+00],
        [-5.9000e+01],
        [-8.9000e+01],
        [ 1.0625e+01],
        [ 1.8203e+00],
        [-3.1000e+02],
        [ 9.9600e+02],
        [ 5.6000e+02],
        [-1.1300e+02],
        [ 6.4000e+02],
        [ 1.7800e+02],
        [ 1.4600e+02],
        [-1.2400e+02],
        [-2.3900e+02],
        [-1.0160e+03],
        [ 9.6500e+01],
        [-4.2000e+02],
        [-1.2100e+02],
        [ 2.4200e+02],
        [ 8.2000e+01],
        [ 4.4000e+02],
        [ 6.8400e+02],
        [-2.5200e+02],
        [ 1.3120e+03],
        [ 2.7031e+00],
        [ 2.4000e+02],
        [-6.0800e+02],
        [ 4.8400e+02],
        [-6.5200e+02],
        [ 4.6400e+02],
        [-2.8600e+02],
        [ 2.3600e+02],
        [-1.2050e+02],
        [ 2.2000e+02],
        [ 6.1200e+02],
        [ 3.5750e+01],
        [-4.6600e+02],
        [-2.7800e+02],
        [ 6.0400e+02],
        [-2.1100e+02],
        [ 1.4000e+02],
        [ 1.6900e+02],
        [-3.4800e+02],
        [ 7.3000e+01],
        [-4.4600e+02],
        [ 1.0120e+03],
        [-4.8400e+02],
        [ 9.3200e+02],
        [-1.2344e+00],
        [ 6.7600e+02],
        [ 3.2800e+02],
        [-1.7100e+02],
        [-1.3440e+03],
        [-8.0500e+01],
        [-1.4900e+02],
        [ 1.3062e+01],
        [-3.1200e+02]], device='npu:0', dtype=torch.bfloat16), C_check: tensor([  284.0000,  -175.0000,  -512.0000,   -26.1250,  -162.0000,    92.5000,
        -1240.0000,   892.0000,   512.0000,  -612.0000,   438.0000,   336.0000,
          972.0000,  -728.0000,   872.0000,   772.0000,  -608.0000,  -206.0000,
         -115.5000,   144.0000,  -130.0000,  1160.0000,   448.0000,   692.0000,
         -352.0000,   163.0000,   278.0000,   370.0000, -1128.0000,   644.0000,
          494.0000,   796.0000,   -39.2500,  -378.0000,  -198.0000,   676.0000,
          628.0000,   306.0000,  -764.0000,  -504.0000,  -354.0000,  -784.0000,
        -1032.0000,   668.0000,   233.0000,   314.0000,   752.0000,  -468.0000,
         1120.0000,   516.0000,   672.0000,   756.0000,   248.0000,   780.0000,
         -532.0000,   496.0000, -1040.0000,   452.0000,  -149.0000,  -740.0000,
          182.0000,    33.5000,  -258.0000,   764.0000,   764.0000,    43.0000,
         -251.0000,   187.0000,  -177.0000,  -300.0000,  -226.0000,     9.3750,
          -58.0000,   -88.5000,    10.1875,     2.4844,  -312.0000,   996.0000,
          556.0000,  -115.5000,   636.0000,   178.0000,   146.0000,  -123.5000,
         -241.0000, -1016.0000,    95.0000,  -418.0000,  -119.0000,   240.0000,
           81.0000,   438.0000,   684.0000,  -253.0000,  1312.0000,     3.2969,
          240.0000,  -608.0000,   484.0000,  -656.0000,   462.0000,  -286.0000,
          235.0000,  -121.0000,   219.0000,   612.0000,    37.2500,  -468.0000,
         -280.0000,   608.0000,  -210.0000,   141.0000,   168.0000,  -348.0000,
           72.0000,  -446.0000,  1012.0000,  -486.0000,   936.0000,    -2.5156,
          676.0000,   328.0000,  -171.0000, -1344.0000,   -80.0000,  -148.0000,
           14.4375,  -314.0000], device='npu:0', dtype=torch.bfloat16), Diff: tensor([0.0000, 0.0000, 4.0000, 0.8750, 1.0000, 1.0000, 0.0000, 0.0000, 0.0000,
        0.0000, 0.0000, 0.0000, 0.0000, 4.0000, 4.0000, 0.0000, 4.0000, 1.0000,
        0.5000, 2.0000, 1.0000, 0.0000, 2.0000, 4.0000, 0.0000, 1.0000, 2.0000,
        2.0000, 0.0000, 0.0000, 2.0000, 0.0000, 0.5000, 2.0000, 1.0000, 4.0000,
        4.0000, 0.0000, 0.0000, 0.0000, 2.0000, 0.0000, 8.0000, 0.0000, 0.0000,
        0.0000, 0.0000, 0.0000, 0.0000, 4.0000, 0.0000, 0.0000, 2.0000, 0.0000,
        0.0000, 0.0000, 0.0000, 0.0000, 1.0000, 0.0000, 1.0000, 1.0000, 2.0000,
        0.0000, 4.0000, 1.2500, 1.0000, 0.0000, 1.0000, 0.0000, 1.0000, 2.4375,
        1.0000, 0.5000, 0.4375, 0.6641, 2.0000, 0.0000, 4.0000, 2.5000, 4.0000,
        0.0000, 0.0000, 0.5000, 2.0000, 0.0000, 1.5000, 2.0000, 2.0000, 2.0000,
        1.0000, 2.0000, 0.0000, 1.0000, 0.0000, 0.5938, 0.0000, 0.0000, 0.0000,
        4.0000, 2.0000, 0.0000, 1.0000, 0.5000, 1.0000, 0.0000, 1.5000, 2.0000,
        2.0000, 4.0000, 1.0000, 1.0000, 1.0000, 0.0000, 1.0000, 0.0000, 0.0000,
        2.0000, 4.0000, 1.2812, 0.0000, 0.0000, 0.0000, 0.0000, 0.5000, 1.0000,
        1.3750, 2.0000], device='npu:0', dtype=torch.bfloat16), Error Bound: tensor([12.7500, 15.0625,  8.0000, 11.3750, 25.2500, 10.7500, 21.7500,  8.8750,
        16.5000, 15.5000,  8.5000, 14.5625,  6.0000, 14.0625,  6.6250, 14.0000,
        10.0000, 16.3750, 10.9375, 12.3750, 14.8750,  6.4062,  6.0312,  5.8438,
         7.5312, 34.2500, 16.6250, 15.0625,  8.3750,  8.5000,  7.9062,  8.3125,
         9.4375, 10.7500, 21.0000, 21.7500,  9.6250,  7.1875, 10.7500, 14.8750,
        11.4375, 16.5000,  7.9688,  8.0625, 16.7500,  8.6250,  7.3750, 12.0000,
         5.6250,  6.5938,  7.7500, 18.3750,  9.8125, 13.3750,  8.1875, 17.8750,
        13.1250, 18.7500, 33.2500,  8.5000, 14.0000,  8.5625, 14.1875,  6.4062,
         7.3125, 16.7500,  6.3750,  8.9375,  8.7500,  9.8125, 13.6875,  8.3125,
         7.5312, 25.1250,  8.3750, 10.0000,  5.8750, 19.6250, 21.7500, 14.3125,
         9.9375, 17.0000,  6.5625,  8.6875, 21.7500,  9.5000,  6.4062, 11.5000,
        19.1250,  8.1875,  8.6250, 25.8750, 25.0000,  5.9688, 23.2500, 14.5625,
        10.0000,  6.5625,  8.8125,  7.7500, 21.1250, 13.2500, 10.0000, 23.5000,
        16.1250, 12.0625,  9.4375, 12.8750, 22.8750,  8.9375,  9.9375, 10.5625,
        15.6875, 13.6875,  6.4688,  6.4062, 13.8125,  8.5625,  8.0000,  8.9375,
         9.6250,  8.8125,  8.0625,  7.5938, 11.6875,  7.1250,  6.4688,  6.8125],
       device='npu:0', dtype=torch.bfloat16)
C_sum: tensor([[  414.0000],
        [  223.0000],
        [ -864.0000],
        [ -454.0000],
        [ -502.0000],
        [  213.0000],
        [  632.0000],
        [  255.0000],
        [   90.5000],
        [ -326.0000],
        [  416.0000],
        [  436.0000],
        [  232.0000],
        [  -21.1250],
        [  350.0000],
        [  154.0000],
        [-1040.0000],
        [  452.0000],
        [  408.0000],
        [ -370.0000],
        [ -536.0000],
        [ -660.0000],
        [ -350.0000],
        [  460.0000],
        [ 1184.0000],
        [  516.0000],
        [  452.0000],
        [ -824.0000],
        [  190.0000],
        [   10.5625],
        [ 1296.0000],
        [ -280.0000],
        [  113.0000],
        [  342.0000],
        [ -239.0000],
        [ -169.0000],
        [  548.0000],
        [ -278.0000],
        [  884.0000],
        [  414.0000],
        [  143.0000],
        [ -592.0000],
        [ -464.0000],
        [  398.0000],
        [  848.0000],
        [ -752.0000],
        [ -392.0000],
        [ -366.0000],
        [  -27.8750],
        [  816.0000],
        [   74.0000],
        [  286.0000],
        [ -328.0000],
        [ 1032.0000],
        [ -948.0000],
        [ 1040.0000],
        [  120.0000],
        [ -209.0000],
        [ -492.0000],
        [  868.0000],
        [ -414.0000],
        [  288.0000],
        [  860.0000],
        [ -124.0000],
        [ -212.0000],
        [ -266.0000],
        [   71.5000],
        [  -22.6250],
        [-1320.0000],
        [ 1128.0000],
        [  -83.5000],
        [-1088.0000],
        [  996.0000],
        [  268.0000],
        [ -868.0000],
        [ -262.0000],
        [ 1232.0000],
        [  172.0000],
        [ -696.0000],
        [  492.0000],
        [ -764.0000],
        [  724.0000],
        [  608.0000],
        [  201.0000],
        [ -956.0000],
        [  464.0000],
        [ -536.0000],
        [ -454.0000],
        [  304.0000],
        [ 1032.0000],
        [-1144.0000],
        [  580.0000],
        [ -432.0000],
        [  652.0000],
        [ -600.0000],
        [   53.2500],
        [  434.0000],
        [  157.0000],
        [  456.0000],
        [  588.0000],
        [ -684.0000],
        [ -768.0000],
        [    5.6875],
        [   41.7500],
        [  370.0000],
        [  -12.4375],
        [ -326.0000],
        [ -402.0000],
        [ -255.0000],
        [ -160.0000],
        [  192.0000],
        [  382.0000],
        [  -90.0000],
        [ -241.0000],
        [ -440.0000],
        [  120.5000],
        [  524.0000],
        [ -274.0000],
        [ -196.0000],
        [  114.5000],
        [  -97.5000],
        [   23.5000],
        [  892.0000],
        [  652.0000],
        [ -332.0000],
        [  368.0000],
        [  -18.2500],
        [  444.0000]], device='npu:0', dtype=torch.bfloat16), C_check: tensor([  414.0000,   224.0000,  -864.0000,  -454.0000,  -504.0000,   213.0000,
          628.0000,   256.0000,    88.5000,  -324.0000,   416.0000,   436.0000,
          234.0000,   -19.2500,   350.0000,   154.0000, -1040.0000,   450.0000,
          410.0000,  -370.0000,  -532.0000,  -664.0000,  -350.0000,   458.0000,
         1184.0000,   516.0000,   454.0000,  -824.0000,   189.0000,    10.3125,
         1304.0000,  -278.0000,   114.5000,   344.0000,  -240.0000,  -169.0000,
          548.0000,  -278.0000,   884.0000,   416.0000,   144.0000,  -588.0000,
         -462.0000,   398.0000,   848.0000,  -752.0000,  -392.0000,  -366.0000,
          -28.0000,   816.0000,    74.0000,   286.0000,  -330.0000,  1032.0000,
         -948.0000,  1040.0000,   120.0000,  -207.0000,  -492.0000,   868.0000,
         -412.0000,   290.0000,   860.0000,  -124.5000,  -214.0000,  -264.0000,
           71.0000,   -20.8750, -1320.0000,  1128.0000,   -80.0000, -1088.0000,
          996.0000,   268.0000,  -868.0000,  -260.0000,  1232.0000,   170.0000,
         -700.0000,   494.0000,  -764.0000,   728.0000,   612.0000,   201.0000,
         -956.0000,   466.0000,  -536.0000,  -454.0000,   304.0000,  1032.0000,
        -1144.0000,   584.0000,  -430.0000,   652.0000,  -600.0000,    51.0000,
          432.0000,   158.0000,   454.0000,   588.0000,  -684.0000,  -772.0000,
            3.9062,    40.2500,   372.0000,   -13.9375,  -328.0000,  -404.0000,
         -253.0000,  -159.0000,   191.0000,   382.0000,   -91.0000,  -239.0000,
         -442.0000,   122.0000,   524.0000,  -274.0000,  -196.0000,   116.5000,
          -98.0000,    23.1250,   892.0000,   652.0000,  -334.0000,   366.0000,
          -18.1250,   442.0000], device='npu:0', dtype=torch.bfloat16), Diff: tensor([0.0000, 1.0000, 0.0000, 0.0000, 2.0000, 0.0000, 4.0000, 1.0000, 2.0000,
        2.0000, 0.0000, 0.0000, 2.0000, 1.8750, 0.0000, 0.0000, 0.0000, 2.0000,
        2.0000, 0.0000, 4.0000, 4.0000, 0.0000, 2.0000, 0.0000, 0.0000, 2.0000,
        0.0000, 1.0000, 0.2500, 8.0000, 2.0000, 1.5000, 2.0000, 1.0000, 0.0000,
        0.0000, 0.0000, 0.0000, 2.0000, 1.0000, 4.0000, 2.0000, 0.0000, 0.0000,
        0.0000, 0.0000, 0.0000, 0.1250, 0.0000, 0.0000, 0.0000, 2.0000, 0.0000,
        0.0000, 0.0000, 0.0000, 2.0000, 0.0000, 0.0000, 2.0000, 2.0000, 0.0000,
        0.5000, 2.0000, 2.0000, 0.5000, 1.7500, 0.0000, 0.0000, 3.5000, 0.0000,
        0.0000, 0.0000, 0.0000, 2.0000, 0.0000, 2.0000, 4.0000, 2.0000, 0.0000,
        4.0000, 4.0000, 0.0000, 0.0000, 2.0000, 0.0000, 0.0000, 0.0000, 0.0000,
        0.0000, 4.0000, 2.0000, 0.0000, 0.0000, 2.2500, 2.0000, 1.0000, 2.0000,
        0.0000, 0.0000, 4.0000, 1.7812, 1.5000, 2.0000, 1.5000, 2.0000, 2.0000,
        2.0000, 1.0000, 1.0000, 0.0000, 1.0000, 2.0000, 2.0000, 1.5000, 0.0000,
        0.0000, 0.0000, 2.0000, 0.5000, 0.3750, 0.0000, 0.0000, 2.0000, 2.0000,
        0.1250, 2.0000], device='npu:0', dtype=torch.bfloat16), Error Bound: tensor([ 6.8125,  9.8125, 21.8750, 13.5000, 13.6250, 10.3125,  7.6875, 11.1875,
        11.1875, 16.5000, 21.5000, 13.6250, 12.3125, 11.6250,  6.5625, 12.5000,
        11.8125, 10.3125, 18.1250,  8.4375, 15.1250, 12.8125, 20.3750, 15.6875,
        15.3750, 20.0000,  8.5625, 17.6250, 10.3125,  7.5625,  7.0312, 10.5625,
        13.7500, 10.8125,  8.5625, 17.8750,  9.9375, 13.2500, 20.2500, 19.7500,
        17.2500, 18.3750, 10.1875, 11.4375, 19.0000,  7.8438, 13.0625,  9.1250,
        15.0625,  6.6250,  9.3750,  8.3750,  7.8750, 12.9375, 37.2500,  7.6250,
        18.3750,  7.9062, 21.0000, 20.7500,  6.8438, 12.3125, 14.5000,  6.6250,
        14.2500,  8.3125, 10.5000, 15.8125, 17.1250,  8.6250, 12.3750, 18.5000,
        17.8750, 13.7500, 14.5625, 11.5000,  9.2500,  7.5938, 12.6250,  9.1250,
         9.5000, 14.9375, 13.2500,  8.0625, 13.7500, 18.7500,  7.3750, 12.5000,
        14.0000, 35.7500,  9.0625, 16.0000, 14.5625,  9.8125, 20.6250, 12.5000,
         9.0625, 18.6250, 19.2500,  8.6250, 21.5000, 14.5000,  9.6875,  9.1875,
        14.0625,  8.8125, 12.0000,  8.5000, 11.7500,  7.3750, 14.1875,  7.2812,
         9.3750, 10.7500, 10.3750, 16.2500, 18.1250, 11.4375, 12.3125, 11.6875,
         9.9375, 11.2500, 20.7500,  8.1875, 27.0000,  7.1875,  9.5000,  6.5625],
       device='npu:0', dtype=torch.bfloat16)
C_sum: tensor([[  -94.0000],
        [  892.0000],
        [  628.0000],
        [ -632.0000],
        [  -77.0000],
        [  470.0000],
        [ -688.0000],
        [  516.0000],
        [ -848.0000],
        [  102.5000],
        [  668.0000],
        [  324.0000],
        [  -35.5000],
        [  444.0000],
        [  290.0000],
        [ -228.0000],
        [  -19.8750],
        [   77.0000],
        [  512.0000],
        [  -84.0000],
        [  976.0000],
        [  217.0000],
        [  149.0000],
        [  -15.0625],
        [   41.7500],
        [ 1056.0000],
        [  226.0000],
        [ -344.0000],
        [   -9.8125],
        [ -552.0000],
        [ -528.0000],
        [  388.0000],
        [ -199.0000],
        [ -428.0000],
        [-1176.0000],
        [  472.0000],
        [   69.0000],
        [  564.0000],
        [  146.0000],
        [ -159.0000],
        [  -76.0000],
        [ -242.0000],
        [ -260.0000],
        [  644.0000],
        [  214.0000],
        [  308.0000],
        [  478.0000],
        [  -96.0000],
        [   30.2500],
        [  840.0000],
        [ -498.0000],
        [  274.0000],
        [ -302.0000],
        [  592.0000],
        [ 1096.0000],
        [ -360.0000],
        [ -504.0000],
        [   66.5000],
        [ -237.0000],
        [ 1440.0000],
        [  229.0000],
        [  324.0000],
        [  652.0000],
        [  832.0000],
        [ -182.0000],
        [ -362.0000],
        [  116.5000],
        [  266.0000],
        [  134.0000],
        [ -124.5000],
        [  210.0000],
        [  217.0000],
        [ -616.0000],
        [  588.0000],
        [ -804.0000],
        [  -43.0000],
        [ -556.0000],
        [ -688.0000],
        [  -89.5000],
        [   30.3750],
        [  231.0000],
        [  528.0000],
        [ -149.0000],
        [ -418.0000],
        [  336.0000],
        [ -688.0000],
        [ -740.0000],
        [  141.0000],
        [  290.0000],
        [ -572.0000],
        [ -668.0000],
        [ -556.0000],
        [ -251.0000],
        [ -904.0000],
        [  844.0000],
        [  920.0000],
        [  270.0000],
        [  358.0000],
        [ -205.0000],
        [  204.0000],
        [ -920.0000],
        [  -55.2500],
        [   11.6875],
        [   -1.8906],
        [  512.0000],
        [  158.0000],
        [  138.0000],
        [ -228.0000],
        [  720.0000],
        [  880.0000],
        [  404.0000],
        [ 1696.0000],
        [  792.0000],
        [  984.0000],
        [  580.0000],
        [  748.0000],
        [  276.0000],
        [   54.7500],
        [ -241.0000],
        [-1480.0000],
        [ -266.0000],
        [  294.0000],
        [  171.0000],
        [  162.0000],
        [  672.0000],
        [  290.0000],
        [  466.0000],
        [ -318.0000]], device='npu:0', dtype=torch.bfloat16), C_check: tensor([  -93.0000,   892.0000,   628.0000,  -632.0000,   -75.5000,   468.0000,
         -688.0000,   516.0000,  -852.0000,   103.5000,   672.0000,   324.0000,
          -35.2500,   444.0000,   290.0000,  -230.0000,   -19.6250,    79.0000,
          512.0000,   -83.5000,   976.0000,   218.0000,   149.0000,   -13.7500,
           41.2500,  1056.0000,   226.0000,  -344.0000,   -13.1250,  -556.0000,
         -528.0000,   386.0000,  -198.0000,  -428.0000, -1176.0000,   472.0000,
           69.0000,   564.0000,   146.0000,  -159.0000,   -76.0000,  -240.0000,
         -258.0000,   644.0000,   214.0000,   308.0000,   480.0000,   -93.0000,
           30.2500,   840.0000,  -498.0000,   274.0000,  -300.0000,   592.0000,
         1096.0000,  -360.0000,  -506.0000,    65.5000,  -236.0000,  1440.0000,
          230.0000,   324.0000,   652.0000,   832.0000,  -183.0000,  -360.0000,
          117.0000,   266.0000,   133.0000,  -124.5000,   210.0000,   218.0000,
         -616.0000,   588.0000,  -804.0000,   -45.5000,  -556.0000,  -684.0000,
          -91.0000,    30.0000,   232.0000,   528.0000,  -148.0000,  -420.0000,
          334.0000,  -688.0000,  -740.0000,   141.0000,   288.0000,  -572.0000,
         -672.0000,  -556.0000,  -253.0000,  -904.0000,   844.0000,   916.0000,
          270.0000,   360.0000,  -205.0000,   205.0000,  -920.0000,   -54.2500,
           10.2500,    -2.9844,   516.0000,   156.0000,   138.0000,  -231.0000,
          724.0000,   880.0000,   402.0000,  1688.0000,   792.0000,   984.0000,
          580.0000,   748.0000,   276.0000,    53.5000,  -242.0000, -1480.0000,
         -264.0000,   294.0000,   170.0000,   164.0000,   672.0000,   290.0000,
          466.0000,  -318.0000], device='npu:0', dtype=torch.bfloat16), Diff: tensor([1.0000, 0.0000, 0.0000, 0.0000, 1.5000, 2.0000, 0.0000, 0.0000, 4.0000,
        1.0000, 4.0000, 0.0000, 0.2500, 0.0000, 0.0000, 2.0000, 0.2500, 2.0000,
        0.0000, 0.5000, 0.0000, 1.0000, 0.0000, 1.3125, 0.5000, 0.0000, 0.0000,
        0.0000, 3.3125, 4.0000, 0.0000, 2.0000, 1.0000, 0.0000, 0.0000, 0.0000,
        0.0000, 0.0000, 0.0000, 0.0000, 0.0000, 2.0000, 2.0000, 0.0000, 0.0000,
        0.0000, 2.0000, 3.0000, 0.0000, 0.0000, 0.0000, 0.0000, 2.0000, 0.0000,
        0.0000, 0.0000, 2.0000, 1.0000, 1.0000, 0.0000, 1.0000, 0.0000, 0.0000,
        0.0000, 1.0000, 2.0000, 0.5000, 0.0000, 1.0000, 0.0000, 0.0000, 1.0000,
        0.0000, 0.0000, 0.0000, 2.5000, 0.0000, 4.0000, 1.5000, 0.3750, 1.0000,
        0.0000, 1.0000, 2.0000, 2.0000, 0.0000, 0.0000, 0.0000, 2.0000, 0.0000,
        4.0000, 0.0000, 2.0000, 0.0000, 0.0000, 4.0000, 0.0000, 2.0000, 0.0000,
        1.0000, 0.0000, 1.0000, 1.4375, 1.0938, 4.0000, 2.0000, 0.0000, 3.0000,
        4.0000, 0.0000, 2.0000, 8.0000, 0.0000, 0.0000, 0.0000, 0.0000, 0.0000,
        1.2500, 1.0000, 0.0000, 2.0000, 0.0000, 1.0000, 2.0000, 0.0000, 0.0000,
        0.0000, 0.0000], device='npu:0', dtype=torch.bfloat16), Error Bound: tensor([19.0000,  6.2812,  5.9062, 10.0625,  8.8750, 16.1250,  7.5312, 16.1250,
         5.6250,  9.5625,  5.6875,  8.1875, 11.6875,  6.3125, 14.6250,  7.5938,
        11.8125, 21.2500, 30.2500, 11.2500, 28.7500, 16.6250,  9.2500, 10.5625,
        10.0000, 10.8750, 14.6250,  8.3750, 11.3750, 12.1875, 12.5625,  8.3750,
         7.6250,  6.0000,  9.0625, 15.2500, 17.8750,  9.8750,  6.3750,  5.7500,
        13.8125, 12.2500, 10.0625,  6.4688, 10.7500,  5.7188,  9.3125, 14.6250,
         8.5000, 11.0625, 10.7500, 21.8750, 14.6250,  5.4375, 10.0625, 13.5000,
        23.2500, 16.3750,  7.7500, 14.3125,  7.5938, 19.5000, 22.5000, 10.9375,
         9.1875, 10.9375, 13.6875, 19.5000, 13.8125, 14.1875,  6.1250,  7.5625,
        22.3750,  9.5000, 14.9375, 12.8125, 18.1250, 20.6250, 23.5000, 12.3125,
         5.5938,  6.8125, 17.8750,  6.7500, 14.9375, 10.9375, 19.1250,  6.8125,
         6.1562, 10.1250, 17.5000, 20.5000, 10.0000,  5.9688, 11.5000,  7.0312,
         5.9062,  6.4062,  6.4062,  9.5000, 25.1250, 14.6250,  8.0625, 13.1250,
        20.7500, 16.1250, 13.3750,  7.1562, 17.5000,  9.1875,  9.8750,  5.7500,
        14.8125, 17.2500, 10.3750, 18.5000, 24.7500,  8.2500, 14.6250, 12.8125,
         6.6250, 18.2500, 12.0000,  7.7188, 13.0625,  6.1562, 22.5000,  9.1875],
       device='npu:0', dtype=torch.bfloat16)
C_sum: tensor([[-1.5400e+02],
        [-6.0750e+01],
        [-6.0000e+02],
        [-6.4000e+02],
        [-6.4400e+02],
        [-1.6800e+02],
        [-2.2800e+02],
        [ 3.6400e+02],
        [ 3.9000e+02],
        [ 5.0800e+02],
        [ 8.2000e+01],
        [ 7.6800e+02],
        [ 3.2600e+02],
        [ 2.8000e+02],
        [-2.4400e+02],
        [ 8.1000e+01],
        [ 6.6400e+02],
        [-6.0400e+02],
        [ 1.3300e+02],
        [-8.7600e+02],
        [-7.4000e+02],
        [ 1.8100e+02],
        [ 2.5400e+02],
        [-6.0000e+02],
        [ 5.9600e+02],
        [-2.6000e+02],
        [-7.0800e+02],
        [ 8.0500e+01],
        [-6.6800e+02],
        [ 4.2400e+02],
        [-1.5200e+03],
        [ 8.8800e+02],
        [-4.1000e+02],
        [-1.1680e+03],
        [-9.8000e+01],
        [ 3.1600e+02],
        [-5.3906e-01],
        [ 5.2000e+02],
        [-2.9600e+02],
        [-9.5600e+02],
        [ 1.5562e+01],
        [-1.4700e+02],
        [ 4.4000e+02],
        [-4.8200e+02],
        [ 9.6400e+02],
        [-7.1000e+01],
        [ 6.2400e+02],
        [ 1.0000e+02],
        [ 2.7625e+01],
        [-7.1600e+02],
        [-4.5200e+02],
        [-1.7000e+02],
        [-3.6400e+02],
        [ 6.3000e+01],
        [-1.4700e+02],
        [ 4.3200e+02],
        [-6.5500e+01],
        [ 4.2000e+02],
        [ 7.7600e+02],
        [ 3.8600e+02],
        [-7.4000e+02],
        [ 2.9800e+02],
        [-4.0800e+02],
        [ 7.2000e+02],
        [-2.4200e+02],
        [ 6.2000e+02],
        [-4.1600e+02],
        [-4.0600e+02],
        [-2.5200e+02],
        [-3.1600e+02],
        [-4.7400e+02],
        [ 3.3000e+02],
        [ 1.2480e+03],
        [ 3.3000e+02],
        [ 9.0400e+02],
        [-7.5200e+02],
        [-5.6000e+02],
        [-2.0300e+02],
        [-3.8600e+02],
        [-1.5100e+02],
        [-3.7600e+02],
        [ 1.6900e+02],
        [ 9.5500e+01],
        [-9.9200e+02],
        [-7.1600e+02],
        [ 3.7400e+02],
        [-6.1200e+02],
        [-2.0000e+02],
        [ 3.1200e+02],
        [ 1.4720e+03],
        [ 6.9600e+02],
        [ 1.8200e+02],
        [ 2.7200e+02],
        [-2.1875e+01],
        [-2.6600e+02],
        [ 5.9200e+02],
        [ 6.5500e+01],
        [ 2.5100e+02],
        [-2.7000e+02],
        [-6.1250e+01],
        [-3.8000e+01],
        [ 9.5600e+02],
        [ 2.4000e+02],
        [ 7.1500e+01],
        [ 3.6200e+02],
        [ 7.2000e+02],
        [-4.5750e+01],
        [ 6.2250e+01],
        [-5.7600e+02],
        [ 8.4400e+02],
        [ 2.0900e+02],
        [-1.8200e+02],
        [ 1.3600e+02],
        [ 1.0560e+03],
        [ 2.6600e+02],
        [-3.4400e+02],
        [ 1.2700e+02],
        [ 5.0400e+02],
        [-6.0000e+02],
        [ 2.2500e+02],
        [ 7.7600e+02],
        [ 7.0800e+02],
        [ 8.8750e+00],
        [ 3.9400e+02],
        [-1.3100e+02],
        [-8.6500e+01],
        [ 2.6400e+02],
        [-6.6400e+02]], device='npu:0', dtype=torch.bfloat16), C_check: tensor([ -153.0000,   -62.5000,  -596.0000,  -644.0000,  -644.0000,  -165.0000,
         -225.0000,   364.0000,   388.0000,   510.0000,    83.0000,   768.0000,
          326.0000,   280.0000,  -244.0000,    82.5000,   664.0000,  -604.0000,
          134.0000,  -876.0000,  -740.0000,   182.0000,   252.0000,  -600.0000,
          596.0000,  -260.0000,  -708.0000,    80.0000,  -668.0000,   424.0000,
        -1520.0000,   884.0000,  -412.0000, -1160.0000,   -98.5000,   316.0000,
           -2.0469,   520.0000,  -296.0000,  -956.0000,    12.8750,  -145.0000,
          438.0000,  -482.0000,   968.0000,   -72.0000,   624.0000,    99.0000,
           28.2500,  -712.0000,  -450.0000,  -169.0000,  -364.0000,    62.5000,
         -148.0000,   432.0000,   -65.0000,   420.0000,   776.0000,   386.0000,
         -740.0000,   298.0000,  -408.0000,   720.0000,  -241.0000,   620.0000,
         -414.0000,  -406.0000,  -251.0000,  -318.0000,  -474.0000,   330.0000,
         1248.0000,   328.0000,   908.0000,  -756.0000,  -560.0000,  -203.0000,
         -384.0000,  -152.0000,  -378.0000,   170.0000,    92.5000,  -992.0000,
         -720.0000,   376.0000,  -612.0000,  -198.0000,   312.0000,  1472.0000,
          696.0000,   180.0000,   272.0000,   -22.0000,  -266.0000,   592.0000,
           66.5000,   252.0000,  -270.0000,   -62.2500,   -38.2500,   956.0000,
          241.0000,    73.5000,   364.0000,   720.0000,   -47.2500,    62.5000,
         -576.0000,   844.0000,   207.0000,  -181.0000,   137.0000,  1056.0000,
          266.0000,  -342.0000,   127.0000,   504.0000,  -604.0000,   224.0000,
          776.0000,   708.0000,    10.6250,   394.0000,  -130.0000,   -87.0000,
          264.0000,  -664.0000], device='npu:0', dtype=torch.bfloat16), Diff: tensor([1.0000, 1.7500, 4.0000, 4.0000, 0.0000, 3.0000, 3.0000, 0.0000, 2.0000,
        2.0000, 1.0000, 0.0000, 0.0000, 0.0000, 0.0000, 1.5000, 0.0000, 0.0000,
        1.0000, 0.0000, 0.0000, 1.0000, 2.0000, 0.0000, 0.0000, 0.0000, 0.0000,
        0.5000, 0.0000, 0.0000, 0.0000, 4.0000, 2.0000, 8.0000, 0.5000, 0.0000,
        1.5078, 0.0000, 0.0000, 0.0000, 2.6875, 2.0000, 2.0000, 0.0000, 4.0000,
        1.0000, 0.0000, 1.0000, 0.6250, 4.0000, 2.0000, 1.0000, 0.0000, 0.5000,
        1.0000, 0.0000, 0.5000, 0.0000, 0.0000, 0.0000, 0.0000, 0.0000, 0.0000,
        0.0000, 1.0000, 0.0000, 2.0000, 0.0000, 1.0000, 2.0000, 0.0000, 0.0000,
        0.0000, 2.0000, 4.0000, 4.0000, 0.0000, 0.0000, 2.0000, 1.0000, 2.0000,
        1.0000, 3.0000, 0.0000, 4.0000, 2.0000, 0.0000, 2.0000, 0.0000, 0.0000,
        0.0000, 2.0000, 0.0000, 0.1250, 0.0000, 0.0000, 1.0000, 1.0000, 0.0000,
        1.0000, 0.2500, 0.0000, 1.0000, 2.0000, 2.0000, 0.0000, 1.5000, 0.2500,
        0.0000, 0.0000, 2.0000, 1.0000, 1.0000, 0.0000, 0.0000, 2.0000, 0.0000,
        0.0000, 4.0000, 1.0000, 0.0000, 0.0000, 1.7500, 0.0000, 1.0000, 0.5000,
        0.0000, 0.0000], device='npu:0', dtype=torch.bfloat16), Error Bound: tensor([ 5.8125, 10.8750,  8.5000,  6.3125, 12.6250, 20.5000,  9.0625, 11.6250,
        10.3750, 17.6250, 13.4375, 15.3750, 13.7500,  6.4062,  7.4375, 16.5000,
        12.3125, 16.1250, 21.7500,  9.1875,  8.5000,  9.6875, 17.3750, 17.5000,
        11.2500,  6.4688, 11.3750, 12.8750,  8.1250, 10.3750, 18.1250, 12.3750,
         7.1250,  6.9688,  6.7188, 11.3750,  7.5938,  8.7500,  8.5625,  7.3750,
         6.3125, 10.8125, 10.1875,  6.5625, 19.2500, 12.8125, 11.8125, 14.8750,
        25.7500, 18.3750,  8.2500,  7.3125, 12.5625,  7.5312, 10.8125, 11.1875,
        23.2500,  5.8125, 25.5000, 21.5000, 12.9375, 14.5625,  8.1875, 15.0625,
        15.3750, 17.8750, 14.9375,  9.2500, 13.6250, 10.8125, 10.5625, 11.2500,
        14.0000, 15.6875, 13.4375,  9.9375,  9.6875, 18.2500,  6.8438,  5.8438,
        17.6250, 12.5000, 28.6250,  8.8750, 17.5000,  6.8750,  7.1875, 16.5000,
        11.7500, 10.8125, 12.8750, 13.6250, 14.8750, 16.3750, 12.0625, 14.8750,
         8.8750,  8.6250,  6.9688, 19.2500,  7.2812, 16.0000,  8.5625, 15.6875,
         9.5000, 10.9375,  8.5000, 10.0625, 12.1875, 21.7500, 10.9375,  7.4688,
         6.0312,  6.8438, 19.8750,  8.3750,  8.9375,  9.7500,  8.8750, 11.7500,
         9.0625,  7.9688, 12.5000, 17.1250, 16.0000,  5.8750, 12.5000,  9.1250],
       device='npu:0', dtype=torch.bfloat16)
C_sum: tensor([[   75.5000],
        [  636.0000],
        [  -30.0000],
        [  510.0000],
        [ -174.0000],
        [ -608.0000],
        [ -462.0000],
        [ -138.0000],
        [  124.5000],
        [ -123.5000],
        [ -472.0000],
        [  612.0000],
        [  180.0000],
        [  544.0000],
        [ -260.0000],
        [  422.0000],
        [  362.0000],
        [  592.0000],
        [  980.0000],
        [  464.0000],
        [ -628.0000],
        [ -326.0000],
        [  960.0000],
        [ -688.0000],
        [  446.0000],
        [  592.0000],
        [   17.8750],
        [  396.0000],
        [ -196.0000],
        [ -696.0000],
        [ -474.0000],
        [ -568.0000],
        [ -426.0000],
        [  620.0000],
        [  896.0000],
        [  632.0000],
        [ -253.0000],
        [ -205.0000],
        [  226.0000],
        [   -4.9375],
        [  179.0000],
        [  432.0000],
        [ -235.0000],
        [  360.0000],
        [  418.0000],
        [  -53.0000],
        [ -288.0000],
        [   41.7500],
        [  548.0000],
        [ -366.0000],
        [  102.0000],
        [ -196.0000],
        [ -240.0000],
        [   76.0000],
        [  209.0000],
        [ -552.0000],
        [  524.0000],
        [ -100.5000],
        [  193.0000],
        [ -189.0000],
        [ -812.0000],
        [ -820.0000],
        [  916.0000],
        [ -220.0000],
        [ -166.0000],
        [  756.0000],
        [  -59.0000],
        [   80.5000],
        [ -640.0000],
        [  324.0000],
        [  560.0000],
        [-1200.0000],
        [  266.0000],
        [   81.5000],
        [  328.0000],
        [  278.0000],
        [  253.0000],
        [  776.0000],
        [  253.0000],
        [ -488.0000],
        [  688.0000],
        [  125.0000],
        [ -370.0000],
        [ -462.0000],
        [ -508.0000],
        [  284.0000],
        [  844.0000],
        [ -256.0000],
        [ -692.0000],
        [  286.0000],
        [ -396.0000],
        [  -40.0000],
        [  940.0000],
        [   -9.3125],
        [ -476.0000],
        [  516.0000],
        [  328.0000],
        [  480.0000],
        [  944.0000],
        [ -220.0000],
        [ 1048.0000],
        [   58.7500],
        [   24.1250],
        [  163.0000],
        [  162.0000],
        [ -145.0000],
        [  173.0000],
        [ -306.0000],
        [ -564.0000],
        [   85.5000],
        [ -912.0000],
        [  181.0000],
        [  668.0000],
        [ -330.0000],
        [ -500.0000],
        [  304.0000],
        [ -676.0000],
        [  -59.5000],
        [  276.0000],
        [ -620.0000],
        [  436.0000],
        [  688.0000],
        [  692.0000],
        [  107.0000],
        [  211.0000],
        [  708.0000],
        [ -656.0000],
        [  294.0000]], device='npu:0', dtype=torch.bfloat16), C_check: tensor([   75.0000,   640.0000,   -29.3750,   512.0000,  -172.0000,  -608.0000,
         -468.0000,  -136.0000,   125.0000,  -123.5000,  -470.0000,   612.0000,
          181.0000,   544.0000,  -260.0000,   420.0000,   362.0000,   592.0000,
          980.0000,   466.0000,  -628.0000,  -328.0000,   964.0000,  -692.0000,
          446.0000,   596.0000,    19.6250,   394.0000,  -195.0000,  -692.0000,
         -476.0000,  -568.0000,  -422.0000,   620.0000,   900.0000,   632.0000,
         -250.0000,  -204.0000,   228.0000,    -4.7500,   181.0000,   432.0000,
         -235.0000,   362.0000,   420.0000,   -51.0000,  -286.0000,    42.0000,
          548.0000,  -368.0000,   100.0000,  -197.0000,  -237.0000,    76.0000,
          208.0000,  -552.0000,   520.0000,  -100.0000,   191.0000,  -188.0000,
         -812.0000,  -820.0000,   912.0000,  -217.0000,  -166.0000,   756.0000,
          -59.7500,    80.0000,  -640.0000,   322.0000,   556.0000, -1200.0000,
          268.0000,    81.5000,   330.0000,   276.0000,   256.0000,   772.0000,
          252.0000,  -490.0000,   688.0000,   125.5000,  -370.0000,  -462.0000,
         -508.0000,   284.0000,   840.0000,  -256.0000,  -692.0000,   286.0000,
         -396.0000,   -39.7500,   936.0000,   -10.0625,  -476.0000,   520.0000,
          326.0000,   478.0000,   944.0000,  -220.0000,  1048.0000,    57.7500,
           23.6250,   161.0000,   163.0000,  -144.0000,   174.0000,  -304.0000,
         -568.0000,    85.0000,  -912.0000,   182.0000,   668.0000,  -330.0000,
         -502.0000,   304.0000,  -676.0000,   -62.7500,   276.0000,  -616.0000,
          436.0000,   688.0000,   688.0000,   107.0000,   210.0000,   704.0000,
         -656.0000,   296.0000], device='npu:0', dtype=torch.bfloat16), Diff: tensor([0.5000, 4.0000, 0.6250, 2.0000, 2.0000, 0.0000, 6.0000, 2.0000, 0.5000,
        0.0000, 2.0000, 0.0000, 1.0000, 0.0000, 0.0000, 2.0000, 0.0000, 0.0000,
        0.0000, 2.0000, 0.0000, 2.0000, 4.0000, 4.0000, 0.0000, 4.0000, 1.7500,
        2.0000, 1.0000, 4.0000, 2.0000, 0.0000, 4.0000, 0.0000, 4.0000, 0.0000,
        3.0000, 1.0000, 2.0000, 0.1875, 2.0000, 0.0000, 0.0000, 2.0000, 2.0000,
        2.0000, 2.0000, 0.2500, 0.0000, 2.0000, 2.0000, 1.0000, 3.0000, 0.0000,
        1.0000, 0.0000, 4.0000, 0.5000, 2.0000, 1.0000, 0.0000, 0.0000, 4.0000,
        3.0000, 0.0000, 0.0000, 0.7500, 0.5000, 0.0000, 2.0000, 4.0000, 0.0000,
        2.0000, 0.0000, 2.0000, 2.0000, 3.0000, 4.0000, 1.0000, 2.0000, 0.0000,
        0.5000, 0.0000, 0.0000, 0.0000, 0.0000, 4.0000, 0.0000, 0.0000, 0.0000,
        0.0000, 0.2500, 4.0000, 0.7500, 0.0000, 4.0000, 2.0000, 2.0000, 0.0000,
        0.0000, 0.0000, 1.0000, 0.5000, 2.0000, 1.0000, 1.0000, 1.0000, 2.0000,
        4.0000, 0.5000, 0.0000, 1.0000, 0.0000, 0.0000, 2.0000, 0.0000, 0.0000,
        3.2500, 0.0000, 4.0000, 0.0000, 0.0000, 4.0000, 0.0000, 1.0000, 4.0000,
        0.0000, 2.0000], device='npu:0', dtype=torch.bfloat16), Error Bound: tensor([ 8.3750,  6.1562, 10.2500, 10.5000,  7.5312, 14.5625,  5.9062, 21.2500,
         9.9375, 22.1250, 11.1250, 27.8750, 10.6250, 11.4375, 15.4375, 12.8125,
        10.3750,  9.4375, 13.5000,  8.8125,  7.4375, 16.0000, 11.1875, 17.2500,
         6.8125,  9.1875, 14.0625, 16.5000, 14.2500, 18.3750, 18.3750, 11.1875,
        20.7500, 24.6250, 21.0000, 15.6875,  7.7500, 10.9375, 22.8750, 13.3750,
        28.0000, 10.7500, 11.1875, 13.7500, 14.5000,  9.2500,  9.2500, 13.9375,
        12.7500, 24.1250,  8.7500, 21.2500, 16.0000, 20.3750, 17.1250, 21.6250,
        19.2500, 11.6250, 13.6250, 22.1250,  6.8438, 13.7500,  8.0625,  8.0000,
        12.9375,  9.8125,  7.4375, 18.3750,  8.1875, 23.0000, 20.6250,  6.1875,
         7.5938,  9.7500,  8.9375, 11.1250, 23.2500, 16.1250, 13.9375, 11.5000,
         9.2500, 12.3750, 22.5000,  6.8125,  6.2500, 10.5625, 10.3125,  7.9062,
         8.8125,  6.6250,  9.3750, 12.9375, 15.0625, 13.8125, 13.6250, 13.3750,
        16.6250, 12.5000, 17.2500, 14.5000, 10.8750, 16.0000,  9.1875, 12.8125,
        18.1250, 17.2500, 13.0625, 12.0000, 18.0000, 11.1875,  6.8750, 14.5000,
         6.4062, 20.6250, 15.0625,  9.2500, 15.6875, 15.8125, 19.8750, 15.9375,
        23.2500, 10.5000, 12.6250, 25.8750, 12.5000, 13.9375,  7.1250, 14.2500],
       device='npu:0', dtype=torch.bfloat16)
C_sum: tensor([[  -95.0000],
        [  212.0000],
        [ -167.0000],
        [  268.0000],
        [   83.5000],
        [  848.0000],
        [  768.0000],
        [  438.0000],
        [   69.0000],
        [-1088.0000],
        [  428.0000],
        [ -366.0000],
        [   51.0000],
        [  940.0000],
        [  488.0000],
        [  171.0000],
        [  660.0000],
        [-1240.0000],
        [  424.0000],
        [ -528.0000],
        [ -142.0000],
        [  584.0000],
        [  692.0000],
        [-1248.0000],
        [  828.0000],
        [ -181.0000],
        [  123.5000],
        [ -322.0000],
        [ -640.0000],
        [  -83.0000],
        [  474.0000],
        [ -640.0000],
        [ -490.0000],
        [  324.0000],
        [  -13.5000],
        [ -234.0000],
        [ -165.0000],
        [  278.0000],
        [ -308.0000],
        [   20.5000],
        [  368.0000],
        [ -101.5000],
        [  588.0000],
        [  100.0000],
        [ -334.0000],
        [   49.0000],
        [   51.7500],
        [  298.0000],
        [-1020.0000],
        [ 1104.0000],
        [ 1096.0000],
        [ -152.0000],
        [  -47.7500],
        [-1152.0000],
        [  268.0000],
        [  488.0000],
        [  292.0000],
        [ -450.0000],
        [ -326.0000],
        [ -784.0000],
        [ -664.0000],
        [   -2.7812],
        [  -88.0000],
        [  251.0000],
        [   -4.6562],
        [  328.0000],
        [  123.0000],
        [  956.0000],
        [  191.0000],
        [ -173.0000],
        [-1352.0000],
        [ -624.0000],
        [  -74.0000],
        [ -572.0000],
        [-1416.0000],
        [ -306.0000],
        [ -920.0000],
        [  382.0000],
        [ -628.0000],
        [  748.0000],
        [ -412.0000],
        [ -247.0000],
        [ -246.0000],
        [ -105.5000],
        [  161.0000],
        [ -576.0000],
        [  376.0000],
        [  434.0000],
        [  163.0000],
        [   89.5000],
        [  -31.5000],
        [-1568.0000],
        [ -984.0000],
        [ -584.0000],
        [ -274.0000],
        [  105.5000],
        [-1600.0000],
        [ -442.0000],
        [  334.0000],
        [ -286.0000],
        [  560.0000],
        [ -235.0000],
        [  304.0000],
        [  692.0000],
        [ -406.0000],
        [ -136.0000],
        [  168.0000],
        [  404.0000],
        [   88.0000],
        [  238.0000],
        [  844.0000],
        [  664.0000],
        [  -12.3750],
        [ -238.0000],
        [-1064.0000],
        [  -83.0000],
        [ -776.0000],
        [ -234.0000],
        [ -308.0000],
        [    7.6875],
        [  736.0000],
        [ -105.0000],
        [-1152.0000],
        [ -320.0000],
        [ -314.0000],
        [  201.0000],
        [ -400.0000],
        [ -302.0000]], device='npu:0', dtype=torch.bfloat16), C_check: tensor([-9.5000e+01,  2.0900e+02, -1.6500e+02,  2.6800e+02,  8.3500e+01,
         8.4800e+02,  7.6400e+02,  4.3600e+02,  6.9000e+01, -1.0960e+03,
         4.3000e+02, -3.6600e+02,  4.8750e+01,  9.3600e+02,  4.8800e+02,
         1.7100e+02,  6.5600e+02, -1.2400e+03,  4.2400e+02, -5.2800e+02,
        -1.4100e+02,  5.8400e+02,  6.9200e+02, -1.2480e+03,  8.2800e+02,
        -1.8200e+02,  1.2300e+02, -3.2000e+02, -6.4000e+02, -8.2500e+01,
         4.7400e+02, -6.4400e+02, -4.8800e+02,  3.2400e+02, -1.3875e+01,
        -2.3500e+02, -1.6600e+02,  2.7800e+02, -3.0600e+02,  1.9125e+01,
         3.7000e+02, -1.0150e+02,  5.8400e+02,  9.9500e+01, -3.3600e+02,
         4.6750e+01,  5.3000e+01,  2.9800e+02, -1.0200e+03,  1.1040e+03,
         1.0960e+03, -1.5200e+02, -4.7750e+01, -1.1520e+03,  2.6800e+02,
         4.8600e+02,  2.9200e+02, -4.5000e+02, -3.2600e+02, -7.8400e+02,
        -6.6400e+02, -7.3047e-01, -8.8500e+01,  2.5200e+02, -4.9688e+00,
         3.3200e+02,  1.2100e+02,  9.5600e+02,  1.9000e+02, -1.7400e+02,
        -1.3520e+03, -6.2400e+02, -7.5500e+01, -5.7200e+02, -1.4080e+03,
        -3.0600e+02, -9.2000e+02,  3.8200e+02, -6.2800e+02,  7.4800e+02,
        -4.1200e+02, -2.4800e+02, -2.4700e+02, -1.0650e+02,  1.6400e+02,
        -5.7600e+02,  3.7600e+02,  4.3600e+02,  1.6400e+02,  8.9500e+01,
        -3.2500e+01, -1.5760e+03, -9.8400e+02, -5.8400e+02, -2.7200e+02,
         1.0450e+02, -1.6000e+03, -4.4400e+02,  3.3600e+02, -2.8600e+02,
         5.6000e+02, -2.3900e+02,  3.0400e+02,  6.9200e+02, -4.0800e+02,
        -1.3300e+02,  1.6600e+02,  4.0400e+02,  8.8500e+01,  2.3800e+02,
         8.4400e+02,  6.6400e+02, -1.3688e+01, -2.3700e+02, -1.0720e+03,
        -8.4500e+01, -7.7600e+02, -2.3500e+02, -3.0600e+02,  7.5625e+00,
         7.3600e+02, -1.0500e+02, -1.1520e+03, -3.1800e+02, -3.1200e+02,
         1.9900e+02, -4.0000e+02, -3.0200e+02], device='npu:0',
       dtype=torch.bfloat16), Diff: tensor([0.0000, 3.0000, 2.0000, 0.0000, 0.0000, 0.0000, 4.0000, 2.0000, 0.0000,
        8.0000, 2.0000, 0.0000, 2.2500, 4.0000, 0.0000, 0.0000, 4.0000, 0.0000,
        0.0000, 0.0000, 1.0000, 0.0000, 0.0000, 0.0000, 0.0000, 1.0000, 0.5000,
        2.0000, 0.0000, 0.5000, 0.0000, 4.0000, 2.0000, 0.0000, 0.3750, 1.0000,
        1.0000, 0.0000, 2.0000, 1.3750, 2.0000, 0.0000, 4.0000, 0.5000, 2.0000,
        2.2500, 1.2500, 0.0000, 0.0000, 0.0000, 0.0000, 0.0000, 0.0000, 0.0000,
        0.0000, 2.0000, 0.0000, 0.0000, 0.0000, 0.0000, 0.0000, 2.0469, 0.5000,
        1.0000, 0.3125, 4.0000, 2.0000, 0.0000, 1.0000, 1.0000, 0.0000, 0.0000,
        1.5000, 0.0000, 8.0000, 0.0000, 0.0000, 0.0000, 0.0000, 0.0000, 0.0000,
        1.0000, 1.0000, 1.0000, 3.0000, 0.0000, 0.0000, 2.0000, 1.0000, 0.0000,
        1.0000, 8.0000, 0.0000, 0.0000, 2.0000, 1.0000, 0.0000, 2.0000, 2.0000,
        0.0000, 0.0000, 4.0000, 0.0000, 0.0000, 2.0000, 3.0000, 2.0000, 0.0000,
        0.5000, 0.0000, 0.0000, 0.0000, 1.3125, 1.0000, 8.0000, 1.5000, 0.0000,
        1.0000, 2.0000, 0.1250, 0.0000, 0.0000, 0.0000, 2.0000, 2.0000, 2.0000,
        0.0000, 0.0000], device='npu:0', dtype=torch.bfloat16), Error Bound: tensor([ 8.6250, 14.3750, 11.4375, 11.6875, 11.1875, 12.5625, 13.1250, 10.3125,
        18.3750,  8.5000, 10.3750, 15.7500, 10.3750, 16.6250,  6.0938,  7.0312,
        15.0625, 14.5000, 10.2500, 14.2500,  8.2500, 21.1250, 14.6250,  7.1875,
         9.0625, 23.8750,  9.1875,  5.6875,  6.6250, 12.8750,  5.4375,  6.0938,
        11.1875,  9.1875, 15.6250, 10.1250,  9.1875, 12.0000,  8.3750, 20.6250,
         7.4062,  8.3750,  9.7500,  7.3750, 24.1250, 18.7500,  9.3125, 17.5000,
        16.2500, 19.0000, 12.3125, 10.9375,  8.3125,  8.7500,  6.2500, 10.8750,
        11.2500, 18.5000,  7.4375, 12.7500, 11.5000, 15.1250,  7.4375,  6.9062,
         5.6875, 11.6250,  7.4375,  6.8125, 12.9375,  8.6250,  7.0312, 13.0625,
        13.6250, 15.3750,  7.5938, 13.7500,  7.0312,  7.5938, 14.5625,  7.9062,
        20.6250, 11.0625,  8.1250,  8.6875, 10.1250,  7.4375, 10.6250,  9.8125,
        12.9375, 12.5000, 11.8125, 10.0625, 14.5625, 12.8750, 13.0625, 18.7500,
         8.6250, 18.8750, 10.6250, 18.7500, 14.8750,  7.1250, 16.3750,  8.3125,
         6.9062, 21.7500, 11.1875, 10.5625,  7.5312,  7.9062, 30.2500, 15.6875,
         6.0000,  7.5312, 14.5000, 21.5000,  6.8125,  6.3125, 21.6250,  8.0000,
         9.8125,  7.1875,  7.8438,  8.0000,  9.8125, 13.8125,  8.2500, 11.8125],
       device='npu:0', dtype=torch.bfloat16)
C_sum: tensor([[  233.0000],
        [ -228.0000],
        [ -228.0000],
        [ -184.0000],
        [  476.0000],
        [-1264.0000],
        [    3.5000],
        [  -41.7500],
        [   29.5000],
        [ -286.0000],
        [ 1232.0000],
        [  524.0000],
        [  604.0000],
        [ -364.0000],
        [  620.0000],
        [ -121.5000],
        [ -472.0000],
        [   81.0000],
        [ -181.0000],
        [ -420.0000],
        [  148.0000],
        [ -336.0000],
        [  732.0000],
        [ -233.0000],
        [  326.0000],
        [   21.8750],
        [  -68.0000],
        [  163.0000],
        [  632.0000],
        [  238.0000],
        [  748.0000],
        [ -346.0000],
        [  -27.0000],
        [  808.0000],
        [ -368.0000],
        [ 1176.0000],
        [   74.0000],
        [   82.5000],
        [  181.0000],
        [  -64.5000],
        [  -18.0000],
        [  288.0000],
        [  -10.7500],
        [ -458.0000],
        [  560.0000],
        [ -448.0000],
        [  756.0000],
        [ -984.0000],
        [-1184.0000],
        [  494.0000],
        [ -460.0000],
        [  102.5000],
        [  107.0000],
        [  780.0000],
        [  528.0000],
        [ -376.0000],
        [ -544.0000],
        [  159.0000],
        [  852.0000],
        [ -852.0000],
        [   35.0000],
        [  380.0000],
        [  336.0000],
        [  620.0000],
        [   -9.6875],
        [  346.0000],
        [  908.0000],
        [  270.0000],
        [  197.0000],
        [  215.0000],
        [ -724.0000],
        [  548.0000],
        [ -101.5000],
        [  115.5000],
        [ -470.0000],
        [  824.0000],
        [ -113.5000],
        [ -236.0000],
        [   82.5000],
        [ -131.0000],
        [  217.0000],
        [ -440.0000],
        [  916.0000],
        [ -272.0000],
        [   76.5000],
        [  528.0000],
        [  115.5000],
        [  -38.2500],
        [  588.0000],
        [  724.0000],
        [  190.0000],
        [  306.0000],
        [  560.0000],
        [  324.0000],
        [ 1144.0000],
        [ -284.0000],
        [ -616.0000],
        [ -296.0000],
        [  156.0000],
        [ -580.0000],
        [ -692.0000],
        [ -334.0000],
        [ -440.0000],
        [ -238.0000],
        [  748.0000],
        [  700.0000],
        [ 1176.0000],
        [  928.0000],
        [  258.0000],
        [ -498.0000],
        [  -64.5000],
        [ -648.0000],
        [  -36.5000],
        [  520.0000],
        [  230.0000],
        [ -460.0000],
        [ -744.0000],
        [  308.0000],
        [ -720.0000],
        [   92.0000],
        [ -516.0000],
        [  182.0000],
        [ -462.0000],
        [  -68.0000],
        [  304.0000],
        [  476.0000],
        [  486.0000],
        [ -784.0000]], device='npu:0', dtype=torch.bfloat16), C_check: tensor([  234.0000,  -229.0000,  -227.0000,  -183.0000,   476.0000, -1264.0000,
            4.3438,   -40.0000,    30.0000,  -284.0000,  1232.0000,   524.0000,
          604.0000,  -362.0000,   620.0000,  -121.5000,  -472.0000,    81.5000,
         -180.0000,  -422.0000,   148.0000,  -334.0000,   732.0000,  -234.0000,
          326.0000,    22.1250,   -69.0000,   163.0000,   632.0000,   237.0000,
          748.0000,  -344.0000,   -28.8750,   808.0000,  -368.0000,  1176.0000,
           73.5000,    82.5000,   180.0000,   -62.5000,   -18.2500,   288.0000,
          -12.5625,  -458.0000,   564.0000,  -450.0000,   756.0000,  -984.0000,
        -1176.0000,   492.0000,  -458.0000,   103.5000,   108.5000,   780.0000,
          532.0000,  -376.0000,  -544.0000,   160.0000,   852.0000,  -852.0000,
           35.0000,   380.0000,   334.0000,   620.0000,   -10.1250,   344.0000,
          912.0000,   268.0000,   197.0000,   216.0000,  -724.0000,   548.0000,
         -102.0000,   112.0000,  -470.0000,   824.0000,  -113.5000,  -234.0000,
           84.0000,  -129.0000,   214.0000,  -442.0000,   912.0000,  -274.0000,
           76.5000,   532.0000,   116.0000,   -37.2500,   584.0000,   724.0000,
          189.0000,   304.0000,   560.0000,   326.0000,  1144.0000,  -284.0000,
         -612.0000,  -296.0000,   155.0000,  -576.0000,  -696.0000,  -334.0000,
         -440.0000,  -234.0000,   748.0000,   700.0000,  1176.0000,   932.0000,
          260.0000,  -500.0000,   -66.0000,  -644.0000,   -36.0000,   520.0000,
          229.0000,  -460.0000,  -744.0000,   306.0000,  -720.0000,    91.0000,
         -520.0000,   180.0000,  -462.0000,   -67.5000,   304.0000,   474.0000,
          488.0000,  -784.0000], device='npu:0', dtype=torch.bfloat16), Diff: tensor([1.0000, 1.0000, 1.0000, 1.0000, 0.0000, 0.0000, 0.8438, 1.7500, 0.5000,
        2.0000, 0.0000, 0.0000, 0.0000, 2.0000, 0.0000, 0.0000, 0.0000, 0.5000,
        1.0000, 2.0000, 0.0000, 2.0000, 0.0000, 1.0000, 0.0000, 0.2500, 1.0000,
        0.0000, 0.0000, 1.0000, 0.0000, 2.0000, 1.8750, 0.0000, 0.0000, 0.0000,
        0.5000, 0.0000, 1.0000, 2.0000, 0.2500, 0.0000, 1.8125, 0.0000, 4.0000,
        2.0000, 0.0000, 0.0000, 8.0000, 2.0000, 2.0000, 1.0000, 1.5000, 0.0000,
        4.0000, 0.0000, 0.0000, 1.0000, 0.0000, 0.0000, 0.0000, 0.0000, 2.0000,
        0.0000, 0.4375, 2.0000, 4.0000, 2.0000, 0.0000, 1.0000, 0.0000, 0.0000,
        0.5000, 3.5000, 0.0000, 0.0000, 0.0000, 2.0000, 1.5000, 2.0000, 3.0000,
        2.0000, 4.0000, 2.0000, 0.0000, 4.0000, 0.5000, 1.0000, 4.0000, 0.0000,
        1.0000, 2.0000, 0.0000, 2.0000, 0.0000, 0.0000, 4.0000, 0.0000, 1.0000,
        4.0000, 4.0000, 0.0000, 0.0000, 4.0000, 0.0000, 0.0000, 0.0000, 4.0000,
        2.0000, 2.0000, 1.5000, 4.0000, 0.5000, 0.0000, 1.0000, 0.0000, 0.0000,
        2.0000, 0.0000, 1.0000, 4.0000, 2.0000, 0.0000, 0.5000, 0.0000, 2.0000,
        2.0000, 0.0000], device='npu:0', dtype=torch.bfloat16), Error Bound: tensor([14.3125, 13.0625, 15.9375,  9.7500,  8.3750, 12.8750,  5.4375,  5.6875,
         6.6250, 10.9375,  6.1250, 26.1250,  6.9062, 16.6250, 10.8125,  7.6875,
        15.9375,  8.6250, 16.1250, 14.8125, 18.7500,  7.9062, 18.5000,  5.4062,
        12.9375,  7.7500, 10.2500, 22.3750,  5.2812,  8.5000, 13.8125,  6.0312,
         8.2500, 14.6250, 29.6250,  5.7500, 12.9375, 20.0000, 13.7500,  6.7500,
         8.7500,  8.1875, 12.2500,  7.4688, 15.1875, 15.1250,  6.2500,  9.3750,
         5.8438,  7.5312,  6.9062, 22.8750, 14.1875, 15.8125,  8.7500, 20.2500,
        16.5000, 11.7500, 12.2500,  6.1562,  8.3750,  5.4062,  9.4375, 19.6250,
         8.0625,  5.4375, 13.1250,  7.0000,  7.5312,  5.3125, 11.1875,  7.8125,
        16.0000,  5.3125, 10.0625,  9.3750, 12.0625, 13.1250,  7.4375, 19.6250,
        11.1875, 16.0000, 15.6875,  5.8750,  7.2500,  9.4375,  6.4688,  8.3750,
        17.1250, 13.1875,  8.2500, 16.7500, 11.0625,  5.8438, 21.7500,  8.6250,
        17.6250, 13.1875, 21.1250,  7.3750,  6.0000,  8.2500, 12.9375,  7.1250,
        15.5000, 11.0625, 11.8125, 12.0625,  6.8750, 12.5000,  6.0000, 17.0000,
         5.8438, 18.7500, 22.8750,  7.2812, 11.0625, 15.7500, 11.0625, 24.6250,
        14.7500, 37.5000, 11.1875, 17.1250,  8.7500,  9.1250, 17.2500, 21.0000],
       device='npu:0', dtype=torch.bfloat16)
C_sum: tensor([[-1.5600e+02],
        [ 1.7280e+03],
        [ 1.2900e+02],
        [ 2.6600e+02],
        [ 5.3600e+02],
        [ 5.4750e+01],
        [-1.1650e+02],
        [ 5.9600e+02],
        [ 8.4400e+02],
        [ 1.9000e+02],
        [-1.5360e+03],
        [ 4.8200e+02],
        [-4.2600e+02],
        [-6.5200e+02],
        [ 8.6400e+02],
        [-6.1600e+02],
        [-8.1600e+02],
        [-1.1200e+02],
        [ 1.5000e+02],
        [-8.2000e+02],
        [ 1.9200e+02],
        [-2.7250e+01],
        [-3.3200e+02],
        [ 2.9600e+02],
        [ 9.6800e+02],
        [ 3.4800e+02],
        [ 3.1600e+02],
        [-7.6400e+02],
        [-5.9375e-01],
        [ 7.8000e+01],
        [ 1.4240e+03],
        [ 5.2400e+02],
        [-2.4200e+02],
        [-2.0600e+02],
        [-2.1700e+02],
        [-1.1200e+03],
        [ 4.5800e+02],
        [ 3.7750e+01],
        [-1.4500e+02],
        [ 8.6400e+02],
        [ 3.4600e+02],
        [-2.8750e+01],
        [ 1.4688e+01],
        [-1.0500e+02],
        [-7.5200e+02],
        [ 1.4240e+03],
        [ 8.4800e+02],
        [ 1.8100e+02],
        [-4.3000e+02],
        [-2.0500e+02],
        [ 3.8000e+02],
        [ 1.6000e+01],
        [ 2.6800e+02],
        [ 4.0000e+01],
        [-7.5200e+02],
        [-8.4400e+02],
        [ 7.0500e+01],
        [-9.4000e+01],
        [ 1.5000e+02],
        [ 4.2400e+02],
        [-1.7900e+02],
        [-5.7600e+02],
        [-1.1050e+02],
        [ 9.4800e+02],
        [-4.3400e+02],
        [ 4.1200e+02],
        [-3.1400e+02],
        [ 1.5600e+02],
        [ 3.6600e+02],
        [ 6.4800e+02],
        [-8.3200e+02],
        [ 7.3500e+01],
        [ 3.4200e+02],
        [-3.1200e+02],
        [-5.7200e+02],
        [ 4.2000e+02],
        [-1.8000e+02],
        [ 9.3600e+02],
        [-3.4000e+02],
        [-2.5600e+02],
        [ 8.2400e+02],
        [-6.1600e+02],
        [-9.4000e+02],
        [ 2.9600e+02],
        [ 4.3800e+02],
        [ 3.6600e+02],
        [-1.9000e+02],
        [ 1.2480e+03],
        [ 8.6000e+02],
        [ 5.4000e+02],
        [ 3.8400e+02],
        [ 7.1000e+01],
        [ 3.5000e+02],
        [ 3.9800e+02],
        [-3.0250e+01],
        [ 1.4800e+02],
        [ 1.5900e+02],
        [-7.2400e+02],
        [ 4.4400e+02],
        [-1.6000e+02],
        [-2.1200e+02],
        [ 5.5600e+02],
        [-2.4600e+02],
        [ 5.6400e+02],
        [ 8.0500e+01],
        [-1.4300e+02],
        [-3.3800e+02],
        [-4.0250e+01],
        [ 8.6800e+02],
        [ 5.2800e+02],
        [ 6.4500e+01],
        [-7.0000e+02],
        [-4.0000e+02],
        [ 4.1200e+02],
        [ 2.7600e+02],
        [ 1.3840e+03],
        [ 7.4000e+02],
        [ 1.6160e+03],
        [-8.8800e+02],
        [ 8.4000e+01],
        [-1.6750e+01],
        [-4.6400e+02],
        [ 3.5000e+01],
        [ 1.3040e+03],
        [-5.2800e+02],
        [ 5.6000e+02],
        [-2.4100e+02],
        [ 4.5000e+02]], device='npu:2', dtype=torch.bfloat16), C_check: tensor([-1.5700e+02,  1.7280e+03,  1.2650e+02,  2.6600e+02,  5.4000e+02,
         5.6750e+01, -1.1850e+02,  5.9600e+02,  8.4400e+02,  1.8900e+02,
        -1.5360e+03,  4.8200e+02, -4.2600e+02, -6.5200e+02,  8.6800e+02,
        -6.1600e+02, -8.1600e+02, -1.1250e+02,  1.5000e+02, -8.2000e+02,
         1.9000e+02, -2.6625e+01, -3.3000e+02,  2.9600e+02,  9.6800e+02,
         3.4800e+02,  3.1800e+02, -7.6400e+02, -5.1514e-02,  7.7500e+01,
         1.4320e+03,  5.2800e+02, -2.4100e+02, -2.0500e+02, -2.1700e+02,
        -1.1200e+03,  4.5600e+02,  3.8500e+01, -1.4500e+02,  8.6400e+02,
         3.4600e+02, -2.8125e+01,  1.5688e+01, -1.0400e+02, -7.5200e+02,
         1.4240e+03,  8.4800e+02,  1.8200e+02, -4.3200e+02, -2.0500e+02,
         3.8200e+02,  1.6250e+01,  2.6800e+02,  3.8250e+01, -7.5200e+02,
        -8.4400e+02,  6.9000e+01, -9.5000e+01,  1.4900e+02,  4.2600e+02,
        -1.7800e+02, -5.7600e+02, -1.0850e+02,  9.4800e+02, -4.3400e+02,
         4.1200e+02, -3.1400e+02,  1.5300e+02,  3.6400e+02,  6.4800e+02,
        -8.3200e+02,  7.5500e+01,  3.4000e+02, -3.1400e+02, -5.7200e+02,
         4.1800e+02, -1.7900e+02,  9.4000e+02, -3.4000e+02, -2.5800e+02,
         8.2400e+02, -6.1600e+02, -9.4000e+02,  2.9600e+02,  4.4000e+02,
         3.6600e+02, -1.9000e+02,  1.2480e+03,  8.6000e+02,  5.3600e+02,
         3.8400e+02,  7.0000e+01,  3.5200e+02,  3.9800e+02, -3.0375e+01,
         1.5000e+02,  1.6100e+02, -7.2400e+02,  4.4400e+02, -1.5600e+02,
        -2.1100e+02,  5.5600e+02, -2.4500e+02,  5.6400e+02,  8.1500e+01,
        -1.4100e+02, -3.3800e+02, -4.0500e+01,  8.6400e+02,  5.2400e+02,
         6.5000e+01, -7.0000e+02, -3.9600e+02,  4.1200e+02,  2.7600e+02,
         1.3840e+03,  7.4000e+02,  1.6160e+03, -8.8800e+02,  8.4500e+01,
        -1.8125e+01, -4.6200e+02,  3.3000e+01,  1.3040e+03, -5.3200e+02,
         5.6400e+02, -2.4100e+02,  4.5000e+02], device='npu:2',
       dtype=torch.bfloat16), Diff: tensor([1.0000, 0.0000, 2.5000, 0.0000, 4.0000, 2.0000, 2.0000, 0.0000, 0.0000,
        1.0000, 0.0000, 0.0000, 0.0000, 0.0000, 4.0000, 0.0000, 0.0000, 0.5000,
        0.0000, 0.0000, 2.0000, 0.6250, 2.0000, 0.0000, 0.0000, 0.0000, 2.0000,
        0.0000, 0.5430, 0.5000, 8.0000, 4.0000, 1.0000, 1.0000, 0.0000, 0.0000,
        2.0000, 0.7500, 0.0000, 0.0000, 0.0000, 0.6250, 1.0000, 1.0000, 0.0000,
        0.0000, 0.0000, 1.0000, 2.0000, 0.0000, 2.0000, 0.2500, 0.0000, 1.7500,
        0.0000, 0.0000, 1.5000, 1.0000, 1.0000, 2.0000, 1.0000, 0.0000, 2.0000,
        0.0000, 0.0000, 0.0000, 0.0000, 3.0000, 2.0000, 0.0000, 0.0000, 2.0000,
        2.0000, 2.0000, 0.0000, 2.0000, 1.0000, 4.0000, 0.0000, 2.0000, 0.0000,
        0.0000, 0.0000, 0.0000, 2.0000, 0.0000, 0.0000, 0.0000, 0.0000, 4.0000,
        0.0000, 1.0000, 2.0000, 0.0000, 0.1250, 2.0000, 2.0000, 0.0000, 0.0000,
        4.0000, 1.0000, 0.0000, 1.0000, 0.0000, 1.0000, 2.0000, 0.0000, 0.2500,
        4.0000, 4.0000, 0.5000, 0.0000, 4.0000, 0.0000, 0.0000, 0.0000, 0.0000,
        0.0000, 0.0000, 0.5000, 1.3750, 2.0000, 2.0000, 0.0000, 4.0000, 4.0000,
        0.0000, 0.0000], device='npu:2', dtype=torch.bfloat16), Error Bound: tensor([10.7500, 19.3750, 17.5000, 13.0625, 12.1875, 16.5000,  9.5000, 17.7500,
         5.2500,  7.6875,  6.1562, 14.6250,  7.1250,  8.6250, 13.3750, 11.4375,
         8.5000,  6.5625,  8.1875, 14.6250,  5.7500,  9.0625,  6.1562, 15.3750,
        22.5000,  5.2812,  7.9062,  6.1875, 26.3750,  5.7500,  7.0000,  5.5625,
        20.7500,  6.3125,  9.6250,  6.5938, 11.9375, 10.0625, 11.7500, 10.7500,
        17.2500,  9.6875, 27.3750,  7.0312, 18.3750, 10.8750, 20.7500,  6.7188,
        21.0000, 10.3125,  8.9375, 19.2500, 10.0625, 10.1875,  9.6250,  8.5625,
        16.7500, 22.7500,  6.0938, 17.2500, 14.3750,  5.8438,  5.8438, 14.8750,
         8.1875, 13.7500, 16.1250,  9.5000,  9.9375, 15.0625,  6.0000,  9.3750,
         5.5312,  5.5312, 10.7500,  8.0625,  8.3125, 16.1250,  6.7500, 18.7500,
        23.2500,  8.9375,  9.6250, 10.0000, 16.3750, 19.1250, 13.0625,  8.0000,
        14.6250, 11.6250, 16.5000, 12.0000, 13.6875, 10.8125, 16.3750, 10.1250,
        10.0625,  8.5000,  5.8438,  7.3750,  5.6875, 18.3750, 20.0000, 12.1875,
        12.9375, 28.5000, 12.6250, 10.2500,  8.3750,  7.6875, 11.6875,  8.9375,
         6.4688,  6.1562, 16.1250, 15.6875,  7.0938,  8.8125,  7.3125, 10.7500,
         6.9062,  9.3750, 10.7500, 15.3750,  7.3750, 10.8125,  7.4375, 16.0000],
       device='npu:2', dtype=torch.bfloat16)
C_sum: tensor([[ -612.0000],
        [  201.0000],
        [ -312.0000],
        [ -268.0000],
        [  -39.2500],
        [ -166.0000],
        [ -127.5000],
        [ -378.0000],
        [   -1.6328],
        [ -676.0000],
        [  304.0000],
        [  604.0000],
        [ -226.0000],
        [  -79.0000],
        [ -400.0000],
        [ -544.0000],
        [ -111.5000],
        [ -458.0000],
        [  508.0000],
        [ -458.0000],
        [  356.0000],
        [-1544.0000],
        [  424.0000],
        [-1104.0000],
        [  672.0000],
        [ -756.0000],
        [  154.0000],
        [  804.0000],
        [ -656.0000],
        [  588.0000],
        [  226.0000],
        [  880.0000],
        [ -116.5000],
        [  410.0000],
        [  103.5000],
        [ -238.0000],
        [ -472.0000],
        [  202.0000],
        [ -552.0000],
        [ -660.0000],
        [  452.0000],
        [   61.0000],
        [-1144.0000],
        [  274.0000],
        [  239.0000],
        [ -148.0000],
        [  416.0000],
        [  -10.5000],
        [ -828.0000],
        [  122.0000],
        [   78.5000],
        [ -628.0000],
        [  564.0000],
        [ -644.0000],
        [  160.0000],
        [ -120.0000],
        [  262.0000],
        [ -388.0000],
        [   66.5000],
        [  370.0000],
        [  688.0000],
        [ -704.0000],
        [ -368.0000],
        [   71.5000],
        [  564.0000],
        [  -62.5000],
        [ -924.0000],
        [ -202.0000],
        [  -86.0000],
        [ -540.0000],
        [-1256.0000],
        [  173.0000],
        [  212.0000],
        [ -276.0000],
        [  184.0000],
        [  262.0000],
        [ -552.0000],
        [ -205.0000],
        [   40.2500],
        [   16.1250],
        [  440.0000],
        [ 1480.0000],
        [  106.5000],
        [-1072.0000],
        [  332.0000],
        [  580.0000],
        [  -41.5000],
        [ -488.0000],
        [  276.0000],
        [  179.0000],
        [  436.0000],
        [  848.0000],
        [-1288.0000],
        [  498.0000],
        [   55.2500],
        [ -612.0000],
        [   85.0000],
        [  712.0000],
        [  -92.0000],
        [ 1200.0000],
        [ -656.0000],
        [ -940.0000],
        [  256.0000],
        [-1304.0000],
        [ 1328.0000],
        [  440.0000],
        [-1128.0000],
        [ -264.0000],
        [  -72.5000],
        [  572.0000],
        [ -552.0000],
        [ -266.0000],
        [ -225.0000],
        [ -432.0000],
        [  288.0000],
        [ -552.0000],
        [ -189.0000],
        [  402.0000],
        [ -320.0000],
        [  280.0000],
        [  608.0000],
        [  326.0000],
        [  904.0000],
        [  326.0000],
        [  888.0000],
        [  -42.7500],
        [  394.0000],
        [ -584.0000]], device='npu:2', dtype=torch.bfloat16), C_check: tensor([-6.1200e+02,  2.0100e+02, -3.1400e+02, -2.6600e+02, -4.2250e+01,
        -1.6500e+02, -1.2900e+02, -3.7800e+02, -5.9766e-01, -6.7600e+02,
         3.0400e+02,  6.0400e+02, -2.2600e+02, -7.8000e+01, -4.0000e+02,
        -5.4400e+02, -1.1400e+02, -4.5400e+02,  5.0800e+02, -4.6000e+02,
         3.5800e+02, -1.5440e+03,  4.2600e+02, -1.1040e+03,  6.7200e+02,
        -7.5600e+02,  1.5500e+02,  8.0400e+02, -6.5600e+02,  5.8800e+02,
         2.2800e+02,  8.8000e+02, -1.1650e+02,  4.0800e+02,  1.0200e+02,
        -2.3700e+02, -4.7200e+02,  2.0200e+02, -5.5200e+02, -6.6000e+02,
         4.5200e+02,  6.1250e+01, -1.1440e+03,  2.7200e+02,  2.4000e+02,
        -1.4800e+02,  4.1600e+02, -1.1250e+01, -8.2800e+02,  1.2250e+02,
         7.8500e+01, -6.2800e+02,  5.6400e+02, -6.4400e+02,  1.6000e+02,
        -1.1950e+02,  2.6000e+02, -3.8800e+02,  6.6000e+01,  3.7000e+02,
         6.8800e+02, -7.0400e+02, -3.6800e+02,  6.9500e+01,  5.6800e+02,
        -6.3000e+01, -9.2400e+02, -2.0200e+02, -8.5500e+01, -5.4000e+02,
        -1.2560e+03,  1.7300e+02,  2.1300e+02, -2.7600e+02,  1.8400e+02,
         2.6200e+02, -5.4800e+02, -2.0600e+02,  3.9500e+01,  1.6500e+01,
         4.4000e+02,  1.4720e+03,  1.0700e+02, -1.0720e+03,  3.3200e+02,
         5.8000e+02, -4.2250e+01, -4.8600e+02,  2.7600e+02,  1.7900e+02,
         4.3800e+02,  8.4800e+02, -1.2880e+03,  5.0000e+02,  5.3500e+01,
        -6.1200e+02,  8.4500e+01,  7.1200e+02, -9.2000e+01,  1.2000e+03,
        -6.5200e+02, -9.4400e+02,  2.5800e+02, -1.3120e+03,  1.3280e+03,
         4.4000e+02, -1.1280e+03, -2.6400e+02, -6.9000e+01,  5.7200e+02,
        -5.5200e+02, -2.6600e+02, -2.2400e+02, -4.3200e+02,  2.9000e+02,
        -5.5200e+02, -1.8900e+02,  4.0200e+02, -3.2200e+02,  2.8000e+02,
         6.0800e+02,  3.2400e+02,  9.0400e+02,  3.2400e+02,  8.8800e+02,
        -4.4750e+01,  3.9200e+02, -5.8400e+02], device='npu:2',
       dtype=torch.bfloat16), Diff: tensor([0.0000, 0.0000, 2.0000, 2.0000, 3.0000, 1.0000, 1.5000, 0.0000, 1.0312,
        0.0000, 0.0000, 0.0000, 0.0000, 1.0000, 0.0000, 0.0000, 2.5000, 4.0000,
        0.0000, 2.0000, 2.0000, 0.0000, 2.0000, 0.0000, 0.0000, 0.0000, 1.0000,
        0.0000, 0.0000, 0.0000, 2.0000, 0.0000, 0.0000, 2.0000, 1.5000, 1.0000,
        0.0000, 0.0000, 0.0000, 0.0000, 0.0000, 0.2500, 0.0000, 2.0000, 1.0000,
        0.0000, 0.0000, 0.7500, 0.0000, 0.5000, 0.0000, 0.0000, 0.0000, 0.0000,
        0.0000, 0.5000, 2.0000, 0.0000, 0.5000, 0.0000, 0.0000, 0.0000, 0.0000,
        2.0000, 4.0000, 0.5000, 0.0000, 0.0000, 0.5000, 0.0000, 0.0000, 0.0000,
        1.0000, 0.0000, 0.0000, 0.0000, 4.0000, 1.0000, 0.7500, 0.3750, 0.0000,
        8.0000, 0.5000, 0.0000, 0.0000, 0.0000, 0.7500, 2.0000, 0.0000, 0.0000,
        2.0000, 0.0000, 0.0000, 2.0000, 1.7500, 0.0000, 0.5000, 0.0000, 0.0000,
        0.0000, 4.0000, 4.0000, 2.0000, 8.0000, 0.0000, 0.0000, 0.0000, 0.0000,
        3.5000, 0.0000, 0.0000, 0.0000, 1.0000, 0.0000, 2.0000, 0.0000, 0.0000,
        0.0000, 2.0000, 0.0000, 0.0000, 2.0000, 0.0000, 2.0000, 0.0000, 2.0000,
        2.0000, 0.0000], device='npu:2', dtype=torch.bfloat16), Error Bound: tensor([ 5.7188,  8.5000,  8.1875,  8.3750,  5.7500, 10.9375,  6.0000,  9.3750,
        15.2500, 19.8750, 11.9375, 17.6250, 10.1250, 10.8750, 10.1250,  8.1250,
        13.6875, 13.1875, 11.1250,  7.0000,  7.6875, 10.1875,  6.3750, 15.9375,
        12.9375,  9.2500,  8.8750,  8.5000, 11.0625, 14.6250, 16.2500,  8.3125,
        13.6250, 16.1250, 10.8125, 13.6875,  9.6875, 14.6250, 10.7500, 22.8750,
        13.2500, 21.6250, 23.3750,  9.3750, 20.6250, 10.5625,  7.1250, 14.6250,
        10.1875,  9.5625, 18.5000, 17.2500, 13.8125, 11.0625, 14.8125, 11.3750,
         7.1875,  5.9688, 14.9375, 10.3750,  7.7188,  6.6250, 11.6250, 16.3750,
        12.3125, 11.6875, 16.2500, 14.3750, 10.1875, 17.5000, 15.5000, 12.3125,
         7.5938, 21.2500,  5.5312, 12.1875, 13.6875, 22.5000, 14.6250, 19.6250,
        13.4375, 18.7500, 15.2500,  9.0625, 13.3750,  7.6875, 16.1250,  7.6875,
         7.3750,  7.3125,  6.0000, 17.8750, 14.9375,  9.6875,  8.3125, 11.6250,
        11.9375, 16.3750,  7.9688, 25.2500, 17.5000, 12.8125,  9.3750,  7.6875,
         6.7500, 15.2500,  9.0000, 18.8750,  7.6875, 14.5000, 11.6875, 14.9375,
         7.7500, 15.2500, 18.3750,  6.3125, 16.2500, 14.9375,  9.1875, 12.1875,
        12.6250, 17.8750, 15.2500, 21.7500,  8.1250, 16.2500, 14.8750,  8.9375],
       device='npu:2', dtype=torch.bfloat16)
C_sum: tensor([[ 4.0400e+02],
        [ 1.0160e+03],
        [ 3.6000e+01],
        [-4.7000e+02],
        [ 7.0000e+02],
        [-4.9800e+02],
        [ 1.4200e+02],
        [-4.1000e+02],
        [ 7.4000e+02],
        [-1.3800e+02],
        [-4.3400e+02],
        [-2.8200e+02],
        [ 3.7000e+02],
        [-2.2600e+02],
        [-1.4600e+02],
        [-5.7200e+02],
        [ 3.3600e+02],
        [-3.7400e+02],
        [-3.1600e+02],
        [ 6.5000e+01],
        [-8.2800e+02],
        [-7.2500e+01],
        [-4.4500e+01],
        [ 2.0800e+02],
        [ 2.8800e+02],
        [ 4.7500e+01],
        [-1.5000e+01],
        [ 3.6600e+02],
        [ 1.3100e+02],
        [-1.2000e+03],
        [-5.0400e+02],
        [-1.0480e+03],
        [-7.3200e+02],
        [ 5.6400e+02],
        [-1.9500e+02],
        [-2.6800e+02],
        [-8.3000e+01],
        [-2.0700e+02],
        [-6.1200e+02],
        [ 1.2250e+02],
        [ 1.1550e+02],
        [ 7.9500e+01],
        [-1.1200e+03],
        [ 5.5600e+02],
        [-4.7812e+00],
        [-1.5188e+01],
        [-2.9600e+02],
        [ 5.8000e+02],
        [-5.8800e+02],
        [-3.4000e+02],
        [ 1.4100e+02],
        [-8.8400e+02],
        [ 3.4800e+02],
        [-1.1650e+02],
        [-8.2000e+01],
        [ 2.7600e+02],
        [ 8.6400e+02],
        [ 6.8800e+02],
        [-1.5900e+02],
        [ 3.5600e+02],
        [-6.9600e+02],
        [ 8.4800e+02],
        [ 3.1641e-01],
        [-4.9200e+02],
        [ 6.8000e+02],
        [-1.9600e+02],
        [ 2.0900e+02],
        [ 8.1875e+00],
        [ 2.0600e+02],
        [ 1.8400e+02],
        [ 1.0240e+03],
        [ 4.7400e+02],
        [-1.2550e+02],
        [ 3.0200e+02],
        [-9.1600e+02],
        [-1.0160e+03],
        [-7.3000e+01],
        [ 1.0950e+02],
        [ 9.4400e+02],
        [-1.1450e+02],
        [ 1.3040e+03],
        [-8.4500e+01],
        [ 6.4400e+02],
        [ 4.8200e+02],
        [-1.4000e+03],
        [ 1.8500e+02],
        [ 1.9100e+02],
        [-1.2450e+02],
        [-2.8200e+02],
        [-4.3600e+02],
        [-8.2800e+02],
        [ 3.6400e+02],
        [ 1.0000e+03],
        [ 3.4400e+02],
        [-8.2800e+02],
        [-5.6400e+02],
        [ 4.4200e+02],
        [ 3.7600e+02],
        [-4.6400e+02],
        [-3.5600e+02],
        [ 5.2800e+02],
        [ 6.4000e+02],
        [-1.7800e+02],
        [-1.1300e+02],
        [ 3.7800e+02],
        [-1.2000e+03],
        [-3.5600e+02],
        [-6.6000e+02],
        [-2.1875e+00],
        [ 2.3800e+02],
        [ 3.0200e+02],
        [ 9.9600e+02],
        [-4.2800e+02],
        [-2.4100e+02],
        [ 6.6000e+02],
        [-1.4800e+02],
        [ 3.5400e+02],
        [-6.6000e+02],
        [ 9.8400e+02],
        [ 4.3200e+02],
        [ 5.6400e+02],
        [-3.6000e+01],
        [ 4.5400e+02],
        [ 8.5600e+02],
        [ 6.7600e+02],
        [ 1.9000e+02],
        [ 5.1600e+02],
        [-2.9000e+02]], device='npu:2', dtype=torch.bfloat16), C_check: tensor([ 4.0400e+02,  1.0200e+03,  3.5250e+01, -4.6800e+02,  7.0000e+02,
        -4.9600e+02,  1.4200e+02, -4.1200e+02,  7.4400e+02, -1.3900e+02,
        -4.3400e+02, -2.8200e+02,  3.7000e+02, -2.2700e+02, -1.4700e+02,
        -5.7200e+02,  3.3400e+02, -3.7200e+02, -3.1600e+02,  6.4500e+01,
        -8.2800e+02, -7.3000e+01, -4.5250e+01,  2.0700e+02,  2.8800e+02,
         4.8000e+01, -1.4688e+01,  3.6600e+02,  1.3200e+02, -1.1920e+03,
        -5.0200e+02, -1.0480e+03, -7.3200e+02,  5.6400e+02, -1.9500e+02,
        -2.6800e+02, -8.3000e+01, -2.0800e+02, -6.1200e+02,  1.2200e+02,
         1.1500e+02,  7.8000e+01, -1.1200e+03,  5.5600e+02, -3.9375e+00,
        -1.3438e+01, -2.9800e+02,  5.7600e+02, -5.8800e+02, -3.4200e+02,
         1.3900e+02, -8.8400e+02,  3.4800e+02, -1.1550e+02, -8.0000e+01,
         2.7400e+02,  8.6800e+02,  6.8800e+02, -1.5900e+02,  3.5600e+02,
        -7.0000e+02,  8.4800e+02,  6.0156e-01, -4.9200e+02,  6.8000e+02,
        -1.9400e+02,  2.1000e+02,  8.1250e+00,  2.0400e+02,  1.8600e+02,
         1.0240e+03,  4.7400e+02, -1.2600e+02,  3.0000e+02, -9.1600e+02,
        -1.0160e+03, -7.3000e+01,  1.1150e+02,  9.4800e+02, -1.1450e+02,
         1.3040e+03, -8.4500e+01,  6.4400e+02,  4.8600e+02, -1.4000e+03,
         1.8400e+02,  1.8800e+02, -1.2550e+02, -2.8400e+02, -4.3400e+02,
        -8.2800e+02,  3.6400e+02,  1.0040e+03,  3.4800e+02, -8.2800e+02,
        -5.6400e+02,  4.4200e+02,  3.7600e+02, -4.6400e+02, -3.5800e+02,
         5.2800e+02,  6.3600e+02, -1.7700e+02, -1.1200e+02,  3.8000e+02,
        -1.2000e+03, -3.5600e+02, -6.6000e+02, -1.7969e+00,  2.3900e+02,
         3.0200e+02,  9.9600e+02, -4.2600e+02, -2.4100e+02,  6.6000e+02,
        -1.4800e+02,  3.5200e+02, -6.6000e+02,  9.8400e+02,  4.3400e+02,
         5.6400e+02, -3.6500e+01,  4.5200e+02,  8.5600e+02,  6.7600e+02,
         1.9200e+02,  5.1200e+02, -2.9000e+02], device='npu:2',
       dtype=torch.bfloat16), Diff: tensor([0.0000, 4.0000, 0.7500, 2.0000, 0.0000, 2.0000, 0.0000, 2.0000, 4.0000,
        1.0000, 0.0000, 0.0000, 0.0000, 1.0000, 1.0000, 0.0000, 2.0000, 2.0000,
        0.0000, 0.5000, 0.0000, 0.5000, 0.7500, 1.0000, 0.0000, 0.5000, 0.3125,
        0.0000, 1.0000, 8.0000, 2.0000, 0.0000, 0.0000, 0.0000, 0.0000, 0.0000,
        0.0000, 1.0000, 0.0000, 0.5000, 0.5000, 1.5000, 0.0000, 0.0000, 0.8438,
        1.7500, 2.0000, 4.0000, 0.0000, 2.0000, 2.0000, 0.0000, 0.0000, 1.0000,
        2.0000, 2.0000, 4.0000, 0.0000, 0.0000, 0.0000, 4.0000, 0.0000, 0.2852,
        0.0000, 0.0000, 2.0000, 1.0000, 0.0625, 2.0000, 2.0000, 0.0000, 0.0000,
        0.5000, 2.0000, 0.0000, 0.0000, 0.0000, 2.0000, 4.0000, 0.0000, 0.0000,
        0.0000, 0.0000, 4.0000, 0.0000, 1.0000, 3.0000, 1.0000, 2.0000, 2.0000,
        0.0000, 0.0000, 4.0000, 4.0000, 0.0000, 0.0000, 0.0000, 0.0000, 0.0000,
        2.0000, 0.0000, 4.0000, 1.0000, 1.0000, 2.0000, 0.0000, 0.0000, 0.0000,
        0.3906, 1.0000, 0.0000, 0.0000, 2.0000, 0.0000, 0.0000, 0.0000, 2.0000,
        0.0000, 0.0000, 2.0000, 0.0000, 0.5000, 2.0000, 0.0000, 0.0000, 2.0000,
        4.0000, 0.0000], device='npu:2', dtype=torch.bfloat16), Error Bound: tensor([ 6.6250, 15.8125,  6.4062, 17.1250, 10.7500, 18.2500,  6.8750,  7.2812,
         7.9062,  8.0000, 27.5000, 20.1250, 16.3750, 14.3750, 13.6250, 10.8125,
        13.6250, 19.6250,  6.9688, 19.0000, 18.1250,  6.0938, 15.1250, 23.5000,
        11.1875,  6.8125, 14.1875,  6.8750, 10.8750,  6.8750,  8.2500, 18.5000,
        15.3750, 10.7500, 13.7500, 25.0000, 17.5000, 19.8750, 11.6875, 15.5000,
        14.3750, 29.2500, 12.3125, 18.5000, 11.4375, 16.3750,  6.9062, 12.6250,
         7.5938,  7.5625,  9.1875, 23.5000, 30.8750, 13.5000,  8.9375,  9.0625,
        14.5000, 20.7500, 12.2500, 17.6250,  6.7188,  6.0938, 18.3750, 11.0625,
         8.2500, 10.3125, 15.8125, 10.0625, 10.6250, 13.8125, 10.0000, 16.6250,
         6.5938,  7.1875,  6.1562, 13.6250, 14.7500,  8.3125, 10.1875, 13.2500,
        13.1875, 10.0625, 18.8750, 21.7500, 11.5000, 18.1250, 20.3750,  6.0938,
        12.9375, 19.5000, 21.1250,  9.0625, 16.6250,  6.5625, 11.1250, 28.5000,
        19.0000, 10.3750, 15.1250,  6.8750, 11.9375,  8.5625,  7.1250,  9.5000,
        10.3125, 11.6875,  7.4375, 25.2500, 14.8750, 20.7500,  9.6875,  6.3750,
         9.8125,  8.2500,  5.9688, 10.3125, 17.0000, 12.5625,  8.9375, 15.9375,
         7.1875, 12.8750, 14.9375, 19.3750, 27.6250,  9.1875, 12.7500, 14.8125],
       device='npu:2', dtype=torch.bfloat16)
C_sum: tensor([[ 1496.0000],
        [  -11.3750],
        [ -129.0000],
        [  175.0000],
        [  636.0000],
        [  186.0000],
        [  -85.0000],
        [  128.0000],
        [  536.0000],
        [-1048.0000],
        [  -15.8125],
        [  780.0000],
        [ -548.0000],
        [ -228.0000],
        [ -216.0000],
        [  278.0000],
        [  160.0000],
        [ -127.5000],
        [  860.0000],
        [ -692.0000],
        [  992.0000],
        [  588.0000],
        [  470.0000],
        [ -448.0000],
        [ 1152.0000],
        [   52.7500],
        [ -396.0000],
        [  744.0000],
        [  194.0000],
        [ -181.0000],
        [ -350.0000],
        [ -264.0000],
        [  448.0000],
        [  520.0000],
        [ -164.0000],
        [  144.0000],
        [ 1216.0000],
        [  108.5000],
        [  340.0000],
        [  330.0000],
        [ -106.0000],
        [  207.0000],
        [ -286.0000],
        [ -394.0000],
        [ -736.0000],
        [ -580.0000],
        [ -340.0000],
        [  390.0000],
        [-1424.0000],
        [  298.0000],
        [ 1120.0000],
        [  169.0000],
        [-1080.0000],
        [  792.0000],
        [ -110.5000],
        [  512.0000],
        [  260.0000],
        [ 1232.0000],
        [  340.0000],
        [ -113.5000],
        [  228.0000],
        [ -145.0000],
        [ -472.0000],
        [  189.0000],
        [  -20.1250],
        [ -400.0000],
        [  474.0000],
        [   29.7500],
        [  314.0000],
        [ -376.0000],
        [ 1336.0000],
        [  154.0000],
        [  320.0000],
        [   -8.9375],
        [ -544.0000],
        [ -232.0000],
        [ -376.0000],
        [ -720.0000],
        [  242.0000],
        [  -33.5000],
        [ -736.0000],
        [   -9.7500],
        [  256.0000],
        [   94.0000],
        [  229.0000],
        [   49.5000],
        [   53.7500],
        [ -195.0000],
        [  115.0000],
        [  456.0000],
        [   36.5000],
        [  892.0000],
        [  270.0000],
        [   79.0000],
        [  672.0000],
        [  136.0000],
        [  504.0000],
        [ -172.0000],
        [ -165.0000],
        [  524.0000],
        [ -194.0000],
        [ -478.0000],
        [  -81.5000],
        [ -239.0000],
        [  556.0000],
        [ 1240.0000],
        [  732.0000],
        [ -218.0000],
        [  232.0000],
        [  -98.0000],
        [  286.0000],
        [   85.0000],
        [  -39.5000],
        [ -225.0000],
        [ -904.0000],
        [ -217.0000],
        [  728.0000],
        [ -121.0000],
        [  143.0000],
        [ -524.0000],
        [ -342.0000],
        [  225.0000],
        [  364.0000],
        [  460.0000],
        [  504.0000],
        [  588.0000],
        [ 1328.0000],
        [ -234.0000]], device='npu:2', dtype=torch.bfloat16), C_check: tensor([ 1496.0000,   -10.5000,  -131.0000,   175.0000,   636.0000,   183.0000,
          -84.5000,   127.5000,   532.0000, -1048.0000,   -17.3750,   780.0000,
         -544.0000,  -226.0000,  -215.0000,   278.0000,   159.0000,  -127.0000,
          860.0000,  -692.0000,   992.0000,   588.0000,   472.0000,  -450.0000,
         1152.0000,    50.5000,  -394.0000,   744.0000,   192.0000,  -181.0000,
         -352.0000,  -264.0000,   450.0000,   520.0000,  -163.0000,   145.0000,
         1216.0000,   110.0000,   342.0000,   330.0000,  -106.0000,   206.0000,
         -288.0000,  -392.0000,  -736.0000,  -580.0000,  -340.0000,   390.0000,
        -1424.0000,   296.0000,  1120.0000,   169.0000, -1080.0000,   792.0000,
         -112.5000,   516.0000,   260.0000,  1232.0000,   340.0000,  -113.0000,
          228.0000,  -146.0000,  -472.0000,   188.0000,   -19.3750,  -402.0000,
          472.0000,    30.2500,   314.0000,  -376.0000,  1336.0000,   151.0000,
          320.0000,    -7.8438,  -544.0000,  -232.0000,  -376.0000,  -720.0000,
          240.0000,   -31.3750,  -736.0000,    -8.7500,   258.0000,    94.0000,
          230.0000,    49.0000,    54.7500,  -194.0000,   115.0000,   456.0000,
           35.5000,   892.0000,   270.0000,    78.5000,   672.0000,   138.0000,
          508.0000,  -174.0000,  -165.0000,   520.0000,  -192.0000,  -480.0000,
          -81.0000,  -238.0000,   556.0000,  1248.0000,   732.0000,  -220.0000,
          234.0000,   -96.0000,   284.0000,    84.0000,   -40.2500,  -224.0000,
         -904.0000,  -217.0000,   728.0000,  -120.0000,   142.0000,  -524.0000,
         -340.0000,   226.0000,   364.0000,   460.0000,   502.0000,   588.0000,
         1328.0000,  -235.0000], device='npu:2', dtype=torch.bfloat16), Diff: tensor([0.0000, 0.8750, 2.0000, 0.0000, 0.0000, 3.0000, 0.5000, 0.5000, 4.0000,
        0.0000, 1.5625, 0.0000, 4.0000, 2.0000, 1.0000, 0.0000, 1.0000, 0.5000,
        0.0000, 0.0000, 0.0000, 0.0000, 2.0000, 2.0000, 0.0000, 2.2500, 2.0000,
        0.0000, 2.0000, 0.0000, 2.0000, 0.0000, 2.0000, 0.0000, 1.0000, 1.0000,
        0.0000, 1.5000, 2.0000, 0.0000, 0.0000, 1.0000, 2.0000, 2.0000, 0.0000,
        0.0000, 0.0000, 0.0000, 0.0000, 2.0000, 0.0000, 0.0000, 0.0000, 0.0000,
        2.0000, 4.0000, 0.0000, 0.0000, 0.0000, 0.5000, 0.0000, 1.0000, 0.0000,
        1.0000, 0.7500, 2.0000, 2.0000, 0.5000, 0.0000, 0.0000, 0.0000, 3.0000,
        0.0000, 1.0938, 0.0000, 0.0000, 0.0000, 0.0000, 2.0000, 2.1250, 0.0000,
        1.0000, 2.0000, 0.0000, 1.0000, 0.5000, 1.0000, 1.0000, 0.0000, 0.0000,
        1.0000, 0.0000, 0.0000, 0.5000, 0.0000, 2.0000, 4.0000, 2.0000, 0.0000,
        4.0000, 2.0000, 2.0000, 0.5000, 1.0000, 0.0000, 8.0000, 0.0000, 2.0000,
        2.0000, 2.0000, 2.0000, 1.0000, 0.7500, 1.0000, 0.0000, 0.0000, 0.0000,
        1.0000, 1.0000, 0.0000, 2.0000, 1.0000, 0.0000, 0.0000, 2.0000, 0.0000,
        0.0000, 1.0000], device='npu:2', dtype=torch.bfloat16), Error Bound: tensor([ 7.9062, 13.0625, 14.8125, 18.0000, 11.1250, 12.5625,  8.8125, 14.2500,
         7.0000, 13.7500, 26.5000,  7.0000,  8.3750,  9.3750,  8.3750, 10.5625,
        13.1250,  8.2500, 18.6250,  9.1875, 11.6875, 18.8750, 15.2500, 13.1250,
        15.0625, 11.7500,  6.6250,  9.2500,  6.7188, 11.1875,  6.9688,  7.8438,
        10.7500, 15.8125,  7.0312, 10.1875, 11.8125,  6.8438,  7.9062, 17.2500,
         7.9062, 23.0000,  7.9062, 12.6250,  9.6250,  7.2812, 11.5000, 28.3750,
        13.5000, 12.8750,  9.5000, 12.8750,  6.9062, 13.7500, 14.5000, 33.2500,
         6.0000, 13.3750, 15.5000, 12.2500, 14.8125, 14.0000, 21.1250, 16.1250,
        11.4375, 10.7500,  9.3750, 18.7500, 14.8125, 26.2500, 11.0625,  9.5000,
        12.5625, 12.5000, 15.8125,  7.0312,  9.7500, 22.7500, 20.0000, 13.3750,
        11.5000, 19.8750,  9.0625,  9.4375,  6.4062, 12.3750, 10.9375, 24.3750,
         8.3125, 18.1250, 12.2500,  9.5000, 17.7500,  7.9062, 15.6875, 11.0625,
         9.7500, 16.3750, 31.5000, 23.0000, 12.0000,  7.4688, 13.4375, 11.0625,
        14.3750,  7.6875,  7.8438,  6.4062, 14.0625,  6.2500, 17.6250, 13.0625,
        18.1250,  7.5938,  7.3125, 10.8125, 12.3125,  9.4375, 14.2500, 18.2500,
        11.0625,  8.3125, 19.5000,  6.9688, 13.7500, 23.6250, 13.9375,  8.0625],
       device='npu:2', dtype=torch.bfloat16)
C_sum: tensor([[ -168.0000],
        [ -126.5000],
        [ -872.0000],
        [ -144.0000],
        [   82.5000],
        [  -48.2500],
        [ -176.0000],
        [  258.0000],
        [  900.0000],
        [ -268.0000],
        [-1152.0000],
        [  434.0000],
        [ -116.5000],
        [ -196.0000],
        [  864.0000],
        [  316.0000],
        [ -241.0000],
        [ -576.0000],
        [    5.0938],
        [ -306.0000],
        [  386.0000],
        [ -129.0000],
        [ -262.0000],
        [  191.0000],
        [ -141.0000],
        [ -612.0000],
        [  -57.7500],
        [ 1152.0000],
        [-1160.0000],
        [ -250.0000],
        [ -556.0000],
        [  190.0000],
        [ 1008.0000],
        [  236.0000],
        [  636.0000],
        [ -161.0000],
        [  520.0000],
        [  540.0000],
        [ -528.0000],
        [  199.0000],
        [  712.0000],
        [ -202.0000],
        [  136.0000],
        [   69.5000],
        [   82.0000],
        [ -211.0000],
        [  274.0000],
        [  510.0000],
        [  394.0000],
        [  520.0000],
        [ -378.0000],
        [ -278.0000],
        [ -424.0000],
        [ -418.0000],
        [  -48.7500],
        [ -250.0000],
        [ -504.0000],
        [  -41.7500],
        [  388.0000],
        [ 1144.0000],
        [  796.0000],
        [   56.7500],
        [ -880.0000],
        [  -85.5000],
        [ -394.0000],
        [  239.0000],
        [ -150.0000],
        [ -414.0000],
        [ -237.0000],
        [  -41.0000],
        [ 1496.0000],
        [   47.5000],
        [  452.0000],
        [  600.0000],
        [  748.0000],
        [ -900.0000],
        [  -69.0000],
        [ -772.0000],
        [  450.0000],
        [  524.0000],
        [  342.0000],
        [    8.1250],
        [  312.0000],
        [ -256.0000],
        [  484.0000],
        [  768.0000],
        [  396.0000],
        [  176.0000],
        [ -764.0000],
        [  952.0000],
        [  306.0000],
        [    3.4375],
        [  468.0000],
        [ -632.0000],
        [  412.0000],
        [ -482.0000],
        [  386.0000],
        [  384.0000],
        [ 1016.0000],
        [  155.0000],
        [  600.0000],
        [ -564.0000],
        [ 1256.0000],
        [ -241.0000],
        [  552.0000],
        [  828.0000],
        [  378.0000],
        [ -640.0000],
        [ -142.0000],
        [  -82.0000],
        [  221.0000],
        [  880.0000],
        [  -15.5625],
        [ -151.0000],
        [  434.0000],
        [ -888.0000],
        [ 1184.0000],
        [  644.0000],
        [-1040.0000],
        [ -740.0000],
        [  816.0000],
        [  600.0000],
        [  648.0000],
        [   34.2500],
        [ -816.0000],
        [ -181.0000],
        [ -624.0000],
        [ -103.0000]], device='npu:2', dtype=torch.bfloat16), C_check: tensor([ -169.0000,  -126.5000,  -872.0000,  -144.0000,    84.0000,   -49.5000,
         -177.0000,   258.0000,   904.0000,  -268.0000, -1152.0000,   436.0000,
         -116.0000,  -197.0000,   868.0000,   314.0000,  -242.0000,  -576.0000,
            2.9375,  -308.0000,   384.0000,  -132.0000,  -262.0000,   190.0000,
         -141.0000,  -612.0000,   -57.5000,  1152.0000, -1160.0000,  -250.0000,
         -556.0000,   189.0000,  1008.0000,   238.0000,   636.0000,  -160.0000,
          520.0000,   540.0000,  -528.0000,   200.0000,   712.0000,  -205.0000,
          138.0000,    70.5000,    82.5000,  -212.0000,   276.0000,   512.0000,
          394.0000,   520.0000,  -378.0000,  -278.0000,  -424.0000,  -418.0000,
          -49.7500,  -250.0000,  -504.0000,   -41.2500,   386.0000,  1144.0000,
          796.0000,    57.7500,  -880.0000,   -85.5000,  -396.0000,   238.0000,
         -149.0000,  -414.0000,  -236.0000,   -41.0000,  1496.0000,    45.7500,
          452.0000,   600.0000,   748.0000,  -900.0000,   -68.5000,  -772.0000,
          452.0000,   524.0000,   342.0000,     8.0000,   312.0000,  -258.0000,
          482.0000,   768.0000,   398.0000,   178.0000,  -764.0000,   948.0000,
          306.0000,     1.6328,   470.0000,  -628.0000,   414.0000,  -484.0000,
          386.0000,   382.0000,  1016.0000,   155.0000,   600.0000,  -564.0000,
         1256.0000,  -240.0000,   552.0000,   828.0000,   376.0000,  -640.0000,
         -142.0000,   -82.5000,   220.0000,   880.0000,   -12.3125,  -153.0000,
          434.0000,  -884.0000,  1176.0000,   644.0000, -1048.0000,  -744.0000,
          820.0000,   600.0000,   648.0000,    34.0000,  -820.0000,  -179.0000,
         -624.0000,  -103.5000], device='npu:2', dtype=torch.bfloat16), Diff: tensor([1.0000, 0.0000, 0.0000, 0.0000, 1.5000, 1.2500, 1.0000, 0.0000, 4.0000,
        0.0000, 0.0000, 2.0000, 0.5000, 1.0000, 4.0000, 2.0000, 1.0000, 0.0000,
        2.1562, 2.0000, 2.0000, 3.0000, 0.0000, 1.0000, 0.0000, 0.0000, 0.2500,
        0.0000, 0.0000, 0.0000, 0.0000, 1.0000, 0.0000, 2.0000, 0.0000, 1.0000,
        0.0000, 0.0000, 0.0000, 1.0000, 0.0000, 3.0000, 2.0000, 1.0000, 0.5000,
        1.0000, 2.0000, 2.0000, 0.0000, 0.0000, 0.0000, 0.0000, 0.0000, 0.0000,
        1.0000, 0.0000, 0.0000, 0.5000, 2.0000, 0.0000, 0.0000, 1.0000, 0.0000,
        0.0000, 2.0000, 1.0000, 1.0000, 0.0000, 1.0000, 0.0000, 0.0000, 1.7500,
        0.0000, 0.0000, 0.0000, 0.0000, 0.5000, 0.0000, 2.0000, 0.0000, 0.0000,
        0.1250, 0.0000, 2.0000, 2.0000, 0.0000, 2.0000, 2.0000, 0.0000, 4.0000,
        0.0000, 1.8047, 2.0000, 4.0000, 2.0000, 2.0000, 0.0000, 2.0000, 0.0000,
        0.0000, 0.0000, 0.0000, 0.0000, 1.0000, 0.0000, 0.0000, 2.0000, 0.0000,
        0.0000, 0.5000, 1.0000, 0.0000, 3.2500, 2.0000, 0.0000, 4.0000, 8.0000,
        0.0000, 8.0000, 4.0000, 4.0000, 0.0000, 0.0000, 0.2500, 4.0000, 2.0000,
        0.0000, 0.5000], device='npu:2', dtype=torch.bfloat16), Error Bound: tensor([10.2500,  9.3750, 12.8125, 12.8125, 11.7500,  7.5938, 23.3750, 14.0000,
        24.7500, 11.1250, 11.7500,  7.2812, 12.3125, 11.0625,  8.3750, 15.6875,
        12.3125,  9.1875, 12.0000, 14.0625, 15.5000, 10.0625, 17.2500, 14.0000,
        15.9375, 10.2500,  7.0312,  7.0312, 15.6875, 18.0000, 16.2500, 12.8125,
        10.5000,  9.7500, 10.5625,  5.8438, 11.2500, 13.5000, 18.7500,  6.0000,
         8.5000, 19.5000, 12.9375,  6.7188,  9.6250,  6.4688, 12.0625,  6.8750,
        13.7500,  6.7500, 10.5000, 21.2500,  9.1875,  6.8125, 10.1875, 17.0000,
         9.2500,  7.8438, 10.3750, 24.0000,  8.2500,  9.2500, 14.3125, 16.3750,
        11.6250,  6.6250,  9.6250, 14.6250, 11.5000, 19.2500,  9.3750,  8.3125,
        14.5000, 20.2500, 17.6250,  8.0625,  9.6875, 19.0000, 20.2500, 10.1875,
        18.2500, 14.0625,  6.6250,  7.6250, 13.2500, 14.8125, 17.6250, 14.0625,
         7.6875, 11.2500, 10.8750,  6.3125, 16.5000,  5.8438, 10.5625, 12.1875,
         7.1875, 10.8125,  7.0312,  8.8750,  8.0625,  8.8750,  6.6875, 12.8125,
        15.3750, 17.3750, 12.3125, 10.0625, 14.2500, 21.7500,  6.6250, 21.7500,
         6.8125,  9.8125, 13.1875, 17.6250,  6.8750, 21.0000, 12.5000, 10.2500,
        14.8125,  5.9062, 12.7500, 25.8750, 15.9375, 24.6250, 13.1250,  7.7500],
       device='npu:2', dtype=torch.bfloat16)
C_sum: tensor([[-1040.0000],
        [ 1080.0000],
        [ -844.0000],
        [ -704.0000],
        [  340.0000],
        [  -65.0000],
        [  444.0000],
        [   23.8750],
        [  564.0000],
        [  177.0000],
        [  516.0000],
        [ 1144.0000],
        [ -468.0000],
        [  328.0000],
        [ -141.0000],
        [-1032.0000],
        [  740.0000],
        [ -684.0000],
        [ -668.0000],
        [  348.0000],
        [ -720.0000],
        [ -290.0000],
        [ -306.0000],
        [  239.0000],
        [  852.0000],
        [ -532.0000],
        [ -652.0000],
        [  556.0000],
        [  -78.5000],
        [ -260.0000],
        [   94.5000],
        [  696.0000],
        [ -125.5000],
        [   71.5000],
        [  652.0000],
        [   21.1250],
        [  568.0000],
        [   40.2500],
        [  346.0000],
        [  696.0000],
        [  472.0000],
        [ -836.0000],
        [-1400.0000],
        [  -95.0000],
        [  294.0000],
        [  848.0000],
        [ 1120.0000],
        [ -908.0000],
        [ -203.0000],
        [ -248.0000],
        [-1088.0000],
        [ -185.0000],
        [  122.5000],
        [   22.8750],
        [  528.0000],
        [  370.0000],
        [ 1288.0000],
        [  180.0000],
        [   71.0000],
        [  448.0000],
        [ -544.0000],
        [  772.0000],
        [-1072.0000],
        [  824.0000],
        [  -34.5000],
        [  676.0000],
        [ -342.0000],
        [ -114.0000],
        [  636.0000],
        [  -14.3750],
        [  112.0000],
        [ -704.0000],
        [ -384.0000],
        [ -366.0000],
        [   17.8750],
        [  -42.2500],
        [ -372.0000],
        [ 1160.0000],
        [   54.7500],
        [  252.0000],
        [ 1232.0000],
        [  129.0000],
        [  203.0000],
        [ -195.0000],
        [  796.0000],
        [  312.0000],
        [ -199.0000],
        [  107.5000],
        [  446.0000],
        [ -342.0000],
        [  185.0000],
        [  476.0000],
        [  223.0000],
        [   76.5000],
        [  948.0000],
        [  187.0000],
        [  292.0000],
        [  330.0000],
        [ -382.0000],
        [ -255.0000],
        [ 1152.0000],
        [  636.0000],
        [  708.0000],
        [ -560.0000],
        [   87.0000],
        [ -920.0000],
        [   24.8750],
        [  306.0000],
        [-1256.0000],
        [  490.0000],
        [  -27.1250],
        [ -884.0000],
        [  342.0000],
        [  284.0000],
        [ -848.0000],
        [  458.0000],
        [ -400.0000],
        [ -314.0000],
        [  580.0000],
        [ 1400.0000],
        [ -366.0000],
        [  190.0000],
        [ -215.0000],
        [  656.0000],
        [   65.0000],
        [  636.0000],
        [ 1720.0000],
        [  171.0000]], device='npu:2', dtype=torch.bfloat16), C_check: tensor([-1040.0000,  1080.0000,  -840.0000,  -704.0000,   342.0000,   -65.0000,
          442.0000,    27.1250,   564.0000,   178.0000,   516.0000,  1144.0000,
         -468.0000,   328.0000,  -141.0000, -1040.0000,   744.0000,  -680.0000,
         -668.0000,   348.0000,  -720.0000,  -292.0000,  -306.0000,   240.0000,
          852.0000,  -532.0000,  -652.0000,   556.0000,   -76.0000,  -260.0000,
           95.0000,   696.0000,  -125.5000,    70.5000,   652.0000,    19.1250,
          568.0000,    40.2500,   348.0000,   696.0000,   472.0000,  -836.0000,
        -1400.0000,   -94.0000,   296.0000,   848.0000,  1120.0000,  -908.0000,
         -204.0000,  -247.0000, -1088.0000,  -187.0000,   121.0000,    22.3750,
          528.0000,   372.0000,  1288.0000,   182.0000,    70.5000,   448.0000,
         -544.0000,   772.0000, -1072.0000,   824.0000,   -33.5000,   676.0000,
         -344.0000,  -114.0000,   636.0000,   -15.0000,   111.0000,  -704.0000,
         -384.0000,  -368.0000,    18.3750,   -40.2500,  -370.0000,  1168.0000,
           55.0000,   252.0000,  1232.0000,   129.0000,   203.0000,  -196.0000,
          796.0000,   314.0000,  -199.0000,   109.0000,   444.0000,  -344.0000,
          184.0000,   474.0000,   222.0000,    78.0000,   948.0000,   187.0000,
          294.0000,   328.0000,  -380.0000,  -255.0000,  1152.0000,   632.0000,
          708.0000,  -556.0000,    87.5000,  -920.0000,    23.0000,   304.0000,
        -1256.0000,   490.0000,   -25.6250,  -880.0000,   340.0000,   286.0000,
         -848.0000,   458.0000,  -400.0000,  -312.0000,   584.0000,  1400.0000,
         -368.0000,   191.0000,  -213.0000,   660.0000,    65.0000,   632.0000,
         1720.0000,   168.0000], device='npu:2', dtype=torch.bfloat16), Diff: tensor([0.0000, 0.0000, 4.0000, 0.0000, 2.0000, 0.0000, 2.0000, 3.2500, 0.0000,
        1.0000, 0.0000, 0.0000, 0.0000, 0.0000, 0.0000, 8.0000, 4.0000, 4.0000,
        0.0000, 0.0000, 0.0000, 2.0000, 0.0000, 1.0000, 0.0000, 0.0000, 0.0000,
        0.0000, 2.5000, 0.0000, 0.5000, 0.0000, 0.0000, 1.0000, 0.0000, 2.0000,
        0.0000, 0.0000, 2.0000, 0.0000, 0.0000, 0.0000, 0.0000, 1.0000, 2.0000,
        0.0000, 0.0000, 0.0000, 1.0000, 1.0000, 0.0000, 2.0000, 1.5000, 0.5000,
        0.0000, 2.0000, 0.0000, 2.0000, 0.5000, 0.0000, 0.0000, 0.0000, 0.0000,
        0.0000, 1.0000, 0.0000, 2.0000, 0.0000, 0.0000, 0.6250, 1.0000, 0.0000,
        0.0000, 2.0000, 0.5000, 2.0000, 2.0000, 8.0000, 0.2500, 0.0000, 0.0000,
        0.0000, 0.0000, 1.0000, 0.0000, 2.0000, 0.0000, 1.5000, 2.0000, 2.0000,
        1.0000, 2.0000, 1.0000, 1.5000, 0.0000, 0.0000, 2.0000, 2.0000, 2.0000,
        0.0000, 0.0000, 4.0000, 0.0000, 4.0000, 0.5000, 0.0000, 1.8750, 2.0000,
        0.0000, 0.0000, 1.5000, 4.0000, 2.0000, 2.0000, 0.0000, 0.0000, 0.0000,
        2.0000, 4.0000, 0.0000, 2.0000, 1.0000, 2.0000, 4.0000, 0.0000, 4.0000,
        0.0000, 3.0000], device='npu:2', dtype=torch.bfloat16), Error Bound: tensor([ 6.3125, 18.3750, 10.7500,  9.0625, 10.5625,  9.4375, 17.1250,  8.1250,
        18.2500, 17.6250,  7.8750, 11.5000,  7.0312,  5.8438,  7.3750,  6.3125,
         5.7500, 16.1250, 15.1875,  8.9375, 14.8750, 10.8125,  6.6250,  6.2500,
        21.2500, 12.9375, 14.8125,  6.4688, 13.4375, 12.8750,  9.2500, 13.6875,
        22.1250,  7.6875, 10.0625, 14.3750, 17.5000,  7.5938, 14.5000, 12.3125,
         7.1875,  6.4062, 14.6250, 14.2500, 26.1250, 14.0625, 14.0625, 13.8125,
        22.2500,  5.7500,  7.9062,  6.6250,  5.6250, 16.1250,  9.0625, 18.2500,
         6.3125, 18.8750,  8.7500, 11.3750,  8.0000, 15.9375,  7.5938,  7.2812,
        13.1875, 16.7500, 15.0625, 20.0000, 14.3750, 11.5000,  5.6250, 14.8750,
        19.8750,  5.6250,  9.9375,  8.6250,  8.1875,  8.9375,  9.9375,  5.5938,
        13.1875,  5.8125,  7.9688,  6.8750, 15.7500, 10.3750, 14.5625, 15.4375,
        17.2500, 13.1875,  9.3750, 13.5000, 14.0000, 11.3750, 26.8750,  8.0625,
         6.6250,  9.4375,  6.8125, 16.5000, 25.6250,  8.7500,  6.0312, 16.5000,
        34.5000, 19.3750,  7.7188, 14.5000, 14.6250, 11.1875, 17.6250,  7.5938,
         8.8750, 13.7500,  7.1562, 27.5000, 11.8125, 13.6250,  6.1562,  5.6875,
        10.2500, 17.0000, 16.1250, 12.1875, 13.1250, 11.5000,  8.3750,  8.3750],
       device='npu:2', dtype=torch.bfloat16)
C_sum: tensor([[ 4.2800e+02],
        [ 2.6600e+02],
        [-1.3400e+02],
        [ 3.4800e+02],
        [-6.6500e+01],
        [-3.1000e+02],
        [ 9.8000e+02],
        [ 2.0500e+02],
        [-1.6700e+02],
        [-3.6400e+02],
        [-3.7000e+02],
        [ 7.2000e+01],
        [-3.9200e+02],
        [ 7.9000e+01],
        [-5.0000e+02],
        [ 5.9600e+02],
        [-7.5200e+02],
        [-5.6800e+02],
        [ 5.9600e+02],
        [-1.1100e+02],
        [-1.6200e+02],
        [ 3.1400e+02],
        [ 6.2750e+01],
        [-5.1000e+02],
        [ 9.7000e+01],
        [ 2.2100e+02],
        [-1.0800e+02],
        [ 7.8800e+02],
        [ 3.3600e+02],
        [ 3.7000e+02],
        [-1.1280e+03],
        [ 2.1500e+01],
        [ 6.3000e+01],
        [ 1.0850e+02],
        [ 1.1000e+02],
        [ 9.2000e+02],
        [ 4.8800e+02],
        [-2.2900e+02],
        [ 5.1600e+02],
        [ 1.5500e+02],
        [-2.4500e+02],
        [ 2.7600e+02],
        [-3.0400e+02],
        [ 4.9800e+02],
        [-1.1400e+02],
        [ 1.6100e+02],
        [ 5.7250e+01],
        [-7.5200e+02],
        [ 5.3200e+02],
        [ 5.9600e+02],
        [-6.6400e+02],
        [-8.5000e+01],
        [-6.1500e+01],
        [ 2.3500e+02],
        [ 1.9300e+02],
        [-5.8000e+01],
        [ 3.4400e+02],
        [-3.8800e+02],
        [-5.4500e+01],
        [ 5.9500e+01],
        [-2.3800e+02],
        [-3.7800e+02],
        [ 6.2500e+01],
        [ 1.1350e+02],
        [ 4.9600e+02],
        [-2.0600e+02],
        [-8.5600e+02],
        [ 1.0480e+03],
        [-1.1950e+02],
        [-3.8000e+02],
        [ 6.9200e+02],
        [-3.2400e+02],
        [-1.3672e-01],
        [-1.2400e+03],
        [-1.3938e+01],
        [-1.8900e+02],
        [ 3.3000e+02],
        [ 2.3500e+02],
        [-6.6000e+02],
        [ 7.4800e+02],
        [-1.4800e+02],
        [-8.7600e+02],
        [ 4.6000e+02],
        [-3.3800e+02],
        [ 1.2720e+03],
        [-3.6000e+02],
        [ 6.3200e+02],
        [-4.1400e+02],
        [-1.4200e+02],
        [ 4.4800e+02],
        [ 1.6000e+02],
        [ 3.3400e+02],
        [-2.8000e+02],
        [ 4.6600e+02],
        [ 1.7700e+02],
        [-4.1500e+01],
        [ 1.4000e+02],
        [ 7.6000e+01],
        [-4.2400e+02],
        [ 1.4000e+02],
        [-3.9200e+02],
        [-1.8700e+02],
        [ 4.5800e+02],
        [ 2.8600e+02],
        [ 8.4000e+02],
        [-2.3200e+02],
        [-1.8400e+02],
        [-6.6000e+02],
        [-4.0000e+02],
        [ 1.0320e+03],
        [ 4.1250e+01],
        [ 6.6000e+02],
        [ 4.7000e+02],
        [ 5.7600e+02],
        [ 4.2200e+02],
        [-4.7200e+02],
        [-7.6400e+02],
        [-3.5000e+02],
        [ 4.0000e+02],
        [-1.3000e+02],
        [-1.6125e+01],
        [ 1.2000e+02],
        [ 1.7400e+02],
        [ 3.8200e+02],
        [-8.7000e+01],
        [-5.4000e+01],
        [-2.7800e+02],
        [ 1.2800e+03]], device='npu:2', dtype=torch.bfloat16), C_check: tensor([ 4.2800e+02,  2.6800e+02, -1.3400e+02,  3.4800e+02, -6.8500e+01,
        -3.1000e+02,  9.8000e+02,  2.0500e+02, -1.6800e+02, -3.6600e+02,
        -3.7200e+02,  7.2500e+01, -3.9000e+02,  7.7500e+01, -5.0200e+02,
         5.9600e+02, -7.5200e+02, -5.6800e+02,  5.9600e+02, -1.1000e+02,
        -1.6300e+02,  3.1400e+02,  6.5500e+01, -5.1000e+02,  9.9000e+01,
         2.2200e+02, -1.0900e+02,  7.8800e+02,  3.3400e+02,  3.7200e+02,
        -1.1360e+03,  2.0375e+01,  6.2750e+01,  1.0850e+02,  1.0750e+02,
         9.2000e+02,  4.8800e+02, -2.2900e+02,  5.1600e+02,  1.5400e+02,
        -2.4500e+02,  2.7400e+02, -3.0400e+02,  5.0000e+02, -1.1500e+02,
         1.6200e+02,  5.6750e+01, -7.5200e+02,  5.3200e+02,  5.9600e+02,
        -6.6400e+02, -8.5500e+01, -6.2000e+01,  2.3700e+02,  1.9600e+02,
        -5.9750e+01,  3.4200e+02, -3.8800e+02, -5.4750e+01,  5.7750e+01,
        -2.3800e+02, -3.7600e+02,  6.3250e+01,  1.1450e+02,  4.9600e+02,
        -2.0500e+02, -8.5600e+02,  1.0480e+03, -1.1850e+02, -3.8000e+02,
         6.9200e+02, -3.2400e+02, -2.1484e-01, -1.2400e+03, -1.4812e+01,
        -1.8900e+02,  3.3200e+02,  2.3300e+02, -6.6000e+02,  7.4800e+02,
        -1.4900e+02, -8.7600e+02,  4.6000e+02, -3.4000e+02,  1.2720e+03,
        -3.6200e+02,  6.3200e+02, -4.1200e+02, -1.4200e+02,  4.4400e+02,
         1.6100e+02,  3.3400e+02, -2.7800e+02,  4.6800e+02,  1.7700e+02,
        -4.2250e+01,  1.4100e+02,  7.5500e+01, -4.2400e+02,  1.3900e+02,
        -3.9200e+02, -1.8400e+02,  4.5600e+02,  2.8600e+02,  8.4000e+02,
        -2.3200e+02, -1.8400e+02, -6.6000e+02, -3.9800e+02,  1.0320e+03,
         4.2500e+01,  6.6000e+02,  4.7000e+02,  5.7600e+02,  4.2000e+02,
        -4.7000e+02, -7.6400e+02, -3.5200e+02,  3.9800e+02, -1.3200e+02,
        -1.6375e+01,  1.1900e+02,  1.7300e+02,  3.8400e+02, -8.7500e+01,
        -5.3000e+01, -2.8000e+02,  1.2800e+03], device='npu:2',
       dtype=torch.bfloat16), Diff: tensor([0.0000, 2.0000, 0.0000, 0.0000, 2.0000, 0.0000, 0.0000, 0.0000, 1.0000,
        2.0000, 2.0000, 0.5000, 2.0000, 1.5000, 2.0000, 0.0000, 0.0000, 0.0000,
        0.0000, 1.0000, 1.0000, 0.0000, 2.7500, 0.0000, 2.0000, 1.0000, 1.0000,
        0.0000, 2.0000, 2.0000, 8.0000, 1.1250, 0.2500, 0.0000, 2.5000, 0.0000,
        0.0000, 0.0000, 0.0000, 1.0000, 0.0000, 2.0000, 0.0000, 2.0000, 1.0000,
        1.0000, 0.5000, 0.0000, 0.0000, 0.0000, 0.0000, 0.5000, 0.5000, 2.0000,
        3.0000, 1.7500, 2.0000, 0.0000, 0.2500, 1.7500, 0.0000, 2.0000, 0.7500,
        1.0000, 0.0000, 1.0000, 0.0000, 0.0000, 1.0000, 0.0000, 0.0000, 0.0000,
        0.0781, 0.0000, 0.8750, 0.0000, 2.0000, 2.0000, 0.0000, 0.0000, 1.0000,
        0.0000, 0.0000, 2.0000, 0.0000, 2.0000, 0.0000, 2.0000, 0.0000, 4.0000,
        1.0000, 0.0000, 2.0000, 2.0000, 0.0000, 0.7500, 1.0000, 0.5000, 0.0000,
        1.0000, 0.0000, 3.0000, 2.0000, 0.0000, 0.0000, 0.0000, 0.0000, 0.0000,
        2.0000, 0.0000, 1.2500, 0.0000, 0.0000, 0.0000, 2.0000, 2.0000, 0.0000,
        2.0000, 2.0000, 2.0000, 0.2500, 1.0000, 1.0000, 2.0000, 0.5000, 1.0000,
        2.0000, 0.0000], device='npu:2', dtype=torch.bfloat16), Error Bound: tensor([20.6250, 16.3750,  7.0938,  6.7188,  7.8438, 18.8750, 22.1250, 10.0000,
        13.7500,  6.4688, 12.8125,  8.3750,  8.8125,  8.1875, 16.2500, 12.3750,
         8.1250,  7.5312, 13.7500, 15.1875, 13.4375, 12.0625, 11.2500, 11.1875,
         7.8438,  8.2500, 12.6250, 14.5625,  8.8125, 14.1875,  7.1562,  6.6250,
        15.3750, 15.1875, 10.2500,  8.2500,  8.2500, 16.1250, 13.1250, 11.8125,
        10.2500, 19.6250, 12.9375, 21.0000,  7.4375,  7.2812, 24.6250, 10.8125,
         9.4375, 19.2500,  9.6250, 16.3750, 18.3750, 39.2500,  6.1562, 14.0000,
        19.3750,  7.0312,  9.6875, 12.2500,  9.8125, 10.3750, 14.9375,  6.1562,
        33.0000,  8.9375,  8.2500, 22.1250,  7.1875, 19.5000, 17.0000, 21.0000,
         8.8750,  5.7188, 12.3125, 13.2500,  6.6250, 13.1250, 14.6250, 18.5000,
        18.6250,  8.3750, 11.7500, 14.0000, 13.2500,  6.4688,  7.5938, 18.1250,
        14.8750, 12.9375, 15.5000, 10.9375,  8.1875,  8.5000, 21.5000, 14.3750,
        20.2500, 16.3750, 11.8125, 10.1875, 14.1875, 12.3750, 11.3750, 20.7500,
         9.4375,  8.1875, 14.3750, 14.5625, 12.5000, 30.1250, 12.1875,  8.5000,
        21.5000, 12.0625, 24.0000, 21.5000, 11.1875,  9.3750,  7.5938, 11.1875,
        31.6250, 12.5000, 14.7500,  8.4375, 16.7500,  7.2812,  7.3750, 19.7500],
       device='npu:2', dtype=torch.bfloat16)
C_sum: tensor([[ 5.3200e+02],
        [ 8.7200e+02],
        [-1.6700e+02],
        [-5.3200e+02],
        [ 2.1800e+02],
        [-3.5800e+02],
        [-3.8400e+02],
        [-1.7400e+02],
        [ 9.6400e+02],
        [-1.0040e+03],
        [-6.1562e+00],
        [-3.6000e+01],
        [ 3.4600e+02],
        [ 6.8000e+02],
        [ 3.6400e+02],
        [-4.6000e+02],
        [ 3.5750e+01],
        [-3.5000e+02],
        [ 2.4400e+02],
        [ 1.0850e+02],
        [ 9.4400e+02],
        [ 5.9250e+01],
        [-1.2656e+00],
        [ 3.1400e+02],
        [-3.2800e+02],
        [ 9.1200e+02],
        [-7.2500e+01],
        [ 4.7400e+02],
        [ 5.8800e+02],
        [ 1.1120e+03],
        [-2.6200e+02],
        [ 1.3100e+02],
        [-8.6000e+02],
        [ 4.4200e+02],
        [-6.4800e+02],
        [-5.6400e+02],
        [-4.4800e+02],
        [ 3.9000e+02],
        [ 2.3200e+02],
        [-1.2400e+03],
        [-5.2800e+02],
        [-8.6400e+02],
        [-1.5200e+03],
        [ 7.1600e+02],
        [ 2.7000e+02],
        [ 1.2160e+03],
        [ 3.4200e+02],
        [-4.7200e+02],
        [-5.5750e+01],
        [-2.5600e+02],
        [ 1.0938e+01],
        [-8.4800e+02],
        [-8.9000e+01],
        [ 5.3600e+02],
        [ 9.5500e+01],
        [ 7.1500e+01],
        [-1.5000e+02],
        [ 2.2000e+02],
        [ 4.7200e+02],
        [-5.2000e+02],
        [ 2.7600e+02],
        [-3.9200e+02],
        [ 3.6600e+02],
        [ 9.2800e+02],
        [ 6.9600e+02],
        [-6.4000e+02],
        [-5.5000e+01],
        [-7.4000e+02],
        [-1.6200e+02],
        [-8.3500e+01],
        [-1.2050e+02],
        [-8.0800e+02],
        [-1.3920e+03],
        [ 6.3200e+02],
        [-1.8700e+02],
        [ 6.5600e+02],
        [ 7.1600e+02],
        [ 3.5200e+02],
        [ 4.2000e+02],
        [ 6.9500e+01],
        [-8.3600e+02],
        [ 2.3500e+02],
        [-2.3100e+02],
        [ 2.2400e+02],
        [-5.7600e+02],
        [-8.9600e+02],
        [-2.9000e+02],
        [ 3.4800e+02],
        [-8.4000e+01],
        [ 3.7200e+02],
        [-2.9800e+02],
        [-4.6000e+02],
        [-5.5600e+02],
        [ 2.1000e+02],
        [-4.0750e+01],
        [-5.1200e+02],
        [-3.4600e+02],
        [-1.7500e+02],
        [ 1.6480e+03],
        [ 1.8500e+02],
        [-3.3200e+02],
        [ 5.4400e+02],
        [ 1.0800e+03],
        [ 5.9600e+02],
        [-1.9700e+02],
        [ 6.9600e+02],
        [-9.0400e+02],
        [ 3.4000e+02],
        [ 2.0000e+01],
        [-5.7250e+01],
        [-1.4900e+02],
        [ 5.3200e+02],
        [-3.1600e+02],
        [ 1.2960e+03],
        [-6.4800e+02],
        [-4.1200e+02],
        [ 9.2800e+02],
        [ 4.3800e+02],
        [-6.7200e+02],
        [ 2.2375e+01],
        [ 4.9000e+02],
        [-1.7400e+02],
        [ 3.9600e+02],
        [-9.5000e+01],
        [ 7.4800e+02],
        [-2.3900e+02],
        [ 4.5200e+02],
        [ 4.2500e+01]], device='npu:2', dtype=torch.bfloat16), C_check: tensor([  532.0000,   872.0000,  -167.0000,  -528.0000,   218.0000,  -358.0000,
         -384.0000,  -174.0000,   964.0000, -1004.0000,    -6.5625,   -36.5000,
          350.0000,   680.0000,   362.0000,  -458.0000,    36.2500,  -348.0000,
          244.0000,   107.5000,   944.0000,    59.7500,    -2.8906,   316.0000,
         -330.0000,   912.0000,   -72.0000,   474.0000,   588.0000,  1112.0000,
         -262.0000,   131.0000,  -860.0000,   442.0000,  -648.0000,  -568.0000,
         -446.0000,   390.0000,   233.0000, -1240.0000,  -528.0000,  -864.0000,
        -1520.0000,   716.0000,   274.0000,  1224.0000,   344.0000,  -474.0000,
          -55.7500,  -254.0000,    11.3125,  -852.0000,   -89.0000,   536.0000,
           94.0000,    70.0000,  -151.0000,   223.0000,   472.0000,  -520.0000,
          276.0000,  -392.0000,   366.0000,   924.0000,   696.0000,  -640.0000,
          -53.2500,  -740.0000,  -162.0000,   -83.0000,  -119.5000,  -808.0000,
        -1400.0000,   632.0000,  -185.0000,   656.0000,   716.0000,   352.0000,
          418.0000,    69.5000,  -836.0000,   234.0000,  -231.0000,   225.0000,
         -580.0000,  -896.0000,  -290.0000,   346.0000,   -85.5000,   372.0000,
         -298.0000,  -458.0000,  -556.0000,   211.0000,   -43.0000,  -516.0000,
         -346.0000,  -175.0000,  1648.0000,   184.0000,  -334.0000,   544.0000,
         1080.0000,   592.0000,  -196.0000,   696.0000,  -904.0000,   340.0000,
           20.8750,   -56.5000,  -151.0000,   532.0000,  -316.0000,  1296.0000,
         -648.0000,  -412.0000,   924.0000,   436.0000,  -672.0000,    22.5000,
          490.0000,  -173.0000,   396.0000,   -98.5000,   748.0000,  -238.0000,
          450.0000,    45.5000], device='npu:2', dtype=torch.bfloat16), Diff: tensor([0.0000, 0.0000, 0.0000, 4.0000, 0.0000, 0.0000, 0.0000, 0.0000, 0.0000,
        0.0000, 0.4062, 0.5000, 4.0000, 0.0000, 2.0000, 2.0000, 0.5000, 2.0000,
        0.0000, 1.0000, 0.0000, 0.5000, 1.6250, 2.0000, 2.0000, 0.0000, 0.5000,
        0.0000, 0.0000, 0.0000, 0.0000, 0.0000, 0.0000, 0.0000, 0.0000, 4.0000,
        2.0000, 0.0000, 1.0000, 0.0000, 0.0000, 0.0000, 0.0000, 0.0000, 4.0000,
        8.0000, 2.0000, 2.0000, 0.0000, 2.0000, 0.3750, 4.0000, 0.0000, 0.0000,
        1.5000, 1.5000, 1.0000, 3.0000, 0.0000, 0.0000, 0.0000, 0.0000, 0.0000,
        4.0000, 0.0000, 0.0000, 1.7500, 0.0000, 0.0000, 0.5000, 1.0000, 0.0000,
        8.0000, 0.0000, 2.0000, 0.0000, 0.0000, 0.0000, 2.0000, 0.0000, 0.0000,
        1.0000, 0.0000, 1.0000, 4.0000, 0.0000, 0.0000, 2.0000, 1.5000, 0.0000,
        0.0000, 2.0000, 0.0000, 1.0000, 2.2500, 4.0000, 0.0000, 0.0000, 0.0000,
        1.0000, 2.0000, 0.0000, 0.0000, 4.0000, 1.0000, 0.0000, 0.0000, 0.0000,
        0.8750, 0.7500, 2.0000, 0.0000, 0.0000, 0.0000, 0.0000, 0.0000, 4.0000,
        2.0000, 0.0000, 0.1250, 0.0000, 1.0000, 0.0000, 3.5000, 0.0000, 1.0000,
        2.0000, 3.0000], device='npu:2', dtype=torch.bfloat16), Error Bound: tensor([ 7.1562, 14.5000,  7.1562, 29.0000,  7.1562,  9.1250,  9.3750, 14.8750,
        28.5000,  6.9688,  7.3750, 11.8125,  6.0000, 31.3750, 19.8750, 22.8750,
        16.5000,  8.0000,  9.5000, 20.3750, 16.0000, 13.4375,  6.4062, 15.0625,
        11.6250,  8.9375, 19.6250,  9.1875, 16.7500, 11.6250, 18.5000,  8.5625,
         6.8750,  5.8750,  6.4688, 10.9375, 13.7500, 12.3125, 22.1250, 11.2500,
         9.3750, 15.6875,  7.8125, 22.7500,  9.1250, 12.0000, 13.2500, 32.2500,
         6.4688, 11.6250, 12.8125, 12.0000,  8.4375, 11.6250, 13.7500,  5.7500,
        16.6250, 16.1250, 21.2500,  6.9688, 12.8750, 17.6250, 13.7500, 12.7500,
        11.3750, 16.2500,  8.9375,  6.3125,  7.8438, 12.8750, 21.2500,  8.3125,
         5.6875,  7.9062, 13.1250, 15.8125, 18.2500,  9.8125,  8.5625, 16.0000,
        17.8750, 13.4375, 28.6250, 27.0000, 10.3125,  6.5625, 18.5000, 14.5000,
        11.7500, 12.5000, 18.6250, 17.5000, 25.1250,  7.5625,  9.6250, 10.2500,
         5.9062, 17.6250, 22.1250, 13.7500, 16.7500, 11.6250,  8.3750, 17.0000,
         8.9375, 11.5000, 15.0625,  8.1875, 21.5000,  7.2812, 18.5000,  5.7188,
         8.2500, 17.7500,  7.3750,  5.7500, 10.3125, 19.2500,  7.6875, 11.3750,
        26.2500, 16.0000, 12.9375, 17.8750, 13.6250, 10.1875,  5.6875, 22.1250],
       device='npu:2', dtype=torch.bfloat16)
