run_id,timestamp,commit,hostname,device,torch_version,torch_npu_version,python_version,seed,base_seed,M,N,K,dtype,distribution,bit,C,refresh_interval,p_inject,total_blocks,all_injected,nan_injected,inf_injected,finite_injected,injected_rows,detected_rows,false_rows,clean_rows,injected_blocks,detected_blocks,false_blocks,clean_blocks,localized,row_DR,block_DR,row_FPR,block_FPR,localization_R,conditional_localization_R,nan_rate,inf_rate,e_max,c_sigma,encoding
20261002T074546Z,2026-10-02T07:45:46.387974+00:00,c2e1a5d38dfc92996309e1e4df5f070b41e7ae38,atlas-47,npu:0,2.7.1+cpu,2.7.1.post10,3.9.9,5217234771143390765,1790927145632619964,1024,1024,1024,bf16,"N(1,1)",7,10000,256,0.5,320000,160147,0,0,160147,160147,0,0,40799853,160147,0,0,159853,0,0.0,0.0,0.0,0.0,0.0,,0.0,0.0,0.008,5.39,linear_centered_per_block
20261002T074546Z,2026-10-02T07:45:46.387974+00:00,c2e1a5d38dfc92996309e1e4df5f070b41e7ae38,atlas-47,npu:0,2.7.1+cpu,2.7.1.post10,3.9.9,6516505060388610597,1790927145632619964,1024,1024,1024,bf16,"N(1,1)",8,10000,256,0.5,320000,160228,0,0,160228,160228,2104,0,40799772,160228,2104,0,159772,891,0.013131287914721523,0.013131287914721523,0.0,0.0,0.005560825823201937,0.4234790874524715,0.0,0.0,0.008,5.39,linear_centered_per_block
20261002T074546Z,2026-10-02T07:45:46.387974+00:00,c2e1a5d38dfc92996309e1e4df5f070b41e7ae38,atlas-47,npu:0,2.7.1+cpu,2.7.1.post10,3.9.9,7907268674063645071,1790927145632619964,1024,1024,1024,bf16,"N(1,1)",9,10000,256,0.5,320000,160048,0,0,160048,160048,160048,0,40799952,160048,160048,0,159952,157124,1.0,1.0,0.0,0.0,0.9817304808557433,0.9817304808557433,0.0,0.0,0.008,5.39,linear_centered_per_block
20261002T074546Z,2026-10-02T07:45:46.387974+00:00,c2e1a5d38dfc92996309e1e4df5f070b41e7ae38,atlas-47,npu:0,2.7.1+cpu,2.7.1.post10,3.9.9,333155068288786363,1790927145632619964,1024,1024,1024,bf16,"N(1,1)",10,10000,256,0.5,320000,159838,0,0,159838,159838,0,0,40800162,159838,0,0,160162,0,0.0,0.0,0.0,0.0,0.0,,0.0,0.0,0.008,5.39,linear_centered_per_block
20261002T074546Z,2026-10-02T07:45:46.387974+00:00,c2e1a5d38dfc92996309e1e4df5f070b41e7ae38,atlas-47,npu:0,2.7.1+cpu,2.7.1.post10,3.9.9,6509287722715425818,1790927145632619964,1024,1024,1024,bf16,"N(1,1)",11,10000,256,0.5,320000,159942,0,0,159942,159942,159942,0,40800058,159942,159942,0,160058,159942,1.0,1.0,0.0,0.0,1.0,1.0,0.0,0.0,0.008,5.39,linear_centered_per_block
20261002T074546Z,2026-10-02T07:45:46.387974+00:00,c2e1a5d38dfc92996309e1e4df5f070b41e7ae38,atlas-47,npu:0,2.7.1+cpu,2.7.1.post10,3.9.9,8469207010873238110,1790927145632619964,1024,1024,1024,bf16,"N(1,1)",12,10000,256,0.5,320000,159823,0,0,159823,159823,159823,0,40800177,159823,159823,0,160177,159823,1.0,1.0,0.0,0.0,1.0,1.0,0.0,0.0,0.008,5.39,linear_centered_per_block
20261002T074546Z,2026-10-02T07:45:46.387974+00:00,c2e1a5d38dfc92996309e1e4df5f070b41e7ae38,atlas-47,npu:0,2.7.1+cpu,2.7.1.post10,3.9.9,4220620421977130444,1790927145632619964,1024,1024,1024,bf16,"N(1,1)",13,10000,256,0.5,320000,159519,0,0,159519,159519,159519,0,40800481,159519,159519,0,160481,159519,1.0,1.0,0.0,0.0,1.0,1.0,0.0,0.0,0.008,5.39,linear_centered_per_block
20261002T074546Z,2026-10-02T07:45:46.387974+00:00,c2e1a5d38dfc92996309e1e4df5f070b41e7ae38,atlas-47,npu:0,2.7.1+cpu,2.7.1.post10,3.9.9,3975077543426156242,1790927145632619964,1024,1024,1024,bf16,"N(1,1)",14,10000,256,0.5,320000,159819,0,0,159819,159819,0,0,40800181,159819,0,0,160181,0,0.0,0.0,0.0,0.0,0.0,,0.0,0.0,0.008,5.39,linear_centered_per_block
20261002T074546Z,2026-10-02T07:45:46.387974+00:00,c2e1a5d38dfc92996309e1e4df5f070b41e7ae38,atlas-47,npu:0,2.7.1+cpu,2.7.1.post10,3.9.9,3322950898574458244,1790927145632619964,1024,1024,1024,bf16,"N(1e-6,1)",7,10000,256,0.5,320000,160222,0,0,160222,160222,0,0,40799778,160222,0,0,159778,0,0.0,0.0,0.0,0.0,0.0,,0.0,0.0,0.008,5.39,linear_centered_per_block
20261002T074546Z,2026-10-02T07:45:46.387974+00:00,c2e1a5d38dfc92996309e1e4df5f070b41e7ae38,atlas-47,npu:0,2.7.1+cpu,2.7.1.post10,3.9.9,3805877387040223240,1790927145632619964,1024,1024,1024,bf16,"N(1e-6,1)",8,10000,256,0.5,320000,159751,0,0,159751,159751,765,0,40800249,159751,765,0,160249,667,0.004788702418138228,0.004788702418138228,0.0,0.0,0.00417524772927869,0.8718954248366013,0.0,0.0,0.008,5.39,linear_centered_per_block
20261002T074546Z,2026-10-02T07:45:46.387974+00:00,c2e1a5d38dfc92996309e1e4df5f070b41e7ae38,atlas-47,npu:0,2.7.1+cpu,2.7.1.post10,3.9.9,6921713255552837824,1790927145632619964,1024,1024,1024,bf16,"N(1e-6,1)",9,10000,256,0.5,320000,159709,0,0,159709,159709,40184,0,40800291,159709,40184,0,160291,38152,0.2516076113431303,0.2516076113431303,0.0,0.0,0.23888447113187108,0.9494326099940275,0.0,0.0,0.008,5.39,linear_centered_per_block
20261002T074546Z,2026-10-02T07:45:46.387974+00:00,c2e1a5d38dfc92996309e1e4df5f070b41e7ae38,atlas-47,npu:0,2.7.1+cpu,2.7.1.post10,3.9.9,525824929965594443,1790927145632619964,1024,1024,1024,bf16,"N(1e-6,1)",10,10000,256,0.5,320000,160326,0,0,160326,160326,152245,0,40799674,160326,152245,0,159674,152230,0.949596447238751,0.949596447238751,0.0,0.0,0.949502887865973,0.9999014745968668,0.0,0.0,0.008,5.39,linear_centered_per_block
20261002T074546Z,2026-10-02T07:45:46.387974+00:00,c2e1a5d38dfc92996309e1e4df5f070b41e7ae38,atlas-47,npu:0,2.7.1+cpu,2.7.1.post10,3.9.9,6989485553751627540,1790927145632619964,1024,1024,1024,bf16,"N(1e-6,1)",11,10000,256,0.5,320000,159741,0,0,159741,159741,151845,0,40800259,159741,151845,0,160259,151845,0.9505699851634833,0.9505699851634833,0.0,0.0,0.9505699851634833,1.0,0.0,0.0,0.008,5.39,linear_centered_per_block
20261002T074546Z,2026-10-02T07:45:46.387974+00:00,c2e1a5d38dfc92996309e1e4df5f070b41e7ae38,atlas-47,npu:0,2.7.1+cpu,2.7.1.post10,3.9.9,6937708597598499179,1790927145632619964,1024,1024,1024,bf16,"N(1e-6,1)",12,10000,256,0.5,320000,159834,0,0,159834,159834,151774,0,40800166,159834,151774,0,160166,151774,0.9495726816572194,0.9495726816572194,0.0,0.0,0.9495726816572194,1.0,0.0,0.0,0.008,5.39,linear_centered_per_block
20261002T074546Z,2026-10-02T07:45:46.387974+00:00,c2e1a5d38dfc92996309e1e4df5f070b41e7ae38,atlas-47,npu:0,2.7.1+cpu,2.7.1.post10,3.9.9,1009299920977188594,1790927145632619964,1024,1024,1024,bf16,"N(1e-6,1)",13,10000,256,0.5,320000,160020,0,0,160020,160020,151963,0,40799980,160020,151963,0,159980,151963,0.9496500437445319,0.9496500437445319,0.0,0.0,0.9496500437445319,1.0,0.0,0.0,0.008,5.39,linear_centered_per_block
20261002T074546Z,2026-10-02T07:45:46.387974+00:00,c2e1a5d38dfc92996309e1e4df5f070b41e7ae38,atlas-47,npu:0,2.7.1+cpu,2.7.1.post10,3.9.9,3931480914905685229,1790927145632619964,1024,1024,1024,bf16,"N(1e-6,1)",14,10000,256,0.5,320000,160227,4047,18,156162,156180,3959,0,40799773,156180,3959,0,159773,190,0.02534895633243693,0.02534895633243693,0.0,0.0,0.0012165450121654502,0.047991917150795656,0.025257915332621842,0.00011234061674998596,0.008,5.39,linear_centered_per_block
20261002T074546Z,2026-10-02T07:45:46.387974+00:00,c2e1a5d38dfc92996309e1e4df5f070b41e7ae38,atlas-47,npu:0,2.7.1+cpu,2.7.1.post10,3.9.9,5465599435968871360,1790927145632619964,1024,1024,1024,bf16,TruncN,7,10000,256,0.5,320000,159962,0,0,159962,159962,0,0,40800038,159962,0,0,160038,0,0.0,0.0,0.0,0.0,0.0,,0.0,0.0,0.008,5.39,linear_centered_per_block
20261002T074546Z,2026-10-02T07:45:46.387974+00:00,c2e1a5d38dfc92996309e1e4df5f070b41e7ae38,atlas-47,npu:0,2.7.1+cpu,2.7.1.post10,3.9.9,4382697078831305325,1790927145632619964,1024,1024,1024,bf16,TruncN,8,10000,256,0.5,320000,159796,0,0,159796,159796,159796,0,40800204,159796,159796,0,160204,67011,1.0,1.0,0.0,0.0,0.41935342561766253,0.41935342561766253,0.0,0.0,0.008,5.39,linear_centered_per_block
20261002T074546Z,2026-10-02T07:45:46.387974+00:00,c2e1a5d38dfc92996309e1e4df5f070b41e7ae38,atlas-47,npu:0,2.7.1+cpu,2.7.1.post10,3.9.9,3882868964991425382,1790927145632619964,1024,1024,1024,bf16,TruncN,9,10000,256,0.5,320000,160469,0,0,160469,160469,160469,0,40799531,160469,160469,0,159531,157370,1.0,1.0,0.0,0.0,0.9806878587141442,0.9806878587141442,0.0,0.0,0.008,5.39,linear_centered_per_block
20261002T074546Z,2026-10-02T07:45:46.387974+00:00,c2e1a5d38dfc92996309e1e4df5f070b41e7ae38,atlas-47,npu:0,2.7.1+cpu,2.7.1.post10,3.9.9,2491433165789486918,1790927145632619964,1024,1024,1024,bf16,TruncN,10,10000,256,0.5,320000,160176,0,0,160176,160176,0,0,40799824,160176,0,0,159824,0,0.0,0.0,0.0,0.0,0.0,,0.0,0.0,0.008,5.39,linear_centered_per_block
20261002T074546Z,2026-10-02T07:45:46.387974+00:00,c2e1a5d38dfc92996309e1e4df5f070b41e7ae38,atlas-47,npu:0,2.7.1+cpu,2.7.1.post10,3.9.9,6088297890791758343,1790927145632619964,1024,1024,1024,bf16,TruncN,11,10000,256,0.5,320000,159701,0,0,159701,159701,159701,0,40800299,159701,159701,0,160299,159701,1.0,1.0,0.0,0.0,1.0,1.0,0.0,0.0,0.008,5.39,linear_centered_per_block
20261002T074546Z,2026-10-02T07:45:46.387974+00:00,c2e1a5d38dfc92996309e1e4df5f070b41e7ae38,atlas-47,npu:0,2.7.1+cpu,2.7.1.post10,3.9.9,905942527077010587,1790927145632619964,1024,1024,1024,bf16,TruncN,12,10000,256,0.5,320000,159780,0,0,159780,159780,159780,0,40800220,159780,159780,0,160220,159780,1.0,1.0,0.0,0.0,1.0,1.0,0.0,0.0,0.008,5.39,linear_centered_per_block
20261002T074546Z,2026-10-02T07:45:46.387974+00:00,c2e1a5d38dfc92996309e1e4df5f070b41e7ae38,atlas-47,npu:0,2.7.1+cpu,2.7.1.post10,3.9.9,8909956174454565213,1790927145632619964,1024,1024,1024,bf16,TruncN,13,10000,256,0.5,320000,160125,0,0,160125,160125,160125,0,40799875,160125,160125,0,159875,160125,1.0,1.0,0.0,0.0,1.0,1.0,0.0,0.0,0.008,5.39,linear_centered_per_block
20261002T074546Z,2026-10-02T07:45:46.387974+00:00,c2e1a5d38dfc92996309e1e4df5f070b41e7ae38,atlas-47,npu:0,2.7.1+cpu,2.7.1.post10,3.9.9,773054565245628848,1790927145632619964,1024,1024,1024,bf16,TruncN,14,10000,256,0.5,320000,159742,0,0,159742,159742,0,0,40800258,159742,0,0,160258,0,0.0,0.0,0.0,0.0,0.0,,0.0,0.0,0.008,5.39,linear_centered_per_block
20261002T074546Z,2026-10-02T07:45:46.387974+00:00,c2e1a5d38dfc92996309e1e4df5f070b41e7ae38,atlas-47,npu:0,2.7.1+cpu,2.7.1.post10,3.9.9,8943117949847117964,1790927145632619964,1024,1024,1024,bf16,"U(-1,1)",7,10000,256,0.5,320000,159695,0,0,159695,159695,130,0,40800305,159695,130,0,160305,65,0.0008140517862174771,0.0008140517862174771,0.0,0.0,0.00040702589310873854,0.5,0.0,0.0,0.008,5.39,linear_centered_per_block
20261002T074546Z,2026-10-02T07:45:46.387974+00:00,c2e1a5d38dfc92996309e1e4df5f070b41e7ae38,atlas-47,npu:0,2.7.1+cpu,2.7.1.post10,3.9.9,3972867587187869572,1790927145632619964,1024,1024,1024,bf16,"U(-1,1)",8,10000,256,0.5,320000,159792,0,0,159792,159792,424,0,40800208,159792,424,0,160208,391,0.0026534494843296285,0.0026534494843296285,0.0,0.0,0.0024469310103134075,0.9221698113207547,0.0,0.0,0.008,5.39,linear_centered_per_block
20261002T074546Z,2026-10-02T07:45:46.387974+00:00,c2e1a5d38dfc92996309e1e4df5f070b41e7ae38,atlas-47,npu:0,2.7.1+cpu,2.7.1.post10,3.9.9,8618994126925784391,1790927145632619964,1024,1024,1024,bf16,"U(-1,1)",9,10000,256,0.5,320000,159878,0,0,159878,159878,131508,0,40800122,159878,131508,0,160122,117880,0.8225521960494877,0.8225521960494877,0.0,0.0,0.7373122005529216,0.8963713234175867,0.0,0.0,0.008,5.39,linear_centered_per_block
20261002T074546Z,2026-10-02T07:45:46.387974+00:00,c2e1a5d38dfc92996309e1e4df5f070b41e7ae38,atlas-47,npu:0,2.7.1+cpu,2.7.1.post10,3.9.9,8807008054798472326,1790927145632619964,1024,1024,1024,bf16,"U(-1,1)",10,10000,256,0.5,320000,159854,0,0,159854,159854,136110,0,40800146,159854,136110,0,160146,136110,0.8514644613209553,0.8514644613209553,0.0,0.0,0.8514644613209553,1.0,0.0,0.0,0.008,5.39,linear_centered_per_block
20261002T074546Z,2026-10-02T07:45:46.387974+00:00,c2e1a5d38dfc92996309e1e4df5f070b41e7ae38,atlas-47,npu:0,2.7.1+cpu,2.7.1.post10,3.9.9,6942127173887319680,1790927145632619964,1024,1024,1024,bf16,"U(-1,1)",11,10000,256,0.5,320000,160389,0,0,160389,160389,136547,0,40799611,160389,136547,0,159611,136547,0.851348907967504,0.851348907967504,0.0,0.0,0.851348907967504,1.0,0.0,0.0,0.008,5.39,linear_centered_per_block
20261002T074546Z,2026-10-02T07:45:46.387974+00:00,c2e1a5d38dfc92996309e1e4df5f070b41e7ae38,atlas-47,npu:0,2.7.1+cpu,2.7.1.post10,3.9.9,2824409674065858922,1790927145632619964,1024,1024,1024,bf16,"U(-1,1)",12,10000,256,0.5,320000,160346,0,0,160346,160346,136420,0,40799654,160346,136420,0,159654,136420,0.8507851770546194,0.8507851770546194,0.0,0.0,0.8507851770546194,1.0,0.0,0.0,0.008,5.39,linear_centered_per_block
20261002T074546Z,2026-10-02T07:45:46.387974+00:00,c2e1a5d38dfc92996309e1e4df5f070b41e7ae38,atlas-47,npu:0,2.7.1+cpu,2.7.1.post10,3.9.9,8917591117556638615,1790927145632619964,1024,1024,1024,bf16,"U(-1,1)",13,10000,256,0.5,320000,160023,0,0,160023,160023,136177,0,40799977,160023,136177,0,159977,136177,0.8509839210613475,0.8509839210613475,0.0,0.0,0.8509839210613475,1.0,0.0,0.0,0.008,5.39,linear_centered_per_block
20261002T074546Z,2026-10-02T07:45:46.387974+00:00,c2e1a5d38dfc92996309e1e4df5f070b41e7ae38,atlas-47,npu:0,2.7.1+cpu,2.7.1.post10,3.9.9,3012299270151650522,1790927145632619964,1024,1024,1024,bf16,"U(-1,1)",14,10000,256,0.5,320000,159712,11522,76,148114,148190,12169,0,40800288,148190,12169,0,160288,608,0.08211755179161886,0.08211755179161886,0.0,0.0,0.00410284094743235,0.04996302079053332,0.07214235624123422,0.0004758565417751954,0.008,5.39,linear_centered_per_block
20261002T074546Z,2026-10-02T07:45:46.387974+00:00,c2e1a5d38dfc92996309e1e4df5f070b41e7ae38,atlas-47,npu:0,2.7.1+cpu,2.7.1.post10,3.9.9,6157127105964715267,1790927145632619964,1024,1024,1024,fp32,"N(1,1)",23,10000,256,0.5,320000,160112,0,0,160112,160112,160112,0,40799888,160112,160112,0,159888,160112,1.0,1.0,0.0,0.0,1.0,1.0,0.0,0.0,1.377e-06,5.39,linear_centered_per_block
20261002T074546Z,2026-10-02T07:45:46.387974+00:00,c2e1a5d38dfc92996309e1e4df5f070b41e7ae38,atlas-47,npu:0,2.7.1+cpu,2.7.1.post10,3.9.9,4210111722956553453,1790927145632619964,1024,1024,1024,fp32,"N(1,1)",24,10000,256,0.5,320000,160093,0,0,160093,160093,160093,0,40799907,160093,160093,0,159907,160093,1.0,1.0,0.0,0.0,1.0,1.0,0.0,0.0,1.377e-06,5.39,linear_centered_per_block
20261002T074546Z,2026-10-02T07:45:46.387974+00:00,c2e1a5d38dfc92996309e1e4df5f070b41e7ae38,atlas-47,npu:0,2.7.1+cpu,2.7.1.post10,3.9.9,6903405856904501249,1790927145632619964,1024,1024,1024,fp32,"N(1,1)",25,10000,256,0.5,320000,159528,0,0,159528,159528,159528,0,40800472,159528,159528,0,160472,159528,1.0,1.0,0.0,0.0,1.0,1.0,0.0,0.0,1.377e-06,5.39,linear_centered_per_block
20261002T074546Z,2026-10-02T07:45:46.387974+00:00,c2e1a5d38dfc92996309e1e4df5f070b41e7ae38,atlas-47,npu:0,2.7.1+cpu,2.7.1.post10,3.9.9,3155910192355983129,1790927145632619964,1024,1024,1024,fp32,"N(1,1)",26,10000,256,0.5,320000,159818,0,0,159818,159818,159818,0,40800182,159818,159818,0,160182,159818,1.0,1.0,0.0,0.0,1.0,1.0,0.0,0.0,1.377e-06,5.39,linear_centered_per_block
20261002T074546Z,2026-10-02T07:45:46.387974+00:00,c2e1a5d38dfc92996309e1e4df5f070b41e7ae38,atlas-47,npu:0,2.7.1+cpu,2.7.1.post10,3.9.9,7528970839016856440,1790927145632619964,1024,1024,1024,fp32,"N(1,1)",27,10000,256,0.5,320000,159959,0,0,159959,159959,159959,0,40800041,159959,159959,0,160041,159959,1.0,1.0,0.0,0.0,1.0,1.0,0.0,0.0,1.377e-06,5.39,linear_centered_per_block
20261002T074546Z,2026-10-02T07:45:46.387974+00:00,c2e1a5d38dfc92996309e1e4df5f070b41e7ae38,atlas-47,npu:0,2.7.1+cpu,2.7.1.post10,3.9.9,4814745961962996884,1790927145632619964,1024,1024,1024,fp32,"N(1,1)",28,10000,256,0.5,320000,160483,0,0,160483,160483,160483,0,40799517,160483,160483,0,159517,160483,1.0,1.0,0.0,0.0,1.0,1.0,0.0,0.0,1.377e-06,5.39,linear_centered_per_block
20261002T074546Z,2026-10-02T07:45:46.387974+00:00,c2e1a5d38dfc92996309e1e4df5f070b41e7ae38,atlas-47,npu:0,2.7.1+cpu,2.7.1.post10,3.9.9,5783691876791988692,1790927145632619964,1024,1024,1024,fp32,"N(1,1)",29,10000,256,0.5,320000,159657,0,0,159657,159657,159657,0,40800343,159657,159657,0,160343,159657,1.0,1.0,0.0,0.0,1.0,1.0,0.0,0.0,1.377e-06,5.39,linear_centered_per_block
20261002T074546Z,2026-10-02T07:45:46.387974+00:00,c2e1a5d38dfc92996309e1e4df5f070b41e7ae38,atlas-47,npu:0,2.7.1+cpu,2.7.1.post10,3.9.9,2476816608519849772,1790927145632619964,1024,1024,1024,fp32,"N(1,1)",30,10000,256,0.5,320000,160172,0,0,160172,160172,160172,0,40799828,160172,160172,0,159828,160172,1.0,1.0,0.0,0.0,1.0,1.0,0.0,0.0,1.377e-06,5.39,linear_centered_per_block
20261002T074546Z,2026-10-02T07:45:46.387974+00:00,c2e1a5d38dfc92996309e1e4df5f070b41e7ae38,atlas-47,npu:0,2.7.1+cpu,2.7.1.post10,3.9.9,6708693355004621548,1790927145632619964,1024,1024,1024,fp32,"N(1e-6,1)",23,10000,256,0.5,320000,160333,0,0,160333,160333,160010,0,40799667,160333,160010,0,159667,159966,0.9979854427971784,0.9979854427971784,0.0,0.0,0.997711013952212,0.9997250171864258,0.0,0.0,1.377e-06,5.39,linear_centered_per_block
20261002T074546Z,2026-10-02T07:45:46.387974+00:00,c2e1a5d38dfc92996309e1e4df5f070b41e7ae38,atlas-47,npu:0,2.7.1+cpu,2.7.1.post10,3.9.9,7201477699867359786,1790927145632619964,1024,1024,1024,fp32,"N(1e-6,1)",24,10000,256,0.5,320000,159681,0,0,159681,159681,159476,0,40800319,159681,159476,0,160319,159433,0.9987161904046192,0.9987161904046192,0.0,0.0,0.9984469035138808,0.9997303669517671,0.0,0.0,1.377e-06,5.39,linear_centered_per_block
20261002T074546Z,2026-10-02T07:45:46.387974+00:00,c2e1a5d38dfc92996309e1e4df5f070b41e7ae38,atlas-47,npu:0,2.7.1+cpu,2.7.1.post10,3.9.9,375605937013185685,1790927145632619964,1024,1024,1024,fp32,"N(1e-6,1)",25,10000,256,0.5,320000,159486,0,0,159486,159486,159466,0,40800514,159486,159466,0,160514,159463,0.9998745971433229,0.9998745971433229,0.0,0.0,0.9998557867148213,0.9999811872123211,0.0,0.0,1.377e-06,5.39,linear_centered_per_block
20261002T074546Z,2026-10-02T07:45:46.387974+00:00,c2e1a5d38dfc92996309e1e4df5f070b41e7ae38,atlas-47,npu:0,2.7.1+cpu,2.7.1.post10,3.9.9,3214532114892334654,1790927145632619964,1024,1024,1024,fp32,"N(1e-6,1)",26,10000,256,0.5,320000,159827,0,0,159827,159827,159660,0,40800173,159827,159660,0,160173,159634,0.9989551202237419,0.9989551202237419,0.0,0.0,0.9987924443304322,0.9998371539521483,0.0,0.0,1.377e-06,5.39,linear_centered_per_block
20261002T074546Z,2026-10-02T07:45:46.387974+00:00,c2e1a5d38dfc92996309e1e4df5f070b41e7ae38,atlas-47,npu:0,2.7.1+cpu,2.7.1.post10,3.9.9,2104814237892584107,1790927145632619964,1024,1024,1024,fp32,"N(1e-6,1)",27,10000,256,0.5,320000,160244,0,0,160244,160244,160060,0,40799756,160244,160060,0,159756,160027,0.9988517510796036,0.9988517510796036,0.0,0.0,0.9986458151319239,0.999793827314757,0.0,0.0,1.377e-06,5.39,linear_centered_per_block
20261002T074546Z,2026-10-02T07:45:46.387974+00:00,c2e1a5d38dfc92996309e1e4df5f070b41e7ae38,atlas-47,npu:0,2.7.1+cpu,2.7.1.post10,3.9.9,2864778973274224781,1790927145632619964,1024,1024,1024,fp32,"N(1e-6,1)",28,10000,256,0.5,320000,159622,0,0,159622,159622,159422,0,40800378,159622,159422,0,160378,159398,0.9987470398817205,0.9987470398817205,0.0,0.0,0.998596684667527,0.9998494561603793,0.0,0.0,1.377e-06,5.39,linear_centered_per_block
20261002T074546Z,2026-10-02T07:45:46.387974+00:00,c2e1a5d38dfc92996309e1e4df5f070b41e7ae38,atlas-47,npu:0,2.7.1+cpu,2.7.1.post10,3.9.9,3712116031346370598,1790927145632619964,1024,1024,1024,fp32,"N(1e-6,1)",29,10000,256,0.5,320000,159784,0,0,159784,159784,159586,0,40800216,159784,159586,0,160216,159551,0.9987608271166074,0.9987608271166074,0.0,0.0,0.9985417814048966,0.9997806825160102,0.0,0.0,1.377e-06,5.39,linear_centered_per_block
20261002T074546Z,2026-10-02T07:45:46.387974+00:00,c2e1a5d38dfc92996309e1e4df5f070b41e7ae38,atlas-47,npu:0,2.7.1+cpu,2.7.1.post10,3.9.9,6146771231970742325,1790927145632619964,1024,1024,1024,fp32,"N(1e-6,1)",30,10000,256,0.5,320000,160337,3983,0,156354,156354,156354,0,40799663,156354,156354,0,159663,152483,1.0,1.0,0.0,0.0,0.9752420788723026,0.9752420788723026,0.024841427742816693,0.0,1.377e-06,5.39,linear_centered_per_block
20261002T074546Z,2026-10-02T07:45:46.387974+00:00,c2e1a5d38dfc92996309e1e4df5f070b41e7ae38,atlas-47,npu:0,2.7.1+cpu,2.7.1.post10,3.9.9,597578786975587842,1790927145632619964,1024,1024,1024,fp32,TruncN,23,10000,256,0.5,320000,160323,0,0,160323,160323,160323,0,40799677,160323,160323,0,159677,160323,1.0,1.0,0.0,0.0,1.0,1.0,0.0,0.0,1.377e-06,5.39,linear_centered_per_block
20261002T074546Z,2026-10-02T07:45:46.387974+00:00,c2e1a5d38dfc92996309e1e4df5f070b41e7ae38,atlas-47,npu:0,2.7.1+cpu,2.7.1.post10,3.9.9,3055731655975785528,1790927145632619964,1024,1024,1024,fp32,TruncN,24,10000,256,0.5,320000,159948,0,0,159948,159948,159948,0,40800052,159948,159948,0,160052,159948,1.0,1.0,0.0,0.0,1.0,1.0,0.0,0.0,1.377e-06,5.39,linear_centered_per_block
20261002T074546Z,2026-10-02T07:45:46.387974+00:00,c2e1a5d38dfc92996309e1e4df5f070b41e7ae38,atlas-47,npu:0,2.7.1+cpu,2.7.1.post10,3.9.9,8267529926672376277,1790927145632619964,1024,1024,1024,fp32,TruncN,25,10000,256,0.5,320000,160162,0,0,160162,160162,160162,0,40799838,160162,160162,0,159838,160162,1.0,1.0,0.0,0.0,1.0,1.0,0.0,0.0,1.377e-06,5.39,linear_centered_per_block
20261002T074546Z,2026-10-02T07:45:46.387974+00:00,c2e1a5d38dfc92996309e1e4df5f070b41e7ae38,atlas-47,npu:0,2.7.1+cpu,2.7.1.post10,3.9.9,6479082183276734645,1790927145632619964,1024,1024,1024,fp32,TruncN,26,10000,256,0.5,320000,159990,0,0,159990,159990,159990,0,40800010,159990,159990,0,160010,159990,1.0,1.0,0.0,0.0,1.0,1.0,0.0,0.0,1.377e-06,5.39,linear_centered_per_block
20261002T074546Z,2026-10-02T07:45:46.387974+00:00,c2e1a5d38dfc92996309e1e4df5f070b41e7ae38,atlas-47,npu:0,2.7.1+cpu,2.7.1.post10,3.9.9,5749842989152945531,1790927145632619964,1024,1024,1024,fp32,TruncN,27,10000,256,0.5,320000,159992,0,0,159992,159992,159992,0,40800008,159992,159992,0,160008,159992,1.0,1.0,0.0,0.0,1.0,1.0,0.0,0.0,1.377e-06,5.39,linear_centered_per_block
20261002T074546Z,2026-10-02T07:45:46.387974+00:00,c2e1a5d38dfc92996309e1e4df5f070b41e7ae38,atlas-47,npu:0,2.7.1+cpu,2.7.1.post10,3.9.9,8814602041600529478,1790927145632619964,1024,1024,1024,fp32,TruncN,28,10000,256,0.5,320000,160188,0,0,160188,160188,160188,0,40799812,160188,160188,0,159812,160188,1.0,1.0,0.0,0.0,1.0,1.0,0.0,0.0,1.377e-06,5.39,linear_centered_per_block
20261002T074546Z,2026-10-02T07:45:46.387974+00:00,c2e1a5d38dfc92996309e1e4df5f070b41e7ae38,atlas-47,npu:0,2.7.1+cpu,2.7.1.post10,3.9.9,3294239664428592607,1790927145632619964,1024,1024,1024,fp32,TruncN,29,10000,256,0.5,320000,160009,0,0,160009,160009,160009,0,40799991,160009,160009,0,159991,160009,1.0,1.0,0.0,0.0,1.0,1.0,0.0,0.0,1.377e-06,5.39,linear_centered_per_block
20261002T074546Z,2026-10-02T07:45:46.387974+00:00,c2e1a5d38dfc92996309e1e4df5f070b41e7ae38,atlas-47,npu:0,2.7.1+cpu,2.7.1.post10,3.9.9,4557013412980484304,1790927145632619964,1024,1024,1024,fp32,TruncN,30,10000,256,0.5,320000,159777,0,0,159777,159777,159777,0,40800223,159777,159777,0,160223,159777,1.0,1.0,0.0,0.0,1.0,1.0,0.0,0.0,1.377e-06,5.39,linear_centered_per_block
20261002T074546Z,2026-10-02T07:45:46.387974+00:00,c2e1a5d38dfc92996309e1e4df5f070b41e7ae38,atlas-47,npu:0,2.7.1+cpu,2.7.1.post10,3.9.9,2756101551369314037,1790927145632619964,1024,1024,1024,fp32,"U(-1,1)",23,10000,256,0.5,320000,159976,0,0,159976,159976,159874,0,40800024,159976,159874,0,160024,159757,0.999362404360654,0.999362404360654,0.0,0.0,0.9986310446566985,0.9992681736867783,0.0,0.0,1.377e-06,5.39,linear_centered_per_block
20261002T074546Z,2026-10-02T07:45:46.387974+00:00,c2e1a5d38dfc92996309e1e4df5f070b41e7ae38,atlas-47,npu:0,2.7.1+cpu,2.7.1.post10,3.9.9,372827208413732625,1790927145632619964,1024,1024,1024,fp32,"U(-1,1)",24,10000,256,0.5,320000,159612,0,0,159612,159612,159525,0,40800388,159612,159525,0,160388,159500,0.9994549282008871,0.9994549282008871,0.0,0.0,0.9992982983735559,0.9998432847516063,0.0,0.0,1.377e-06,5.39,linear_centered_per_block
20261002T074546Z,2026-10-02T07:45:46.387974+00:00,c2e1a5d38dfc92996309e1e4df5f070b41e7ae38,atlas-47,npu:0,2.7.1+cpu,2.7.1.post10,3.9.9,7917470690629090498,1790927145632619964,1024,1024,1024,fp32,"U(-1,1)",25,10000,256,0.5,320000,159637,0,0,159637,159637,159559,0,40800363,159637,159559,0,160363,159546,0.9995113914693962,0.9995113914693962,0.0,0.0,0.9994299567142956,0.9999185254357322,0.0,0.0,1.377e-06,5.39,linear_centered_per_block
20261002T074546Z,2026-10-02T07:45:46.387974+00:00,c2e1a5d38dfc92996309e1e4df5f070b41e7ae38,atlas-47,npu:0,2.7.1+cpu,2.7.1.post10,3.9.9,5884774056928776976,1790927145632619964,1024,1024,1024,fp32,"U(-1,1)",26,10000,256,0.5,320000,160122,0,0,160122,160122,160122,0,40799878,160122,160122,0,159878,160064,1.0,1.0,0.0,0.0,0.9996377761956509,0.9996377761956509,0.0,0.0,1.377e-06,5.39,linear_centered_per_block
20261002T074546Z,2026-10-02T07:45:46.387974+00:00,c2e1a5d38dfc92996309e1e4df5f070b41e7ae38,atlas-47,npu:0,2.7.1+cpu,2.7.1.post10,3.9.9,888759683877943781,1790927145632619964,1024,1024,1024,fp32,"U(-1,1)",27,10000,256,0.5,320000,159601,0,0,159601,159601,159523,0,40800399,159601,159523,0,160399,159442,0.9995112812576362,0.9995112812576362,0.0,0.0,0.9990037656405661,0.9994922362292584,0.0,0.0,1.377e-06,5.39,linear_centered_per_block
20261002T074546Z,2026-10-02T07:45:46.387974+00:00,c2e1a5d38dfc92996309e1e4df5f070b41e7ae38,atlas-47,npu:0,2.7.1+cpu,2.7.1.post10,3.9.9,631582851560095246,1790927145632619964,1024,1024,1024,fp32,"U(-1,1)",28,10000,256,0.5,320000,160224,0,0,160224,160224,160154,0,40799776,160224,160154,0,159776,160078,0.9995631116436988,0.9995631116436988,0.0,0.0,0.9990887757140005,0.9995254567478802,0.0,0.0,1.377e-06,5.39,linear_centered_per_block
20261002T074546Z,2026-10-02T07:45:46.387974+00:00,c2e1a5d38dfc92996309e1e4df5f070b41e7ae38,atlas-47,npu:0,2.7.1+cpu,2.7.1.post10,3.9.9,367736831337128525,1790927145632619964,1024,1024,1024,fp32,"U(-1,1)",29,10000,256,0.5,320000,159896,0,0,159896,159896,159826,0,40800104,159896,159826,0,160104,159757,0.999562215440036,0.999562215440036,0.0,0.0,0.9991306849452144,0.9995682805050492,0.0,0.0,1.377e-06,5.39,linear_centered_per_block
20261002T074546Z,2026-10-02T07:45:46.387974+00:00,c2e1a5d38dfc92996309e1e4df5f070b41e7ae38,atlas-47,npu:0,2.7.1+cpu,2.7.1.post10,3.9.9,9160804198494970052,1790927145632619964,1024,1024,1024,fp32,"U(-1,1)",30,10000,256,0.5,320000,159644,11832,0,147812,147812,147812,0,40800356,147812,147812,0,160356,136383,1.0,1.0,0.0,0.0,0.9226788082158417,0.9226788082158417,0.07411490566510485,0.0,1.377e-06,5.39,linear_centered_per_block
20261002T074546Z,2026-10-02T07:45:46.387974+00:00,c2e1a5d38dfc92996309e1e4df5f070b41e7ae38,atlas-47,npu:0,2.7.1+cpu,2.7.1.post10,3.9.9,7469570375367518318,1790927145632619964,1024,1024,2048,bf16,"N(1,1)",7,10000,256,0.5,320000,159920,0,0,159920,159920,0,0,40800080,159920,0,0,160080,0,0.0,0.0,0.0,0.0,0.0,,0.0,0.0,0.008,5.39,linear_centered_per_block
20261002T074546Z,2026-10-02T07:45:46.387974+00:00,c2e1a5d38dfc92996309e1e4df5f070b41e7ae38,atlas-47,npu:0,2.7.1+cpu,2.7.1.post10,3.9.9,6636070248975067111,1790927145632619964,1024,1024,2048,bf16,"N(1,1)",8,10000,256,0.5,320000,160036,0,0,160036,160036,10125,0,40799964,160036,10125,0,159964,4818,0.06326701492164263,0.06326701492164263,0.0,0.0,0.03010572621160239,0.47585185185185186,0.0,0.0,0.008,5.39,linear_centered_per_block
20261002T074546Z,2026-10-02T07:45:46.387974+00:00,c2e1a5d38dfc92996309e1e4df5f070b41e7ae38,atlas-47,npu:0,2.7.1+cpu,2.7.1.post10,3.9.9,6135887958106659208,1790927145632619964,1024,1024,2048,bf16,"N(1,1)",9,10000,256,0.5,320000,160354,0,0,160354,160354,160354,0,40799646,160354,160354,0,159646,157166,1.0,1.0,0.0,0.0,0.9801189867418337,0.9801189867418337,0.0,0.0,0.008,5.39,linear_centered_per_block
20261002T074546Z,2026-10-02T07:45:46.387974+00:00,c2e1a5d38dfc92996309e1e4df5f070b41e7ae38,atlas-47,npu:0,2.7.1+cpu,2.7.1.post10,3.9.9,8875945088869095584,1790927145632619964,1024,1024,2048,bf16,"N(1,1)",10,10000,256,0.5,320000,159925,0,0,159925,159925,0,0,40800075,159925,0,0,160075,0,0.0,0.0,0.0,0.0,0.0,,0.0,0.0,0.008,5.39,linear_centered_per_block
20261002T074546Z,2026-10-02T07:45:46.387974+00:00,c2e1a5d38dfc92996309e1e4df5f070b41e7ae38,atlas-47,npu:0,2.7.1+cpu,2.7.1.post10,3.9.9,6285628004774277492,1790927145632619964,1024,1024,2048,bf16,"N(1,1)",11,10000,256,0.5,320000,159734,0,0,159734,159734,159734,0,40800266,159734,159734,0,160266,159734,1.0,1.0,0.0,0.0,1.0,1.0,0.0,0.0,0.008,5.39,linear_centered_per_block
20261002T074546Z,2026-10-02T07:45:46.387974+00:00,c2e1a5d38dfc92996309e1e4df5f070b41e7ae38,atlas-47,npu:0,2.7.1+cpu,2.7.1.post10,3.9.9,717463803062995585,1790927145632619964,1024,1024,2048,bf16,"N(1,1)",12,10000,256,0.5,320000,159692,0,0,159692,159692,159692,0,40800308,159692,159692,0,160308,159692,1.0,1.0,0.0,0.0,1.0,1.0,0.0,0.0,0.008,5.39,linear_centered_per_block
20261002T074546Z,2026-10-02T07:45:46.387974+00:00,c2e1a5d38dfc92996309e1e4df5f070b41e7ae38,atlas-47,npu:0,2.7.1+cpu,2.7.1.post10,3.9.9,747223876084096597,1790927145632619964,1024,1024,2048,bf16,"N(1,1)",13,10000,256,0.5,320000,159436,0,0,159436,159436,159436,0,40800564,159436,159436,0,160564,159436,1.0,1.0,0.0,0.0,1.0,1.0,0.0,0.0,0.008,5.39,linear_centered_per_block
20261002T074546Z,2026-10-02T07:45:46.387974+00:00,c2e1a5d38dfc92996309e1e4df5f070b41e7ae38,atlas-47,npu:0,2.7.1+cpu,2.7.1.post10,3.9.9,5402228105291437630,1790927145632619964,1024,1024,2048,bf16,"N(1,1)",14,10000,256,0.5,320000,159854,0,0,159854,159854,0,0,40800146,159854,0,0,160146,0,0.0,0.0,0.0,0.0,0.0,,0.0,0.0,0.008,5.39,linear_centered_per_block
20261002T074546Z,2026-10-02T07:45:46.387974+00:00,c2e1a5d38dfc92996309e1e4df5f070b41e7ae38,atlas-47,npu:0,2.7.1+cpu,2.7.1.post10,3.9.9,8286809267062508315,1790927145632619964,1024,1024,2048,bf16,"N(1e-6,1)",7,10000,256,0.5,320000,160284,0,0,160284,160284,0,0,40799716,160284,0,0,159716,0,0.0,0.0,0.0,0.0,0.0,,0.0,0.0,0.008,5.39,linear_centered_per_block
20261002T074546Z,2026-10-02T07:45:46.387974+00:00,c2e1a5d38dfc92996309e1e4df5f070b41e7ae38,atlas-47,npu:0,2.7.1+cpu,2.7.1.post10,3.9.9,619387846316418003,1790927145632619964,1024,1024,2048,bf16,"N(1e-6,1)",8,10000,256,0.5,320000,159897,0,0,159897,159897,33,0,40800103,159897,33,0,160103,31,0.00020638285896545903,0.00020638285896545903,0.0,0.0,0.00019387480690694634,0.9393939393939394,0.0,0.0,0.008,5.39,linear_centered_per_block
20261002T074546Z,2026-10-02T07:45:46.387974+00:00,c2e1a5d38dfc92996309e1e4df5f070b41e7ae38,atlas-47,npu:0,2.7.1+cpu,2.7.1.post10,3.9.9,1306756406805772789,1790927145632619964,1024,1024,2048,bf16,"N(1e-6,1)",9,10000,256,0.5,320000,159977,0,0,159977,159977,10166,0,40800023,159977,10166,0,160023,9336,0.06354663482875664,0.06354663482875664,0.0,0.0,0.0583583890184214,0.9183553019870155,0.0,0.0,0.008,5.39,linear_centered_per_block
20261002T074546Z,2026-10-02T07:45:46.387974+00:00,c2e1a5d38dfc92996309e1e4df5f070b41e7ae38,atlas-47,npu:0,2.7.1+cpu,2.7.1.post10,3.9.9,3822362418981872931,1790927145632619964,1024,1024,2048,bf16,"N(1e-6,1)",10,10000,256,0.5,320000,160094,0,0,160094,160094,154409,0,40799906,160094,154409,0,159906,154349,0.9644896123527428,0.9644896123527428,0.0,0.0,0.9641148325358851,0.999611421614025,0.0,0.0,0.008,5.39,linear_centered_per_block
20261002T074546Z,2026-10-02T07:45:46.387974+00:00,c2e1a5d38dfc92996309e1e4df5f070b41e7ae38,atlas-47,npu:0,2.7.1+cpu,2.7.1.post10,3.9.9,320136682565904106,1790927145632619964,1024,1024,2048,bf16,"N(1e-6,1)",11,10000,256,0.5,320000,160156,0,0,160156,160156,154556,0,40799844,160156,154556,0,159844,154556,0.9650340917605335,0.9650340917605335,0.0,0.0,0.9650340917605335,1.0,0.0,0.0,0.008,5.39,linear_centered_per_block
20261002T074546Z,2026-10-02T07:45:46.387974+00:00,c2e1a5d38dfc92996309e1e4df5f070b41e7ae38,atlas-47,npu:0,2.7.1+cpu,2.7.1.post10,3.9.9,4537292601524038726,1790927145632619964,1024,1024,2048,bf16,"N(1e-6,1)",12,10000,256,0.5,320000,159741,0,0,159741,159741,154033,0,40800259,159741,154033,0,160259,154033,0.9642671574611402,0.9642671574611402,0.0,0.0,0.9642671574611402,1.0,0.0,0.0,0.008,5.39,linear_centered_per_block
20261002T074546Z,2026-10-02T07:45:46.387974+00:00,c2e1a5d38dfc92996309e1e4df5f070b41e7ae38,atlas-47,npu:0,2.7.1+cpu,2.7.1.post10,3.9.9,7123271310088971748,1790927145632619964,1024,1024,2048,bf16,"N(1e-6,1)",13,10000,256,0.5,320000,159667,0,0,159667,159667,154216,0,40800333,159667,154216,0,160333,154216,0.9658601965340364,0.9658601965340364,0.0,0.0,0.9658601965340364,1.0,0.0,0.0,0.008,5.39,linear_centered_per_block
20261002T074546Z,2026-10-02T07:45:46.387974+00:00,c2e1a5d38dfc92996309e1e4df5f070b41e7ae38,atlas-47,npu:0,2.7.1+cpu,2.7.1.post10,3.9.9,5385375439190208221,1790927145632619964,1024,1024,2048,bf16,"N(1e-6,1)",14,10000,256,0.5,320000,160498,2832,10,157656,157666,2875,0,40799502,157666,2875,0,159502,146,0.018234749406974237,0.018234749406974237,0.0,0.0,0.0009260081437976482,0.050782608695652175,0.017645079689466537,6.230607234981121e-05,0.008,5.39,linear_centered_per_block
20261002T074546Z,2026-10-02T07:45:46.387974+00:00,c2e1a5d38dfc92996309e1e4df5f070b41e7ae38,atlas-47,npu:0,2.7.1+cpu,2.7.1.post10,3.9.9,2370444706327579523,1790927145632619964,1024,1024,2048,bf16,TruncN,7,10000,256,0.5,320000,159363,0,0,159363,159363,0,0,40800637,159363,0,0,160637,0,0.0,0.0,0.0,0.0,0.0,,0.0,0.0,0.008,5.39,linear_centered_per_block
20261002T074546Z,2026-10-02T07:45:46.387974+00:00,c2e1a5d38dfc92996309e1e4df5f070b41e7ae38,atlas-47,npu:0,2.7.1+cpu,2.7.1.post10,3.9.9,7437016045970602212,1790927145632619964,1024,1024,2048,bf16,TruncN,8,10000,256,0.5,320000,160286,0,0,160286,160286,75334,0,40799714,160286,75334,0,159714,33473,0.46999737968381516,0.46999737968381516,0.0,0.0,0.2088329610820658,0.44432792630153717,0.0,0.0,0.008,5.39,linear_centered_per_block
20261002T074546Z,2026-10-02T07:45:46.387974+00:00,c2e1a5d38dfc92996309e1e4df5f070b41e7ae38,atlas-47,npu:0,2.7.1+cpu,2.7.1.post10,3.9.9,5888584254749899759,1790927145632619964,1024,1024,2048,bf16,TruncN,9,10000,256,0.5,320000,160041,0,0,160041,160041,160041,0,40799959,160041,160041,0,159959,156624,1.0,1.0,0.0,0.0,0.9786492211370836,0.9786492211370836,0.0,0.0,0.008,5.39,linear_centered_per_block
20261002T074546Z,2026-10-02T07:45:46.387974+00:00,c2e1a5d38dfc92996309e1e4df5f070b41e7ae38,atlas-47,npu:0,2.7.1+cpu,2.7.1.post10,3.9.9,9143104431801133550,1790927145632619964,1024,1024,2048,bf16,TruncN,10,10000,256,0.5,320000,160310,0,0,160310,160310,0,0,40799690,160310,0,0,159690,0,0.0,0.0,0.0,0.0,0.0,,0.0,0.0,0.008,5.39,linear_centered_per_block
20261002T074546Z,2026-10-02T07:45:46.387974+00:00,c2e1a5d38dfc92996309e1e4df5f070b41e7ae38,atlas-47,npu:0,2.7.1+cpu,2.7.1.post10,3.9.9,2945073397326967531,1790927145632619964,1024,1024,2048,bf16,TruncN,11,10000,256,0.5,320000,159658,0,0,159658,159658,159658,0,40800342,159658,159658,0,160342,159658,1.0,1.0,0.0,0.0,1.0,1.0,0.0,0.0,0.008,5.39,linear_centered_per_block
20261002T074546Z,2026-10-02T07:45:46.387974+00:00,c2e1a5d38dfc92996309e1e4df5f070b41e7ae38,atlas-47,npu:0,2.7.1+cpu,2.7.1.post10,3.9.9,1297230526473799129,1790927145632619964,1024,1024,2048,bf16,TruncN,12,10000,256,0.5,320000,160275,0,0,160275,160275,160275,0,40799725,160275,160275,0,159725,160275,1.0,1.0,0.0,0.0,1.0,1.0,0.0,0.0,0.008,5.39,linear_centered_per_block
20261002T074546Z,2026-10-02T07:45:46.387974+00:00,c2e1a5d38dfc92996309e1e4df5f070b41e7ae38,atlas-47,npu:0,2.7.1+cpu,2.7.1.post10,3.9.9,3245606274541620796,1790927145632619964,1024,1024,2048,bf16,TruncN,13,10000,256,0.5,320000,159908,0,0,159908,159908,159908,0,40800092,159908,159908,0,160092,159908,1.0,1.0,0.0,0.0,1.0,1.0,0.0,0.0,0.008,5.39,linear_centered_per_block
20261002T074546Z,2026-10-02T07:45:46.387974+00:00,c2e1a5d38dfc92996309e1e4df5f070b41e7ae38,atlas-47,npu:0,2.7.1+cpu,2.7.1.post10,3.9.9,2793180637180670478,1790927145632619964,1024,1024,2048,bf16,TruncN,14,10000,256,0.5,320000,159978,0,0,159978,159978,0,0,40800022,159978,0,0,160022,0,0.0,0.0,0.0,0.0,0.0,,0.0,0.0,0.008,5.39,linear_centered_per_block
20261002T074546Z,2026-10-02T07:45:46.387974+00:00,c2e1a5d38dfc92996309e1e4df5f070b41e7ae38,atlas-47,npu:0,2.7.1+cpu,2.7.1.post10,3.9.9,6549815907149813895,1790927145632619964,1024,1024,2048,bf16,"U(-1,1)",7,10000,256,0.5,320000,160301,0,0,160301,160301,149,0,40799699,160301,149,0,159699,67,0.0009295013755372706,0.0009295013755372706,0.0,0.0,0.0004179637057785042,0.44966442953020136,0.0,0.0,0.008,5.39,linear_centered_per_block
20261002T074546Z,2026-10-02T07:45:46.387974+00:00,c2e1a5d38dfc92996309e1e4df5f070b41e7ae38,atlas-47,npu:0,2.7.1+cpu,2.7.1.post10,3.9.9,7145412182390086382,1790927145632619964,1024,1024,2048,bf16,"U(-1,1)",8,10000,256,0.5,320000,159718,0,0,159718,159718,5608,0,40800282,159718,5608,0,160282,4619,0.03511188469677807,0.03511188469677807,0.0,0.0,0.02891972100827709,0.823644793152639,0.0,0.0,0.008,5.39,linear_centered_per_block
20261002T074546Z,2026-10-02T07:45:46.387974+00:00,c2e1a5d38dfc92996309e1e4df5f070b41e7ae38,atlas-47,npu:0,2.7.1+cpu,2.7.1.post10,3.9.9,3107794996040379916,1790927145632619964,1024,1024,2048,bf16,"U(-1,1)",9,10000,256,0.5,320000,159800,0,0,159800,159800,126584,0,40800200,159800,126584,0,160200,112747,0.7921401752190238,0.7921401752190238,0.0,0.0,0.7055506883604505,0.8906891866270619,0.0,0.0,0.008,5.39,linear_centered_per_block
20261002T074546Z,2026-10-02T07:45:46.387974+00:00,c2e1a5d38dfc92996309e1e4df5f070b41e7ae38,atlas-47,npu:0,2.7.1+cpu,2.7.1.post10,3.9.9,4317006632278438630,1790927145632619964,1024,1024,2048,bf16,"U(-1,1)",10,10000,256,0.5,320000,160246,0,0,160246,160246,143433,0,40799754,160246,143433,0,159754,143433,0.8950800644009835,0.8950800644009835,0.0,0.0,0.8950800644009835,1.0,0.0,0.0,0.008,5.39,linear_centered_per_block
20261002T074546Z,2026-10-02T07:45:46.387974+00:00,c2e1a5d38dfc92996309e1e4df5f070b41e7ae38,atlas-47,npu:0,2.7.1+cpu,2.7.1.post10,3.9.9,6193180134579901287,1790927145632619964,1024,1024,2048,bf16,"U(-1,1)",11,10000,256,0.5,320000,159758,0,0,159758,159758,142909,0,40800242,159758,142909,0,160242,142909,0.894534233027454,0.894534233027454,0.0,0.0,0.894534233027454,1.0,0.0,0.0,0.008,5.39,linear_centered_per_block
20261002T074546Z,2026-10-02T07:45:46.387974+00:00,c2e1a5d38dfc92996309e1e4df5f070b41e7ae38,atlas-47,npu:0,2.7.1+cpu,2.7.1.post10,3.9.9,6503322850729336762,1790927145632619964,1024,1024,2048,bf16,"U(-1,1)",12,10000,256,0.5,320000,160290,0,0,160290,160290,143550,0,40799710,160290,143550,0,159710,143550,0.8955642897248737,0.8955642897248737,0.0,0.0,0.8955642897248737,1.0,0.0,0.0,0.008,5.39,linear_centered_per_block
20261002T074546Z,2026-10-02T07:45:46.387974+00:00,c2e1a5d38dfc92996309e1e4df5f070b41e7ae38,atlas-47,npu:0,2.7.1+cpu,2.7.1.post10,3.9.9,2615507847236048576,1790927145632619964,1024,1024,2048,bf16,"U(-1,1)",13,10000,256,0.5,320000,159928,0,0,159928,159928,143058,0,40800072,159928,143058,0,160072,143058,0.8945150317642939,0.8945150317642939,0.0,0.0,0.8945150317642939,1.0,0.0,0.0,0.008,5.39,linear_centered_per_block
20261002T074546Z,2026-10-02T07:45:46.387974+00:00,c2e1a5d38dfc92996309e1e4df5f070b41e7ae38,atlas-47,npu:0,2.7.1+cpu,2.7.1.post10,3.9.9,3122808004789127774,1790927145632619964,1024,1024,2048,bf16,"U(-1,1)",14,10000,256,0.5,320000,160185,8473,51,151661,151712,8695,0,40799815,151712,8695,0,159815,464,0.05731253954861844,0.05731253954861844,0.0,0.0,0.0030584264923012023,0.05336400230017251,0.052895090052127225,0.00031838187096170056,0.008,5.39,linear_centered_per_block
20261002T074546Z,2026-10-02T07:45:46.387974+00:00,c2e1a5d38dfc92996309e1e4df5f070b41e7ae38,atlas-47,npu:0,2.7.1+cpu,2.7.1.post10,3.9.9,2695816980278377514,1790927145632619964,1024,1024,2048,fp32,"N(1,1)",23,10000,256,0.5,320000,160247,0,0,160247,160247,160247,0,40799753,160247,160247,0,159753,160247,1.0,1.0,0.0,0.0,1.0,1.0,0.0,0.0,1.947372075387752e-06,5.39,linear_centered_per_block
20261002T074546Z,2026-10-02T07:45:46.387974+00:00,c2e1a5d38dfc92996309e1e4df5f070b41e7ae38,atlas-47,npu:0,2.7.1+cpu,2.7.1.post10,3.9.9,4802301173402223,1790927145632619964,1024,1024,2048,fp32,"N(1,1)",24,10000,256,0.5,320000,160257,0,0,160257,160257,160257,0,40799743,160257,160257,0,159743,160257,1.0,1.0,0.0,0.0,1.0,1.0,0.0,0.0,1.947372075387752e-06,5.39,linear_centered_per_block
20261002T074546Z,2026-10-02T07:45:46.387974+00:00,c2e1a5d38dfc92996309e1e4df5f070b41e7ae38,atlas-47,npu:0,2.7.1+cpu,2.7.1.post10,3.9.9,5642444984005589948,1790927145632619964,1024,1024,2048,fp32,"N(1,1)",25,10000,256,0.5,320000,159589,0,0,159589,159589,159589,0,40800411,159589,159589,0,160411,159589,1.0,1.0,0.0,0.0,1.0,1.0,0.0,0.0,1.947372075387752e-06,5.39,linear_centered_per_block
20261002T074546Z,2026-10-02T07:45:46.387974+00:00,c2e1a5d38dfc92996309e1e4df5f070b41e7ae38,atlas-47,npu:0,2.7.1+cpu,2.7.1.post10,3.9.9,1332780321437074006,1790927145632619964,1024,1024,2048,fp32,"N(1,1)",26,10000,256,0.5,320000,160082,0,0,160082,160082,160082,0,40799918,160082,160082,0,159918,160082,1.0,1.0,0.0,0.0,1.0,1.0,0.0,0.0,1.947372075387752e-06,5.39,linear_centered_per_block
20261002T074546Z,2026-10-02T07:45:46.387974+00:00,c2e1a5d38dfc92996309e1e4df5f070b41e7ae38,atlas-47,npu:0,2.7.1+cpu,2.7.1.post10,3.9.9,8589717369896166797,1790927145632619964,1024,1024,2048,fp32,"N(1,1)",27,10000,256,0.5,320000,159613,0,0,159613,159613,159613,0,40800387,159613,159613,0,160387,159613,1.0,1.0,0.0,0.0,1.0,1.0,0.0,0.0,1.947372075387752e-06,5.39,linear_centered_per_block
20261002T074546Z,2026-10-02T07:45:46.387974+00:00,c2e1a5d38dfc92996309e1e4df5f070b41e7ae38,atlas-47,npu:0,2.7.1+cpu,2.7.1.post10,3.9.9,2828113262556293226,1790927145632619964,1024,1024,2048,fp32,"N(1,1)",28,10000,256,0.5,320000,159853,0,0,159853,159853,159853,0,40800147,159853,159853,0,160147,159853,1.0,1.0,0.0,0.0,1.0,1.0,0.0,0.0,1.947372075387752e-06,5.39,linear_centered_per_block
20261002T074546Z,2026-10-02T07:45:46.387974+00:00,c2e1a5d38dfc92996309e1e4df5f070b41e7ae38,atlas-47,npu:0,2.7.1+cpu,2.7.1.post10,3.9.9,5116039367003390658,1790927145632619964,1024,1024,2048,fp32,"N(1,1)",29,10000,256,0.5,320000,160424,0,0,160424,160424,160424,0,40799576,160424,160424,0,159576,160424,1.0,1.0,0.0,0.0,1.0,1.0,0.0,0.0,1.947372075387752e-06,5.39,linear_centered_per_block
20261002T074546Z,2026-10-02T07:45:46.387974+00:00,c2e1a5d38dfc92996309e1e4df5f070b41e7ae38,atlas-47,npu:0,2.7.1+cpu,2.7.1.post10,3.9.9,7672350111537035618,1790927145632619964,1024,1024,2048,fp32,"N(1,1)",30,10000,256,0.5,320000,160288,0,0,160288,160288,160288,0,40799712,160288,160288,0,159712,160288,1.0,1.0,0.0,0.0,1.0,1.0,0.0,0.0,1.947372075387752e-06,5.39,linear_centered_per_block
20261002T074546Z,2026-10-02T07:45:46.387974+00:00,c2e1a5d38dfc92996309e1e4df5f070b41e7ae38,atlas-47,npu:0,2.7.1+cpu,2.7.1.post10,3.9.9,5471885602898056326,1790927145632619964,1024,1024,2048,fp32,"N(1e-6,1)",23,10000,256,0.5,320000,160105,0,0,160105,160105,159770,0,40799895,160105,159770,0,159895,159713,0.997907623122326,0.997907623122326,0.0,0.0,0.997551606758065,0.999643237153408,0.0,0.0,1.947372075387752e-06,5.39,linear_centered_per_block
20261002T074546Z,2026-10-02T07:45:46.387974+00:00,c2e1a5d38dfc92996309e1e4df5f070b41e7ae38,atlas-47,npu:0,2.7.1+cpu,2.7.1.post10,3.9.9,3489776995537201485,1790927145632619964,1024,1024,2048,fp32,"N(1e-6,1)",24,10000,256,0.5,320000,160818,0,0,160818,160818,160472,0,40799182,160818,160472,0,159182,160472,0.9978484995460707,0.9978484995460707,0.0,0.0,0.9978484995460707,1.0,0.0,0.0,1.947372075387752e-06,5.39,linear_centered_per_block
20261002T074546Z,2026-10-02T07:45:46.387974+00:00,c2e1a5d38dfc92996309e1e4df5f070b41e7ae38,atlas-47,npu:0,2.7.1+cpu,2.7.1.post10,3.9.9,1302901396183125707,1790927145632619964,1024,1024,2048,fp32,"N(1e-6,1)",25,10000,256,0.5,320000,159871,0,0,159871,159871,159846,0,40800129,159871,159846,0,160129,159815,0.9998436239217869,0.9998436239217869,0.0,0.0,0.9996497175848027,0.9998060633359609,0.0,0.0,1.947372075387752e-06,5.39,linear_centered_per_block
20261002T074546Z,2026-10-02T07:45:46.387974+00:00,c2e1a5d38dfc92996309e1e4df5f070b41e7ae38,atlas-47,npu:0,2.7.1+cpu,2.7.1.post10,3.9.9,6511876555178153111,1790927145632619964,1024,1024,2048,fp32,"N(1e-6,1)",26,10000,256,0.5,320000,160218,0,0,160218,160218,159972,0,40799782,160218,159972,0,159782,159941,0.998464591993409,0.998464591993409,0.0,0.0,0.9982711056185947,0.9998062160878154,0.0,0.0,1.947372075387752e-06,5.39,linear_centered_per_block
20261002T074546Z,2026-10-02T07:45:46.387974+00:00,c2e1a5d38dfc92996309e1e4df5f070b41e7ae38,atlas-47,npu:0,2.7.1+cpu,2.7.1.post10,3.9.9,708521145199009401,1790927145632619964,1024,1024,2048,fp32,"N(1e-6,1)",27,10000,256,0.5,320000,160090,0,0,160090,160090,159829,0,40799910,160090,159829,0,159910,159793,0.9983696670622775,0.9983696670622775,0.0,0.0,0.9981447935536261,0.9997747592739741,0.0,0.0,1.947372075387752e-06,5.39,linear_centered_per_block
20261002T074546Z,2026-10-02T07:45:46.387974+00:00,c2e1a5d38dfc92996309e1e4df5f070b41e7ae38,atlas-47,npu:0,2.7.1+cpu,2.7.1.post10,3.9.9,6161649757211658963,1790927145632619964,1024,1024,2048,fp32,"N(1e-6,1)",28,10000,256,0.5,320000,160299,0,0,160299,160299,160024,0,40799701,160299,160024,0,159701,159984,0.9982844559229939,0.9982844559229939,0.0,0.0,0.9980349222390658,0.9997500374943759,0.0,0.0,1.947372075387752e-06,5.39,linear_centered_per_block
20261002T074546Z,2026-10-02T07:45:46.387974+00:00,c2e1a5d38dfc92996309e1e4df5f070b41e7ae38,atlas-47,npu:0,2.7.1+cpu,2.7.1.post10,3.9.9,2216027611385532989,1790927145632619964,1024,1024,2048,fp32,"N(1e-6,1)",29,10000,256,0.5,320000,160279,0,0,160279,160279,159992,0,40799721,160279,159992,0,159721,159960,0.9982093724068656,0.9982093724068656,0.0,0.0,0.9980097205497913,0.9997999899994999,0.0,0.0,1.947372075387752e-06,5.39,linear_centered_per_block
20261002T074546Z,2026-10-02T07:45:46.387974+00:00,c2e1a5d38dfc92996309e1e4df5f070b41e7ae38,atlas-47,npu:0,2.7.1+cpu,2.7.1.post10,3.9.9,1694771086086419414,1790927145632619964,1024,1024,2048,fp32,"N(1e-6,1)",30,10000,256,0.5,320000,160211,2777,0,157434,157434,157434,0,40799789,157434,157434,0,159789,154652,1.0,1.0,0.0,0.0,0.9823291029891891,0.9823291029891891,0.0173333915898409,0.0,1.947372075387752e-06,5.39,linear_centered_per_block
20261002T074546Z,2026-10-02T07:45:46.387974+00:00,c2e1a5d38dfc92996309e1e4df5f070b41e7ae38,atlas-47,npu:0,2.7.1+cpu,2.7.1.post10,3.9.9,8800253386499973795,1790927145632619964,1024,1024,2048,fp32,TruncN,23,10000,256,0.5,320000,160087,0,0,160087,160087,160087,0,40799913,160087,160087,0,159913,160087,1.0,1.0,0.0,0.0,1.0,1.0,0.0,0.0,1.947372075387752e-06,5.39,linear_centered_per_block
20261002T074546Z,2026-10-02T07:45:46.387974+00:00,c2e1a5d38dfc92996309e1e4df5f070b41e7ae38,atlas-47,npu:0,2.7.1+cpu,2.7.1.post10,3.9.9,5119756420944115624,1790927145632619964,1024,1024,2048,fp32,TruncN,24,10000,256,0.5,320000,160004,0,0,160004,160004,160004,0,40799996,160004,160004,0,159996,160004,1.0,1.0,0.0,0.0,1.0,1.0,0.0,0.0,1.947372075387752e-06,5.39,linear_centered_per_block
20261002T074546Z,2026-10-02T07:45:46.387974+00:00,c2e1a5d38dfc92996309e1e4df5f070b41e7ae38,atlas-47,npu:0,2.7.1+cpu,2.7.1.post10,3.9.9,3275405081804513966,1790927145632619964,1024,1024,2048,fp32,TruncN,25,10000,256,0.5,320000,159828,0,0,159828,159828,159828,0,40800172,159828,159828,0,160172,159828,1.0,1.0,0.0,0.0,1.0,1.0,0.0,0.0,1.947372075387752e-06,5.39,linear_centered_per_block
20261002T074546Z,2026-10-02T07:45:46.387974+00:00,c2e1a5d38dfc92996309e1e4df5f070b41e7ae38,atlas-47,npu:0,2.7.1+cpu,2.7.1.post10,3.9.9,9187833813039441599,1790927145632619964,1024,1024,2048,fp32,TruncN,26,10000,256,0.5,320000,160358,0,0,160358,160358,160358,0,40799642,160358,160358,0,159642,160358,1.0,1.0,0.0,0.0,1.0,1.0,0.0,0.0,1.947372075387752e-06,5.39,linear_centered_per_block
20261002T074546Z,2026-10-02T07:45:46.387974+00:00,c2e1a5d38dfc92996309e1e4df5f070b41e7ae38,atlas-47,npu:0,2.7.1+cpu,2.7.1.post10,3.9.9,1711890833760007343,1790927145632619964,1024,1024,2048,fp32,TruncN,27,10000,256,0.5,320000,159939,0,0,159939,159939,159939,0,40800061,159939,159939,0,160061,159939,1.0,1.0,0.0,0.0,1.0,1.0,0.0,0.0,1.947372075387752e-06,5.39,linear_centered_per_block
20261002T074546Z,2026-10-02T07:45:46.387974+00:00,c2e1a5d38dfc92996309e1e4df5f070b41e7ae38,atlas-47,npu:0,2.7.1+cpu,2.7.1.post10,3.9.9,953629976068791225,1790927145632619964,1024,1024,2048,fp32,TruncN,28,10000,256,0.5,320000,159945,0,0,159945,159945,159945,0,40800055,159945,159945,0,160055,159945,1.0,1.0,0.0,0.0,1.0,1.0,0.0,0.0,1.947372075387752e-06,5.39,linear_centered_per_block
20261002T074546Z,2026-10-02T07:45:46.387974+00:00,c2e1a5d38dfc92996309e1e4df5f070b41e7ae38,atlas-47,npu:0,2.7.1+cpu,2.7.1.post10,3.9.9,1396911388919830385,1790927145632619964,1024,1024,2048,fp32,TruncN,29,10000,256,0.5,320000,159771,0,0,159771,159771,159771,0,40800229,159771,159771,0,160229,159771,1.0,1.0,0.0,0.0,1.0,1.0,0.0,0.0,1.947372075387752e-06,5.39,linear_centered_per_block
20261002T074546Z,2026-10-02T07:45:46.387974+00:00,c2e1a5d38dfc92996309e1e4df5f070b41e7ae38,atlas-47,npu:0,2.7.1+cpu,2.7.1.post10,3.9.9,2888949668669906226,1790927145632619964,1024,1024,2048,fp32,TruncN,30,10000,256,0.5,320000,159495,0,0,159495,159495,159495,0,40800505,159495,159495,0,160505,159495,1.0,1.0,0.0,0.0,1.0,1.0,0.0,0.0,1.947372075387752e-06,5.39,linear_centered_per_block
20261002T074546Z,2026-10-02T07:45:46.387974+00:00,c2e1a5d38dfc92996309e1e4df5f070b41e7ae38,atlas-47,npu:0,2.7.1+cpu,2.7.1.post10,3.9.9,3225743839287388957,1790927145632619964,1024,1024,2048,fp32,"U(-1,1)",23,10000,256,0.5,320000,160051,0,0,160051,160051,159877,0,40799949,160051,159877,0,159949,159702,0.9989128465301685,0.9989128465301685,0.0,0.0,0.9978194450518897,0.9989054085328096,0.0,0.0,1.947372075387752e-06,5.39,linear_centered_per_block
20261002T074546Z,2026-10-02T07:45:46.387974+00:00,c2e1a5d38dfc92996309e1e4df5f070b41e7ae38,atlas-47,npu:0,2.7.1+cpu,2.7.1.post10,3.9.9,4532723341212040851,1790927145632619964,1024,1024,2048,fp32,"U(-1,1)",24,10000,256,0.5,320000,159797,0,0,159797,159797,159733,0,40800203,159797,159733,0,160203,159645,0.9995994918552914,0.9995994918552914,0.0,0.0,0.9990487931563171,0.9994490806533403,0.0,0.0,1.947372075387752e-06,5.39,linear_centered_per_block
20261002T074546Z,2026-10-02T07:45:46.387974+00:00,c2e1a5d38dfc92996309e1e4df5f070b41e7ae38,atlas-47,npu:0,2.7.1+cpu,2.7.1.post10,3.9.9,8806090831332989494,1790927145632619964,1024,1024,2048,fp32,"U(-1,1)",25,10000,256,0.5,320000,159565,0,0,159565,159565,159498,0,40800435,159565,159498,0,160435,159497,0.9995801084197662,0.9995801084197662,0.0,0.0,0.9995738413812553,0.9999937303289069,0.0,0.0,1.947372075387752e-06,5.39,linear_centered_per_block
20261002T074546Z,2026-10-02T07:45:46.387974+00:00,c2e1a5d38dfc92996309e1e4df5f070b41e7ae38,atlas-47,npu:0,2.7.1+cpu,2.7.1.post10,3.9.9,8914548295239953822,1790927145632619964,1024,1024,2048,fp32,"U(-1,1)",26,10000,256,0.5,320000,160297,0,0,160297,160297,160248,0,40799703,160297,160248,0,159703,160157,0.9996943174232831,0.9996943174232831,0.0,0.0,0.9991266212093801,0.9994321301981928,0.0,0.0,1.947372075387752e-06,5.39,linear_centered_per_block
20261002T074546Z,2026-10-02T07:45:46.387974+00:00,c2e1a5d38dfc92996309e1e4df5f070b41e7ae38,atlas-47,npu:0,2.7.1+cpu,2.7.1.post10,3.9.9,1450409050899564215,1790927145632619964,1024,1024,2048,fp32,"U(-1,1)",27,10000,256,0.5,320000,160192,0,0,160192,160192,160084,0,40799808,160192,160084,0,159808,159981,0.999325809029165,0.999325809029165,0.0,0.0,0.9986828306032761,0.9993565877914095,0.0,0.0,1.947372075387752e-06,5.39,linear_centered_per_block
20261002T074546Z,2026-10-02T07:45:46.387974+00:00,c2e1a5d38dfc92996309e1e4df5f070b41e7ae38,atlas-47,npu:0,2.7.1+cpu,2.7.1.post10,3.9.9,4249462108338525024,1790927145632619964,1024,1024,2048,fp32,"U(-1,1)",28,10000,256,0.5,320000,160126,0,0,160126,160126,160036,0,40799874,160126,160036,0,159874,159936,0.9994379426201866,0.9994379426201866,0.0,0.0,0.9988134344203939,0.9993751405933665,0.0,0.0,1.947372075387752e-06,5.39,linear_centered_per_block
20261002T074546Z,2026-10-02T07:45:46.387974+00:00,c2e1a5d38dfc92996309e1e4df5f070b41e7ae38,atlas-47,npu:0,2.7.1+cpu,2.7.1.post10,3.9.9,6533550584988528013,1790927145632619964,1024,1024,2048,fp32,"U(-1,1)",29,10000,256,0.5,320000,160062,0,0,160062,160062,159969,0,40799938,160062,159969,0,159938,159859,0.9994189751471305,0.9994189751471305,0.0,0.0,0.9987317414501881,0.9993123667710619,0.0,0.0,1.947372075387752e-06,5.39,linear_centered_per_block
20261002T074546Z,2026-10-02T07:45:46.387974+00:00,c2e1a5d38dfc92996309e1e4df5f070b41e7ae38,atlas-47,npu:0,2.7.1+cpu,2.7.1.post10,3.9.9,8140411207538636679,1790927145632619964,1024,1024,2048,fp32,"U(-1,1)",30,10000,256,0.5,320000,159846,8498,0,151348,151348,151348,0,40800154,151348,151348,0,160154,143318,1.0,1.0,0.0,0.0,0.946943468033935,0.946943468033935,0.05316367003240619,0.0,1.947372075387752e-06,5.39,linear_centered_per_block
20261002T074546Z,2026-10-02T07:45:46.387974+00:00,c2e1a5d38dfc92996309e1e4df5f070b41e7ae38,atlas-47,npu:0,2.7.1+cpu,2.7.1.post10,3.9.9,5060427710775832737,1790927145632619964,1024,1024,3072,bf16,"N(1,1)",7,10000,256,0.5,320000,160003,0,0,160003,160003,0,0,40799997,160003,0,0,159997,0,0.0,0.0,0.0,0.0,0.0,,0.0,0.0,0.008,5.39,linear_centered_per_block
20261002T074546Z,2026-10-02T07:45:46.387974+00:00,c2e1a5d38dfc92996309e1e4df5f070b41e7ae38,atlas-47,npu:0,2.7.1+cpu,2.7.1.post10,3.9.9,7836550153306901189,1790927145632619964,1024,1024,3072,bf16,"N(1,1)",8,10000,256,0.5,320000,159712,0,0,159712,159712,0,0,40800288,159712,0,0,160288,0,0.0,0.0,0.0,0.0,0.0,,0.0,0.0,0.008,5.39,linear_centered_per_block
20261002T074546Z,2026-10-02T07:45:46.387974+00:00,c2e1a5d38dfc92996309e1e4df5f070b41e7ae38,atlas-47,npu:0,2.7.1+cpu,2.7.1.post10,3.9.9,1308546403045834688,1790927145632619964,1024,1024,3072,bf16,"N(1,1)",9,10000,256,0.5,320000,160055,0,0,160055,160055,160055,0,40799945,160055,160055,0,159945,159058,1.0,1.0,0.0,0.0,0.9937708912561307,0.9937708912561307,0.0,0.0,0.008,5.39,linear_centered_per_block
20261002T074546Z,2026-10-02T07:45:46.387974+00:00,c2e1a5d38dfc92996309e1e4df5f070b41e7ae38,atlas-47,npu:0,2.7.1+cpu,2.7.1.post10,3.9.9,5421824085326723008,1790927145632619964,1024,1024,3072,bf16,"N(1,1)",10,10000,256,0.5,320000,159802,0,0,159802,159802,0,0,40800198,159802,0,0,160198,0,0.0,0.0,0.0,0.0,0.0,,0.0,0.0,0.008,5.39,linear_centered_per_block
20261002T074546Z,2026-10-02T07:45:46.387974+00:00,c2e1a5d38dfc92996309e1e4df5f070b41e7ae38,atlas-47,npu:0,2.7.1+cpu,2.7.1.post10,3.9.9,3237849521655288017,1790927145632619964,1024,1024,3072,bf16,"N(1,1)",11,10000,256,0.5,320000,159868,0,0,159868,159868,159868,0,40800132,159868,159868,0,160132,159868,1.0,1.0,0.0,0.0,1.0,1.0,0.0,0.0,0.008,5.39,linear_centered_per_block
20261002T074546Z,2026-10-02T07:45:46.387974+00:00,c2e1a5d38dfc92996309e1e4df5f070b41e7ae38,atlas-47,npu:0,2.7.1+cpu,2.7.1.post10,3.9.9,8961347989204856998,1790927145632619964,1024,1024,3072,bf16,"N(1,1)",12,10000,256,0.5,320000,159772,0,0,159772,159772,159772,0,40800228,159772,159772,0,160228,159772,1.0,1.0,0.0,0.0,1.0,1.0,0.0,0.0,0.008,5.39,linear_centered_per_block
20261002T074546Z,2026-10-02T07:45:46.387974+00:00,c2e1a5d38dfc92996309e1e4df5f070b41e7ae38,atlas-47,npu:0,2.7.1+cpu,2.7.1.post10,3.9.9,8341784478273438939,1790927145632619964,1024,1024,3072,bf16,"N(1,1)",13,10000,256,0.5,320000,160226,0,0,160226,160226,160226,0,40799774,160226,160226,0,159774,160226,1.0,1.0,0.0,0.0,1.0,1.0,0.0,0.0,0.008,5.39,linear_centered_per_block
20261002T074546Z,2026-10-02T07:45:46.387974+00:00,c2e1a5d38dfc92996309e1e4df5f070b41e7ae38,atlas-47,npu:0,2.7.1+cpu,2.7.1.post10,3.9.9,6624297223469217102,1790927145632619964,1024,1024,3072,bf16,"N(1,1)",14,10000,256,0.5,320000,159850,0,0,159850,159850,0,0,40800150,159850,0,0,160150,0,0.0,0.0,0.0,0.0,0.0,,0.0,0.0,0.008,5.39,linear_centered_per_block
20261002T074546Z,2026-10-02T07:45:46.387974+00:00,c2e1a5d38dfc92996309e1e4df5f070b41e7ae38,atlas-47,npu:0,2.7.1+cpu,2.7.1.post10,3.9.9,6510669552322014928,1790927145632619964,1024,1024,3072,bf16,"N(1e-6,1)",7,10000,256,0.5,320000,160551,0,0,160551,160551,0,0,40799449,160551,0,0,159449,0,0.0,0.0,0.0,0.0,0.0,,0.0,0.0,0.008,5.39,linear_centered_per_block
20261002T074546Z,2026-10-02T07:45:46.387974+00:00,c2e1a5d38dfc92996309e1e4df5f070b41e7ae38,atlas-47,npu:0,2.7.1+cpu,2.7.1.post10,3.9.9,7989988791825623085,1790927145632619964,1024,1024,3072,bf16,"N(1e-6,1)",8,10000,256,0.5,320000,159812,0,0,159812,159812,0,0,40800188,159812,0,0,160188,0,0.0,0.0,0.0,0.0,0.0,,0.0,0.0,0.008,5.39,linear_centered_per_block
20261002T074546Z,2026-10-02T07:45:46.387974+00:00,c2e1a5d38dfc92996309e1e4df5f070b41e7ae38,atlas-47,npu:0,2.7.1+cpu,2.7.1.post10,3.9.9,5347697659212907633,1790927145632619964,1024,1024,3072,bf16,"N(1e-6,1)",9,10000,256,0.5,320000,159632,0,0,159632,159632,98,0,40800368,159632,98,0,160368,84,0.0006139119975944673,0.0006139119975944673,0.0,0.0,0.0005262102836524006,0.8571428571428571,0.0,0.0,0.008,5.39,linear_centered_per_block
20261002T074546Z,2026-10-02T07:45:46.387974+00:00,c2e1a5d38dfc92996309e1e4df5f070b41e7ae38,atlas-47,npu:0,2.7.1+cpu,2.7.1.post10,3.9.9,6237098165872781040,1790927145632619964,1024,1024,3072,bf16,"N(1e-6,1)",10,10000,256,0.5,320000,159823,0,0,159823,159823,155038,0,40800177,159823,155038,0,160177,154909,0.9700606295714634,0.9700606295714634,0.0,0.0,0.9692534866696283,0.999167945922935,0.0,0.0,0.008,5.39,linear_centered_per_block
20261002T074546Z,2026-10-02T07:45:46.387974+00:00,c2e1a5d38dfc92996309e1e4df5f070b41e7ae38,atlas-47,npu:0,2.7.1+cpu,2.7.1.post10,3.9.9,3944107821853388272,1790927145632619964,1024,1024,3072,bf16,"N(1e-6,1)",11,10000,256,0.5,320000,159912,0,0,159912,159912,155322,0,40800088,159912,155322,0,160088,155322,0.9712967131922557,0.9712967131922557,0.0,0.0,0.9712967131922557,1.0,0.0,0.0,0.008,5.39,linear_centered_per_block
20261002T074546Z,2026-10-02T07:45:46.387974+00:00,c2e1a5d38dfc92996309e1e4df5f070b41e7ae38,atlas-47,npu:0,2.7.1+cpu,2.7.1.post10,3.9.9,1397318226322424642,1790927145632619964,1024,1024,3072,bf16,"N(1e-6,1)",12,10000,256,0.5,320000,159929,0,0,159929,159929,155327,0,40800071,159929,155327,0,160071,155327,0.9712247309743699,0.9712247309743699,0.0,0.0,0.9712247309743699,1.0,0.0,0.0,0.008,5.39,linear_centered_per_block
20261002T074546Z,2026-10-02T07:45:46.387974+00:00,c2e1a5d38dfc92996309e1e4df5f070b41e7ae38,atlas-47,npu:0,2.7.1+cpu,2.7.1.post10,3.9.9,2312106449724540340,1790927145632619964,1024,1024,3072,bf16,"N(1e-6,1)",13,10000,256,0.5,320000,159160,0,0,159160,159160,154500,0,40800840,159160,154500,0,160840,154500,0.9707212867554662,0.9707212867554662,0.0,0.0,0.9707212867554662,1.0,0.0,0.0,0.008,5.39,linear_centered_per_block
20261002T074546Z,2026-10-02T07:45:46.387974+00:00,c2e1a5d38dfc92996309e1e4df5f070b41e7ae38,atlas-47,npu:0,2.7.1+cpu,2.7.1.post10,3.9.9,6083679185006548243,1790927145632619964,1024,1024,3072,bf16,"N(1e-6,1)",14,10000,256,0.5,320000,159793,2242,10,157541,157551,2265,0,40800207,157551,2265,0,160207,100,0.014376297199002228,0.014376297199002228,0.0,0.0,0.0006347151081237186,0.04415011037527594,0.01403065215622712,6.258096412233327e-05,0.008,5.39,linear_centered_per_block
20261002T074546Z,2026-10-02T07:45:46.387974+00:00,c2e1a5d38dfc92996309e1e4df5f070b41e7ae38,atlas-47,npu:0,2.7.1+cpu,2.7.1.post10,3.9.9,5341736075808286060,1790927145632619964,1024,1024,3072,bf16,TruncN,7,10000,256,0.5,320000,160335,0,0,160335,160335,0,0,40799665,160335,0,0,159665,0,0.0,0.0,0.0,0.0,0.0,,0.0,0.0,0.008,5.39,linear_centered_per_block
20261002T074546Z,2026-10-02T07:45:46.387974+00:00,c2e1a5d38dfc92996309e1e4df5f070b41e7ae38,atlas-47,npu:0,2.7.1+cpu,2.7.1.post10,3.9.9,5091084858453180215,1790927145632619964,1024,1024,3072,bf16,TruncN,8,10000,256,0.5,320000,159862,0,0,159862,159862,0,0,40800138,159862,0,0,160138,0,0.0,0.0,0.0,0.0,0.0,,0.0,0.0,0.008,5.39,linear_centered_per_block
20261002T074546Z,2026-10-02T07:45:46.387974+00:00,c2e1a5d38dfc92996309e1e4df5f070b41e7ae38,atlas-47,npu:0,2.7.1+cpu,2.7.1.post10,3.9.9,6497333711320268679,1790927145632619964,1024,1024,3072,bf16,TruncN,9,10000,256,0.5,320000,159937,0,0,159937,159937,159937,0,40800063,159937,159937,0,160063,158910,1.0,1.0,0.0,0.0,0.9935787216216385,0.9935787216216385,0.0,0.0,0.008,5.39,linear_centered_per_block
20261002T074546Z,2026-10-02T07:45:46.387974+00:00,c2e1a5d38dfc92996309e1e4df5f070b41e7ae38,atlas-47,npu:0,2.7.1+cpu,2.7.1.post10,3.9.9,5458171777999134386,1790927145632619964,1024,1024,3072,bf16,TruncN,10,10000,256,0.5,320000,159597,0,0,159597,159597,0,0,40800403,159597,0,0,160403,0,0.0,0.0,0.0,0.0,0.0,,0.0,0.0,0.008,5.39,linear_centered_per_block
20261002T074546Z,2026-10-02T07:45:46.387974+00:00,c2e1a5d38dfc92996309e1e4df5f070b41e7ae38,atlas-47,npu:0,2.7.1+cpu,2.7.1.post10,3.9.9,39179920979511070,1790927145632619964,1024,1024,3072,bf16,TruncN,11,10000,256,0.5,320000,160631,0,0,160631,160631,160631,0,40799369,160631,160631,0,159369,160631,1.0,1.0,0.0,0.0,1.0,1.0,0.0,0.0,0.008,5.39,linear_centered_per_block
20261002T074546Z,2026-10-02T07:45:46.387974+00:00,c2e1a5d38dfc92996309e1e4df5f070b41e7ae38,atlas-47,npu:0,2.7.1+cpu,2.7.1.post10,3.9.9,8610164414379094216,1790927145632619964,1024,1024,3072,bf16,TruncN,12,10000,256,0.5,320000,159755,0,0,159755,159755,159755,0,40800245,159755,159755,0,160245,159755,1.0,1.0,0.0,0.0,1.0,1.0,0.0,0.0,0.008,5.39,linear_centered_per_block
20261002T074546Z,2026-10-02T07:45:46.387974+00:00,c2e1a5d38dfc92996309e1e4df5f070b41e7ae38,atlas-47,npu:0,2.7.1+cpu,2.7.1.post10,3.9.9,4704874005200559726,1790927145632619964,1024,1024,3072,bf16,TruncN,13,10000,256,0.5,320000,159837,0,0,159837,159837,159837,0,40800163,159837,159837,0,160163,159837,1.0,1.0,0.0,0.0,1.0,1.0,0.0,0.0,0.008,5.39,linear_centered_per_block
20261002T074546Z,2026-10-02T07:45:46.387974+00:00,c2e1a5d38dfc92996309e1e4df5f070b41e7ae38,atlas-47,npu:0,2.7.1+cpu,2.7.1.post10,3.9.9,3765331729878248458,1790927145632619964,1024,1024,3072,bf16,TruncN,14,10000,256,0.5,320000,159712,0,0,159712,159712,0,0,40800288,159712,0,0,160288,0,0.0,0.0,0.0,0.0,0.0,,0.0,0.0,0.008,5.39,linear_centered_per_block
20261002T074546Z,2026-10-02T07:45:46.387974+00:00,c2e1a5d38dfc92996309e1e4df5f070b41e7ae38,atlas-47,npu:0,2.7.1+cpu,2.7.1.post10,3.9.9,8515313089859127798,1790927145632619964,1024,1024,3072,bf16,"U(-1,1)",7,10000,256,0.5,320000,159571,0,0,159571,159571,48,0,40800429,159571,48,0,160429,21,0.000300806537528749,0.000300806537528749,0.0,0.0,0.00013160286016882766,0.4375,0.0,0.0,0.008,5.39,linear_centered_per_block
20261002T074546Z,2026-10-02T07:45:46.387974+00:00,c2e1a5d38dfc92996309e1e4df5f070b41e7ae38,atlas-47,npu:0,2.7.1+cpu,2.7.1.post10,3.9.9,6462239819676850156,1790927145632619964,1024,1024,3072,bf16,"U(-1,1)",8,10000,256,0.5,320000,160781,0,0,160781,160781,13290,0,40799219,160781,13290,0,159219,10088,0.0826590206554257,0.0826590206554257,0.0,0.0,0.06274373215740665,0.7590669676448457,0.0,0.0,0.008,5.39,linear_centered_per_block
20261002T074546Z,2026-10-02T07:45:46.387974+00:00,c2e1a5d38dfc92996309e1e4df5f070b41e7ae38,atlas-47,npu:0,2.7.1+cpu,2.7.1.post10,3.9.9,4103611651025268170,1790927145632619964,1024,1024,3072,bf16,"U(-1,1)",9,10000,256,0.5,320000,159600,0,0,159600,159600,118199,0,40800400,159600,118199,0,160400,104442,0.7405952380952381,0.7405952380952381,0.0,0.0,0.6543984962406015,0.8836115364766199,0.0,0.0,0.008,5.39,linear_centered_per_block
20261002T074546Z,2026-10-02T07:45:46.387974+00:00,c2e1a5d38dfc92996309e1e4df5f070b41e7ae38,atlas-47,npu:0,2.7.1+cpu,2.7.1.post10,3.9.9,1765279690287643396,1790927145632619964,1024,1024,3072,bf16,"U(-1,1)",10,10000,256,0.5,320000,159552,0,0,159552,159552,145866,0,40800448,159552,145866,0,160448,145866,0.9142223225030084,0.9142223225030084,0.0,0.0,0.9142223225030084,1.0,0.0,0.0,0.008,5.39,linear_centered_per_block
20261002T074546Z,2026-10-02T07:45:46.387974+00:00,c2e1a5d38dfc92996309e1e4df5f070b41e7ae38,atlas-47,npu:0,2.7.1+cpu,2.7.1.post10,3.9.9,796106471755796709,1790927145632619964,1024,1024,3072,bf16,"U(-1,1)",11,10000,256,0.5,320000,160067,0,0,160067,160067,146259,0,40799933,160067,146259,0,159933,146259,0.9137361229984944,0.9137361229984944,0.0,0.0,0.9137361229984944,1.0,0.0,0.0,0.008,5.39,linear_centered_per_block
20261002T074546Z,2026-10-02T07:45:46.387974+00:00,c2e1a5d38dfc92996309e1e4df5f070b41e7ae38,atlas-47,npu:0,2.7.1+cpu,2.7.1.post10,3.9.9,7776876333667533715,1790927145632619964,1024,1024,3072,bf16,"U(-1,1)",12,10000,256,0.5,320000,159863,0,0,159863,159863,146189,0,40800137,159863,146189,0,160137,146189,0.9144642600226444,0.9144642600226444,0.0,0.0,0.9144642600226444,1.0,0.0,0.0,0.008,5.39,linear_centered_per_block
20261002T074546Z,2026-10-02T07:45:46.387974+00:00,c2e1a5d38dfc92996309e1e4df5f070b41e7ae38,atlas-47,npu:0,2.7.1+cpu,2.7.1.post10,3.9.9,445457656930802432,1790927145632619964,1024,1024,3072,bf16,"U(-1,1)",13,10000,256,0.5,320000,159829,0,0,159829,159829,146089,0,40800171,159829,146089,0,160171,146089,0.9140331229000995,0.9140331229000995,0.0,0.0,0.9140331229000995,1.0,0.0,0.0,0.008,5.39,linear_centered_per_block
20261002T074546Z,2026-10-02T07:45:46.387974+00:00,c2e1a5d38dfc92996309e1e4df5f070b41e7ae38,atlas-47,npu:0,2.7.1+cpu,2.7.1.post10,3.9.9,5067060879411860451,1790927145632619964,1024,1024,3072,bf16,"U(-1,1)",14,10000,256,0.5,320000,160094,6731,36,153327,153363,7026,0,40799906,153363,7026,0,159906,378,0.04581287533498953,0.04581287533498953,0.0,0.0,0.0024647405175955085,0.053800170794193,0.042044049121141326,0.0002248678901145577,0.008,5.39,linear_centered_per_block
20261002T074546Z,2026-10-02T07:45:46.387974+00:00,c2e1a5d38dfc92996309e1e4df5f070b41e7ae38,atlas-47,npu:0,2.7.1+cpu,2.7.1.post10,3.9.9,7061968974951895660,1790927145632619964,1024,1024,3072,fp32,"N(1,1)",23,10000,256,0.5,320000,159938,0,0,159938,159938,159938,0,40800062,159938,159938,0,160062,159938,1.0,1.0,0.0,0.0,1.0,1.0,0.0,0.0,2.3850339620223437e-06,5.39,linear_centered_per_block
20261002T074546Z,2026-10-02T07:45:46.387974+00:00,c2e1a5d38dfc92996309e1e4df5f070b41e7ae38,atlas-47,npu:0,2.7.1+cpu,2.7.1.post10,3.9.9,5743998180221227036,1790927145632619964,1024,1024,3072,fp32,"N(1,1)",24,10000,256,0.5,320000,160139,0,0,160139,160139,160139,0,40799861,160139,160139,0,159861,160139,1.0,1.0,0.0,0.0,1.0,1.0,0.0,0.0,2.3850339620223437e-06,5.39,linear_centered_per_block
20261002T074546Z,2026-10-02T07:45:46.387974+00:00,c2e1a5d38dfc92996309e1e4df5f070b41e7ae38,atlas-47,npu:0,2.7.1+cpu,2.7.1.post10,3.9.9,1572965535704395995,1790927145632619964,1024,1024,3072,fp32,"N(1,1)",25,10000,256,0.5,320000,160541,0,0,160541,160541,160541,0,40799459,160541,160541,0,159459,160541,1.0,1.0,0.0,0.0,1.0,1.0,0.0,0.0,2.3850339620223437e-06,5.39,linear_centered_per_block
20261002T074546Z,2026-10-02T07:45:46.387974+00:00,c2e1a5d38dfc92996309e1e4df5f070b41e7ae38,atlas-47,npu:0,2.7.1+cpu,2.7.1.post10,3.9.9,1981120757153768385,1790927145632619964,1024,1024,3072,fp32,"N(1,1)",26,10000,256,0.5,320000,160073,0,0,160073,160073,160073,0,40799927,160073,160073,0,159927,160073,1.0,1.0,0.0,0.0,1.0,1.0,0.0,0.0,2.3850339620223437e-06,5.39,linear_centered_per_block
20261002T074546Z,2026-10-02T07:45:46.387974+00:00,c2e1a5d38dfc92996309e1e4df5f070b41e7ae38,atlas-47,npu:0,2.7.1+cpu,2.7.1.post10,3.9.9,1350550322044704624,1790927145632619964,1024,1024,3072,fp32,"N(1,1)",27,10000,256,0.5,320000,159819,0,0,159819,159819,159819,0,40800181,159819,159819,0,160181,159819,1.0,1.0,0.0,0.0,1.0,1.0,0.0,0.0,2.3850339620223437e-06,5.39,linear_centered_per_block
20261002T074546Z,2026-10-02T07:45:46.387974+00:00,c2e1a5d38dfc92996309e1e4df5f070b41e7ae38,atlas-47,npu:0,2.7.1+cpu,2.7.1.post10,3.9.9,7956967410104082882,1790927145632619964,1024,1024,3072,fp32,"N(1,1)",28,10000,256,0.5,320000,159914,0,0,159914,159914,159914,0,40800086,159914,159914,0,160086,159914,1.0,1.0,0.0,0.0,1.0,1.0,0.0,0.0,2.3850339620223437e-06,5.39,linear_centered_per_block
20261002T074546Z,2026-10-02T07:45:46.387974+00:00,c2e1a5d38dfc92996309e1e4df5f070b41e7ae38,atlas-47,npu:0,2.7.1+cpu,2.7.1.post10,3.9.9,6985274203312127484,1790927145632619964,1024,1024,3072,fp32,"N(1,1)",29,10000,256,0.5,320000,159811,0,0,159811,159811,159811,0,40800189,159811,159811,0,160189,159811,1.0,1.0,0.0,0.0,1.0,1.0,0.0,0.0,2.3850339620223437e-06,5.39,linear_centered_per_block
20261002T074546Z,2026-10-02T07:45:46.387974+00:00,c2e1a5d38dfc92996309e1e4df5f070b41e7ae38,atlas-47,npu:0,2.7.1+cpu,2.7.1.post10,3.9.9,701770258628795144,1790927145632619964,1024,1024,3072,fp32,"N(1,1)",30,10000,256,0.5,320000,159875,0,0,159875,159875,159875,0,40800125,159875,159875,0,160125,159875,1.0,1.0,0.0,0.0,1.0,1.0,0.0,0.0,2.3850339620223437e-06,5.39,linear_centered_per_block
20261002T074546Z,2026-10-02T07:45:46.387974+00:00,c2e1a5d38dfc92996309e1e4df5f070b41e7ae38,atlas-47,npu:0,2.7.1+cpu,2.7.1.post10,3.9.9,3121833360490969055,1790927145632619964,1024,1024,3072,fp32,"N(1e-6,1)",23,10000,256,0.5,320000,160039,0,0,160039,160039,159539,0,40799961,160039,159539,0,159961,159464,0.9968757615331263,0.9968757615331263,0.0,0.0,0.9964071257630952,0.9995298955114423,0.0,0.0,2.3850339620223437e-06,5.39,linear_centered_per_block
20261002T074546Z,2026-10-02T07:45:46.387974+00:00,c2e1a5d38dfc92996309e1e4df5f070b41e7ae38,atlas-47,npu:0,2.7.1+cpu,2.7.1.post10,3.9.9,1445909850291377994,1790927145632619964,1024,1024,3072,fp32,"N(1e-6,1)",24,10000,256,0.5,320000,160318,0,0,160318,160318,160032,0,40799682,160318,160032,0,159682,160032,0.9982160456093514,0.9982160456093514,0.0,0.0,0.9982160456093514,1.0,0.0,0.0,2.3850339620223437e-06,5.39,linear_centered_per_block
20261002T074546Z,2026-10-02T07:45:46.387974+00:00,c2e1a5d38dfc92996309e1e4df5f070b41e7ae38,atlas-47,npu:0,2.7.1+cpu,2.7.1.post10,3.9.9,383020192719722945,1790927145632619964,1024,1024,3072,fp32,"N(1e-6,1)",25,10000,256,0.5,320000,159892,0,0,159892,159892,159781,0,40800108,159892,159781,0,160108,159742,0.9993057814024466,0.9993057814024466,0.0,0.0,0.999061866760063,0.9997559159099016,0.0,0.0,2.3850339620223437e-06,5.39,linear_centered_per_block
20261002T074546Z,2026-10-02T07:45:46.387974+00:00,c2e1a5d38dfc92996309e1e4df5f070b41e7ae38,atlas-47,npu:0,2.7.1+cpu,2.7.1.post10,3.9.9,4886490657370255220,1790927145632619964,1024,1024,3072,fp32,"N(1e-6,1)",26,10000,256,0.5,320000,160450,0,0,160450,160450,160070,0,40799550,160450,160070,0,159550,160031,0.9976316609535681,0.9976316609535681,0.0,0.0,0.9973885945777501,0.9997563565939901,0.0,0.0,2.3850339620223437e-06,5.39,linear_centered_per_block
20261002T074546Z,2026-10-02T07:45:46.387974+00:00,c2e1a5d38dfc92996309e1e4df5f070b41e7ae38,atlas-47,npu:0,2.7.1+cpu,2.7.1.post10,3.9.9,6536244714884316061,1790927145632619964,1024,1024,3072,fp32,"N(1e-6,1)",27,10000,256,0.5,320000,160380,0,0,160380,160380,160040,0,40799620,160380,160040,0,159620,159997,0.997880034917072,0.997880034917072,0.0,0.0,0.9976119216859958,0.9997313171707073,0.0,0.0,2.3850339620223437e-06,5.39,linear_centered_per_block
20261002T074546Z,2026-10-02T07:45:46.387974+00:00,c2e1a5d38dfc92996309e1e4df5f070b41e7ae38,atlas-47,npu:0,2.7.1+cpu,2.7.1.post10,3.9.9,6142992072685389626,1790927145632619964,1024,1024,3072,fp32,"N(1e-6,1)",28,10000,256,0.5,320000,160438,0,0,160438,160438,160090,0,40799562,160438,160090,0,159562,160044,0.9978309378077512,0.9978309378077512,0.0,0.0,0.9975442226903851,0.9997126616278343,0.0,0.0,2.3850339620223437e-06,5.39,linear_centered_per_block
20261002T074546Z,2026-10-02T07:45:46.387974+00:00,c2e1a5d38dfc92996309e1e4df5f070b41e7ae38,atlas-47,npu:0,2.7.1+cpu,2.7.1.post10,3.9.9,4448142596999683433,1790927145632619964,1024,1024,3072,fp32,"N(1e-6,1)",29,10000,256,0.5,320000,160292,0,0,160292,160292,159904,0,40799708,160292,159904,0,159708,159862,0.9975794175629477,0.9975794175629477,0.0,0.0,0.9973173957527512,0.9997373424054433,0.0,0.0,2.3850339620223437e-06,5.39,linear_centered_per_block
20261002T074546Z,2026-10-02T07:45:46.387974+00:00,c2e1a5d38dfc92996309e1e4df5f070b41e7ae38,atlas-47,npu:0,2.7.1+cpu,2.7.1.post10,3.9.9,8499153486443795651,1790927145632619964,1024,1024,3072,fp32,"N(1e-6,1)",30,10000,256,0.5,320000,160402,2313,0,158089,158089,158089,0,40799598,158089,158089,0,159598,155880,1.0,1.0,0.0,0.0,0.9860268582886855,0.9860268582886855,0.014420019700502487,0.0,2.3850339620223437e-06,5.39,linear_centered_per_block
20261002T074546Z,2026-10-02T07:45:46.387974+00:00,c2e1a5d38dfc92996309e1e4df5f070b41e7ae38,atlas-47,npu:0,2.7.1+cpu,2.7.1.post10,3.9.9,8540621644461053418,1790927145632619964,1024,1024,3072,fp32,TruncN,23,10000,256,0.5,320000,160474,0,0,160474,160474,160474,0,40799526,160474,160474,0,159526,160474,1.0,1.0,0.0,0.0,1.0,1.0,0.0,0.0,2.3850339620223437e-06,5.39,linear_centered_per_block
20261002T074546Z,2026-10-02T07:45:46.387974+00:00,c2e1a5d38dfc92996309e1e4df5f070b41e7ae38,atlas-47,npu:0,2.7.1+cpu,2.7.1.post10,3.9.9,2201307710188303186,1790927145632619964,1024,1024,3072,fp32,TruncN,24,10000,256,0.5,320000,160061,0,0,160061,160061,160061,0,40799939,160061,160061,0,159939,160061,1.0,1.0,0.0,0.0,1.0,1.0,0.0,0.0,2.3850339620223437e-06,5.39,linear_centered_per_block
20261002T074546Z,2026-10-02T07:45:46.387974+00:00,c2e1a5d38dfc92996309e1e4df5f070b41e7ae38,atlas-47,npu:0,2.7.1+cpu,2.7.1.post10,3.9.9,2001580877005483960,1790927145632619964,1024,1024,3072,fp32,TruncN,25,10000,256,0.5,320000,160488,0,0,160488,160488,160488,0,40799512,160488,160488,0,159512,160488,1.0,1.0,0.0,0.0,1.0,1.0,0.0,0.0,2.3850339620223437e-06,5.39,linear_centered_per_block
20261002T074546Z,2026-10-02T07:45:46.387974+00:00,c2e1a5d38dfc92996309e1e4df5f070b41e7ae38,atlas-47,npu:0,2.7.1+cpu,2.7.1.post10,3.9.9,7248401554663260402,1790927145632619964,1024,1024,3072,fp32,TruncN,26,10000,256,0.5,320000,159885,0,0,159885,159885,159885,0,40800115,159885,159885,0,160115,159885,1.0,1.0,0.0,0.0,1.0,1.0,0.0,0.0,2.3850339620223437e-06,5.39,linear_centered_per_block
20261002T074546Z,2026-10-02T07:45:46.387974+00:00,c2e1a5d38dfc92996309e1e4df5f070b41e7ae38,atlas-47,npu:0,2.7.1+cpu,2.7.1.post10,3.9.9,6638503828324725763,1790927145632619964,1024,1024,3072,fp32,TruncN,27,10000,256,0.5,320000,160106,0,0,160106,160106,160106,0,40799894,160106,160106,0,159894,160106,1.0,1.0,0.0,0.0,1.0,1.0,0.0,0.0,2.3850339620223437e-06,5.39,linear_centered_per_block
20261002T074546Z,2026-10-02T07:45:46.387974+00:00,c2e1a5d38dfc92996309e1e4df5f070b41e7ae38,atlas-47,npu:0,2.7.1+cpu,2.7.1.post10,3.9.9,7806227873110670812,1790927145632619964,1024,1024,3072,fp32,TruncN,28,10000,256,0.5,320000,160044,0,0,160044,160044,160044,0,40799956,160044,160044,0,159956,160044,1.0,1.0,0.0,0.0,1.0,1.0,0.0,0.0,2.3850339620223437e-06,5.39,linear_centered_per_block
20261002T074546Z,2026-10-02T07:45:46.387974+00:00,c2e1a5d38dfc92996309e1e4df5f070b41e7ae38,atlas-47,npu:0,2.7.1+cpu,2.7.1.post10,3.9.9,2282506656316282443,1790927145632619964,1024,1024,3072,fp32,TruncN,29,10000,256,0.5,320000,160052,0,0,160052,160052,160052,0,40799948,160052,160052,0,159948,160052,1.0,1.0,0.0,0.0,1.0,1.0,0.0,0.0,2.3850339620223437e-06,5.39,linear_centered_per_block
20261002T074546Z,2026-10-02T07:45:46.387974+00:00,c2e1a5d38dfc92996309e1e4df5f070b41e7ae38,atlas-47,npu:0,2.7.1+cpu,2.7.1.post10,3.9.9,2213727541402830673,1790927145632619964,1024,1024,3072,fp32,TruncN,30,10000,256,0.5,320000,159794,0,0,159794,159794,159794,0,40800206,159794,159794,0,160206,159794,1.0,1.0,0.0,0.0,1.0,1.0,0.0,0.0,2.3850339620223437e-06,5.39,linear_centered_per_block
20261002T074546Z,2026-10-02T07:45:46.387974+00:00,c2e1a5d38dfc92996309e1e4df5f070b41e7ae38,atlas-47,npu:0,2.7.1+cpu,2.7.1.post10,3.9.9,8455367012209086507,1790927145632619964,1024,1024,3072,fp32,"U(-1,1)",23,10000,256,0.5,320000,159401,0,0,159401,159401,159194,0,40800599,159401,159194,0,160599,159010,0.9987013883225325,0.9987013883225325,0.0,0.0,0.9975470668314502,0.9988441775443798,0.0,0.0,2.3850339620223437e-06,5.39,linear_centered_per_block
20261002T074546Z,2026-10-02T07:45:46.387974+00:00,c2e1a5d38dfc92996309e1e4df5f070b41e7ae38,atlas-47,npu:0,2.7.1+cpu,2.7.1.post10,3.9.9,7527396160574432969,1790927145632619964,1024,1024,3072,fp32,"U(-1,1)",24,10000,256,0.5,320000,160392,0,0,160392,160392,160355,0,40799608,160392,160355,0,159608,160174,0.9997693151778143,0.9997693151778143,0.0,0.0,0.9986408299665819,0.9988712544042905,0.0,0.0,2.3850339620223437e-06,5.39,linear_centered_per_block
20261002T074546Z,2026-10-02T07:45:46.387974+00:00,c2e1a5d38dfc92996309e1e4df5f070b41e7ae38,atlas-47,npu:0,2.7.1+cpu,2.7.1.post10,3.9.9,4084013964963583079,1790927145632619964,1024,1024,3072,fp32,"U(-1,1)",25,10000,256,0.5,320000,159598,0,0,159598,159598,159538,0,40800402,159598,159538,0,160402,159536,0.9996240554392912,0.9996240554392912,0.0,0.0,0.9996115239539343,0.9999874638017275,0.0,0.0,2.3850339620223437e-06,5.39,linear_centered_per_block
20261002T074546Z,2026-10-02T07:45:46.387974+00:00,c2e1a5d38dfc92996309e1e4df5f070b41e7ae38,atlas-47,npu:0,2.7.1+cpu,2.7.1.post10,3.9.9,1938128345779790237,1790927145632619964,1024,1024,3072,fp32,"U(-1,1)",26,10000,256,0.5,320000,159760,0,0,159760,159760,159691,0,40800240,159760,159691,0,160240,159565,0.9995681021532299,0.9995681021532299,0.0,0.0,0.9987794191286931,0.999210976197782,0.0,0.0,2.3850339620223437e-06,5.39,linear_centered_per_block
20261002T074546Z,2026-10-02T07:45:46.387974+00:00,c2e1a5d38dfc92996309e1e4df5f070b41e7ae38,atlas-47,npu:0,2.7.1+cpu,2.7.1.post10,3.9.9,3486571579052174673,1790927145632619964,1024,1024,3072,fp32,"U(-1,1)",27,10000,256,0.5,320000,159726,0,0,159726,159726,159583,0,40800274,159726,159583,0,160274,159442,0.9991047168275672,0.9991047168275672,0.0,0.0,0.9982219550981055,0.9991164472406209,0.0,0.0,2.3850339620223437e-06,5.39,linear_centered_per_block
20261002T074546Z,2026-10-02T07:45:46.387974+00:00,c2e1a5d38dfc92996309e1e4df5f070b41e7ae38,atlas-47,npu:0,2.7.1+cpu,2.7.1.post10,3.9.9,3027610567725861824,1790927145632619964,1024,1024,3072,fp32,"U(-1,1)",28,10000,256,0.5,320000,159755,0,0,159755,159755,159630,0,40800245,159755,159630,0,160245,159511,0.9992175518763106,0.9992175518763106,0.0,0.0,0.9984726612625583,0.9992545260915868,0.0,0.0,2.3850339620223437e-06,5.39,linear_centered_per_block
20261002T074546Z,2026-10-02T07:45:46.387974+00:00,c2e1a5d38dfc92996309e1e4df5f070b41e7ae38,atlas-47,npu:0,2.7.1+cpu,2.7.1.post10,3.9.9,2239925851356458466,1790927145632619964,1024,1024,3072,fp32,"U(-1,1)",29,10000,256,0.5,320000,160272,0,0,160272,160272,160145,0,40799728,160272,160145,0,159728,159995,0.9992075970849555,0.9992075970849555,0.0,0.0,0.9982716881301787,0.9990633488401136,0.0,0.0,2.3850339620223437e-06,5.39,linear_centered_per_block
20261002T074546Z,2026-10-02T07:45:46.387974+00:00,c2e1a5d38dfc92996309e1e4df5f070b41e7ae38,atlas-47,npu:0,2.7.1+cpu,2.7.1.post10,3.9.9,8120832838134560375,1790927145632619964,1024,1024,3072,fp32,"U(-1,1)",30,10000,256,0.5,320000,160444,6912,0,153532,153532,153532,0,40799556,153532,153532,0,159556,146826,1.0,1.0,0.0,0.0,0.9563218091342521,0.9563218091342521,0.04308045174640373,0.0,2.3850339620223437e-06,5.39,linear_centered_per_block
20261002T074546Z,2026-10-02T07:45:46.387974+00:00,c2e1a5d38dfc92996309e1e4df5f070b41e7ae38,atlas-47,npu:0,2.7.1+cpu,2.7.1.post10,3.9.9,7692299883308553344,1790927145632619964,1024,1024,4096,bf16,"N(1,1)",7,10000,256,0.5,320000,159908,0,0,159908,159908,0,0,40800092,159908,0,0,160092,0,0.0,0.0,0.0,0.0,0.0,,0.0,0.0,0.008,5.39,linear_centered_per_block
20261002T074546Z,2026-10-02T07:45:46.387974+00:00,c2e1a5d38dfc92996309e1e4df5f070b41e7ae38,atlas-47,npu:0,2.7.1+cpu,2.7.1.post10,3.9.9,7764197561633849725,1790927145632619964,1024,1024,4096,bf16,"N(1,1)",8,10000,256,0.5,320000,160035,0,0,160035,160035,0,0,40799965,160035,0,0,159965,0,0.0,0.0,0.0,0.0,0.0,,0.0,0.0,0.008,5.39,linear_centered_per_block
20261002T074546Z,2026-10-02T07:45:46.387974+00:00,c2e1a5d38dfc92996309e1e4df5f070b41e7ae38,atlas-47,npu:0,2.7.1+cpu,2.7.1.post10,3.9.9,7421073498110247169,1790927145632619964,1024,1024,4096,bf16,"N(1,1)",9,10000,256,0.5,320000,160493,0,0,160493,160493,160493,0,40799507,160493,160493,0,159507,157264,1.0,1.0,0.0,0.0,0.9798807424622881,0.9798807424622881,0.0,0.0,0.008,5.39,linear_centered_per_block
20261002T074546Z,2026-10-02T07:45:46.387974+00:00,c2e1a5d38dfc92996309e1e4df5f070b41e7ae38,atlas-47,npu:0,2.7.1+cpu,2.7.1.post10,3.9.9,4631322347159625118,1790927145632619964,1024,1024,4096,bf16,"N(1,1)",10,10000,256,0.5,320000,159908,0,0,159908,159908,0,0,40800092,159908,0,0,160092,0,0.0,0.0,0.0,0.0,0.0,,0.0,0.0,0.008,5.39,linear_centered_per_block
20261002T074546Z,2026-10-02T07:45:46.387974+00:00,c2e1a5d38dfc92996309e1e4df5f070b41e7ae38,atlas-47,npu:0,2.7.1+cpu,2.7.1.post10,3.9.9,5899796242964496011,1790927145632619964,1024,1024,4096,bf16,"N(1,1)",11,10000,256,0.5,320000,160487,0,0,160487,160487,160487,0,40799513,160487,160487,0,159513,160487,1.0,1.0,0.0,0.0,1.0,1.0,0.0,0.0,0.008,5.39,linear_centered_per_block
20261002T074546Z,2026-10-02T07:45:46.387974+00:00,c2e1a5d38dfc92996309e1e4df5f070b41e7ae38,atlas-47,npu:0,2.7.1+cpu,2.7.1.post10,3.9.9,8212117319339572194,1790927145632619964,1024,1024,4096,bf16,"N(1,1)",12,10000,256,0.5,320000,159324,0,0,159324,159324,159324,0,40800676,159324,159324,0,160676,159324,1.0,1.0,0.0,0.0,1.0,1.0,0.0,0.0,0.008,5.39,linear_centered_per_block
20261002T074546Z,2026-10-02T07:45:46.387974+00:00,c2e1a5d38dfc92996309e1e4df5f070b41e7ae38,atlas-47,npu:0,2.7.1+cpu,2.7.1.post10,3.9.9,1232685229527864263,1790927145632619964,1024,1024,4096,bf16,"N(1,1)",13,10000,256,0.5,320000,159792,0,0,159792,159792,159792,0,40800208,159792,159792,0,160208,159792,1.0,1.0,0.0,0.0,1.0,1.0,0.0,0.0,0.008,5.39,linear_centered_per_block
20261002T074546Z,2026-10-02T07:45:46.387974+00:00,c2e1a5d38dfc92996309e1e4df5f070b41e7ae38,atlas-47,npu:0,2.7.1+cpu,2.7.1.post10,3.9.9,1191880166642342121,1790927145632619964,1024,1024,4096,bf16,"N(1,1)",14,10000,256,0.5,320000,160198,0,0,160198,160198,0,0,40799802,160198,0,0,159802,0,0.0,0.0,0.0,0.0,0.0,,0.0,0.0,0.008,5.39,linear_centered_per_block
20261002T074546Z,2026-10-02T07:45:46.387974+00:00,c2e1a5d38dfc92996309e1e4df5f070b41e7ae38,atlas-47,npu:0,2.7.1+cpu,2.7.1.post10,3.9.9,361670024788825213,1790927145632619964,1024,1024,4096,bf16,"N(1e-6,1)",7,10000,256,0.5,320000,160371,0,0,160371,160371,0,0,40799629,160371,0,0,159629,0,0.0,0.0,0.0,0.0,0.0,,0.0,0.0,0.008,5.39,linear_centered_per_block
20261002T074546Z,2026-10-02T07:45:46.387974+00:00,c2e1a5d38dfc92996309e1e4df5f070b41e7ae38,atlas-47,npu:0,2.7.1+cpu,2.7.1.post10,3.9.9,623939824436991518,1790927145632619964,1024,1024,4096,bf16,"N(1e-6,1)",8,10000,256,0.5,320000,159754,0,0,159754,159754,0,0,40800246,159754,0,0,160246,0,0.0,0.0,0.0,0.0,0.0,,0.0,0.0,0.008,5.39,linear_centered_per_block
20261002T074546Z,2026-10-02T07:45:46.387974+00:00,c2e1a5d38dfc92996309e1e4df5f070b41e7ae38,atlas-47,npu:0,2.7.1+cpu,2.7.1.post10,3.9.9,972967352780749127,1790927145632619964,1024,1024,4096,bf16,"N(1e-6,1)",9,10000,256,0.5,320000,160065,0,0,160065,160065,0,0,40799935,160065,0,0,159935,0,0.0,0.0,0.0,0.0,0.0,,0.0,0.0,0.008,5.39,linear_centered_per_block
20261002T074546Z,2026-10-02T07:45:46.387974+00:00,c2e1a5d38dfc92996309e1e4df5f070b41e7ae38,atlas-47,npu:0,2.7.1+cpu,2.7.1.post10,3.9.9,4222768610391389927,1790927145632619964,1024,1024,4096,bf16,"N(1e-6,1)",10,10000,256,0.5,320000,160061,0,0,160061,160061,155300,0,40799939,160061,155300,0,159939,155169,0.9702550902468434,0.9702550902468434,0.0,0.0,0.9694366522763197,0.9991564713457823,0.0,0.0,0.008,5.39,linear_centered_per_block
20261002T074546Z,2026-10-02T07:45:46.387974+00:00,c2e1a5d38dfc92996309e1e4df5f070b41e7ae38,atlas-47,npu:0,2.7.1+cpu,2.7.1.post10,3.9.9,2607832896187149378,1790927145632619964,1024,1024,4096,bf16,"N(1e-6,1)",11,10000,256,0.5,320000,160066,0,0,160066,160066,156150,0,40799934,160066,156150,0,159934,156150,0.9755350917746429,0.9755350917746429,0.0,0.0,0.9755350917746429,1.0,0.0,0.0,0.008,5.39,linear_centered_per_block
20261002T074546Z,2026-10-02T07:45:46.387974+00:00,c2e1a5d38dfc92996309e1e4df5f070b41e7ae38,atlas-47,npu:0,2.7.1+cpu,2.7.1.post10,3.9.9,7725627050035833635,1790927145632619964,1024,1024,4096,bf16,"N(1e-6,1)",12,10000,256,0.5,320000,159967,0,0,159967,159967,156033,0,40800033,159967,156033,0,160033,156033,0.9754074277819801,0.9754074277819801,0.0,0.0,0.9754074277819801,1.0,0.0,0.0,0.008,5.39,linear_centered_per_block
20261002T074546Z,2026-10-02T07:45:46.387974+00:00,c2e1a5d38dfc92996309e1e4df5f070b41e7ae38,atlas-47,npu:0,2.7.1+cpu,2.7.1.post10,3.9.9,1392290989594432961,1790927145632619964,1024,1024,4096,bf16,"N(1e-6,1)",13,10000,256,0.5,320000,159771,0,0,159771,159771,155844,0,40800229,159771,155844,0,160229,155844,0.9754210714084534,0.9754210714084534,0.0,0.0,0.9754210714084534,1.0,0.0,0.0,0.008,5.39,linear_centered_per_block
20261002T074546Z,2026-10-02T07:45:46.387974+00:00,c2e1a5d38dfc92996309e1e4df5f070b41e7ae38,atlas-47,npu:0,2.7.1+cpu,2.7.1.post10,3.9.9,2940803847951067778,1790927145632619964,1024,1024,4096,bf16,"N(1e-6,1)",14,10000,256,0.5,320000,160120,1992,12,158116,158128,1921,0,40799880,158128,1921,0,159880,88,0.012148386117575636,0.012148386117575636,0.0,0.0,0.0005565111808155419,0.045809474232170744,0.012440669497876592,7.494379215588309e-05,0.008,5.39,linear_centered_per_block
20261002T074546Z,2026-10-02T07:45:46.387974+00:00,c2e1a5d38dfc92996309e1e4df5f070b41e7ae38,atlas-47,npu:0,2.7.1+cpu,2.7.1.post10,3.9.9,8200416632517114119,1790927145632619964,1024,1024,4096,bf16,TruncN,7,10000,256,0.5,320000,159837,0,0,159837,159837,0,0,40800163,159837,0,0,160163,0,0.0,0.0,0.0,0.0,0.0,,0.0,0.0,0.008,5.39,linear_centered_per_block
20261002T074546Z,2026-10-02T07:45:46.387974+00:00,c2e1a5d38dfc92996309e1e4df5f070b41e7ae38,atlas-47,npu:0,2.7.1+cpu,2.7.1.post10,3.9.9,6954758935404978097,1790927145632619964,1024,1024,4096,bf16,TruncN,8,10000,256,0.5,320000,159648,0,0,159648,159648,0,0,40800352,159648,0,0,160352,0,0.0,0.0,0.0,0.0,0.0,,0.0,0.0,0.008,5.39,linear_centered_per_block
20261002T074546Z,2026-10-02T07:45:46.387974+00:00,c2e1a5d38dfc92996309e1e4df5f070b41e7ae38,atlas-47,npu:0,2.7.1+cpu,2.7.1.post10,3.9.9,8056500977202781945,1790927145632619964,1024,1024,4096,bf16,TruncN,9,10000,256,0.5,320000,159871,0,0,159871,159871,159871,0,40800129,159871,159871,0,160129,156195,1.0,1.0,0.0,0.0,0.9770064614595517,0.9770064614595517,0.0,0.0,0.008,5.39,linear_centered_per_block
20261002T074546Z,2026-10-02T07:45:46.387974+00:00,c2e1a5d38dfc92996309e1e4df5f070b41e7ae38,atlas-47,npu:0,2.7.1+cpu,2.7.1.post10,3.9.9,7727461618479763147,1790927145632619964,1024,1024,4096,bf16,TruncN,10,10000,256,0.5,320000,160544,0,0,160544,160544,0,0,40799456,160544,0,0,159456,0,0.0,0.0,0.0,0.0,0.0,,0.0,0.0,0.008,5.39,linear_centered_per_block
20261002T074546Z,2026-10-02T07:45:46.387974+00:00,c2e1a5d38dfc92996309e1e4df5f070b41e7ae38,atlas-47,npu:0,2.7.1+cpu,2.7.1.post10,3.9.9,2210235283317881356,1790927145632619964,1024,1024,4096,bf16,TruncN,11,10000,256,0.5,320000,160397,0,0,160397,160397,160397,0,40799603,160397,160397,0,159603,160397,1.0,1.0,0.0,0.0,1.0,1.0,0.0,0.0,0.008,5.39,linear_centered_per_block
20261002T074546Z,2026-10-02T07:45:46.387974+00:00,c2e1a5d38dfc92996309e1e4df5f070b41e7ae38,atlas-47,npu:0,2.7.1+cpu,2.7.1.post10,3.9.9,8090142891220637283,1790927145632619964,1024,1024,4096,bf16,TruncN,12,10000,256,0.5,320000,160116,0,0,160116,160116,160116,0,40799884,160116,160116,0,159884,160116,1.0,1.0,0.0,0.0,1.0,1.0,0.0,0.0,0.008,5.39,linear_centered_per_block
20261002T074546Z,2026-10-02T07:45:46.387974+00:00,c2e1a5d38dfc92996309e1e4df5f070b41e7ae38,atlas-47,npu:0,2.7.1+cpu,2.7.1.post10,3.9.9,6591457067442325182,1790927145632619964,1024,1024,4096,bf16,TruncN,13,10000,256,0.5,320000,159859,0,0,159859,159859,159859,0,40800141,159859,159859,0,160141,159859,1.0,1.0,0.0,0.0,1.0,1.0,0.0,0.0,0.008,5.39,linear_centered_per_block
20261002T074546Z,2026-10-02T07:45:46.387974+00:00,c2e1a5d38dfc92996309e1e4df5f070b41e7ae38,atlas-47,npu:0,2.7.1+cpu,2.7.1.post10,3.9.9,3555295987380066270,1790927145632619964,1024,1024,4096,bf16,TruncN,14,10000,256,0.5,320000,159898,0,0,159898,159898,0,0,40800102,159898,0,0,160102,0,0.0,0.0,0.0,0.0,0.0,,0.0,0.0,0.008,5.39,linear_centered_per_block
20261002T074546Z,2026-10-02T07:45:46.387974+00:00,c2e1a5d38dfc92996309e1e4df5f070b41e7ae38,atlas-47,npu:0,2.7.1+cpu,2.7.1.post10,3.9.9,8974448888000556113,1790927145632619964,1024,1024,4096,bf16,"U(-1,1)",7,10000,256,0.5,320000,160649,0,0,160649,160649,0,0,40799351,160649,0,0,159351,0,0.0,0.0,0.0,0.0,0.0,,0.0,0.0,0.008,5.39,linear_centered_per_block
20261002T074546Z,2026-10-02T07:45:46.387974+00:00,c2e1a5d38dfc92996309e1e4df5f070b41e7ae38,atlas-47,npu:0,2.7.1+cpu,2.7.1.post10,3.9.9,83772645489265609,1790927145632619964,1024,1024,4096,bf16,"U(-1,1)",8,10000,256,0.5,320000,160274,0,0,160274,160274,21446,0,40799726,160274,21446,0,159726,15382,0.1338083531951533,0.1338083531951533,0.0,0.0,0.09597314598749641,0.7172433087755292,0.0,0.0,0.008,5.39,linear_centered_per_block
20261002T074546Z,2026-10-02T07:45:46.387974+00:00,c2e1a5d38dfc92996309e1e4df5f070b41e7ae38,atlas-47,npu:0,2.7.1+cpu,2.7.1.post10,3.9.9,3634506505642705819,1790927145632619964,1024,1024,4096,bf16,"U(-1,1)",9,10000,256,0.5,320000,159919,0,0,159919,159919,110137,0,40800081,159919,110137,0,160081,96347,0.6887049068590975,0.6887049068590975,0.0,0.0,0.6024737523371206,0.8747923041303104,0.0,0.0,0.008,5.39,linear_centered_per_block
20261002T074546Z,2026-10-02T07:45:46.387974+00:00,c2e1a5d38dfc92996309e1e4df5f070b41e7ae38,atlas-47,npu:0,2.7.1+cpu,2.7.1.post10,3.9.9,4708428824704372596,1790927145632619964,1024,1024,4096,bf16,"U(-1,1)",10,10000,256,0.5,320000,159577,0,0,159577,159577,147695,0,40800423,159577,147695,0,160423,147694,0.9255406480883837,0.9255406480883837,0.0,0.0,0.9255343815211465,0.999993229290091,0.0,0.0,0.008,5.39,linear_centered_per_block
20261002T074546Z,2026-10-02T07:45:46.387974+00:00,c2e1a5d38dfc92996309e1e4df5f070b41e7ae38,atlas-47,npu:0,2.7.1+cpu,2.7.1.post10,3.9.9,5790696440281476906,1790927145632619964,1024,1024,4096,bf16,"U(-1,1)",11,10000,256,0.5,320000,159924,0,0,159924,159924,148037,0,40800076,159924,148037,0,160076,148037,0.9256709436982566,0.9256709436982566,0.0,0.0,0.9256709436982566,1.0,0.0,0.0,0.008,5.39,linear_centered_per_block
20261002T074546Z,2026-10-02T07:45:46.387974+00:00,c2e1a5d38dfc92996309e1e4df5f070b41e7ae38,atlas-47,npu:0,2.7.1+cpu,2.7.1.post10,3.9.9,8802680636190761946,1790927145632619964,1024,1024,4096,bf16,"U(-1,1)",12,10000,256,0.5,320000,159800,0,0,159800,159800,147824,0,40800200,159800,147824,0,160200,147824,0.9250563204005007,0.9250563204005007,0.0,0.0,0.9250563204005007,1.0,0.0,0.0,0.008,5.39,linear_centered_per_block
20261002T074546Z,2026-10-02T07:45:46.387974+00:00,c2e1a5d38dfc92996309e1e4df5f070b41e7ae38,atlas-47,npu:0,2.7.1+cpu,2.7.1.post10,3.9.9,8523602750957813418,1790927145632619964,1024,1024,4096,bf16,"U(-1,1)",13,10000,256,0.5,320000,159906,0,0,159906,159906,147871,0,40800094,159906,147871,0,160094,147871,0.9247370330068916,0.9247370330068916,0.0,0.0,0.9247370330068916,1.0,0.0,0.0,0.008,5.39,linear_centered_per_block
20261002T074546Z,2026-10-02T07:45:46.387974+00:00,c2e1a5d38dfc92996309e1e4df5f070b41e7ae38,atlas-47,npu:0,2.7.1+cpu,2.7.1.post10,3.9.9,7854081447954985990,1790927145632619964,1024,1024,4096,bf16,"U(-1,1)",14,10000,256,0.5,320000,160027,5731,32,154264,154296,6266,0,40799973,154296,6266,0,159973,323,0.04061025561258879,0.04061025561258879,0.0,0.0,0.0020933789599211906,0.051548037025215446,0.035812706605760275,0.00019996625569435159,0.008,5.39,linear_centered_per_block
20261002T074546Z,2026-10-02T07:45:46.387974+00:00,c2e1a5d38dfc92996309e1e4df5f070b41e7ae38,atlas-47,npu:0,2.7.1+cpu,2.7.1.post10,3.9.9,237523186392228278,1790927145632619964,1024,1024,4096,fp32,"N(1,1)",23,10000,256,0.5,320000,160227,0,0,160227,160227,160227,0,40799773,160227,160227,0,159773,160227,1.0,1.0,0.0,0.0,1.0,1.0,0.0,0.0,2.754e-06,5.39,linear_centered_per_block
20261002T074546Z,2026-10-02T07:45:46.387974+00:00,c2e1a5d38dfc92996309e1e4df5f070b41e7ae38,atlas-47,npu:0,2.7.1+cpu,2.7.1.post10,3.9.9,4515866273737344011,1790927145632619964,1024,1024,4096,fp32,"N(1,1)",24,10000,256,0.5,320000,160106,0,0,160106,160106,160106,0,40799894,160106,160106,0,159894,160106,1.0,1.0,0.0,0.0,1.0,1.0,0.0,0.0,2.754e-06,5.39,linear_centered_per_block
20261002T074546Z,2026-10-02T07:45:46.387974+00:00,c2e1a5d38dfc92996309e1e4df5f070b41e7ae38,atlas-47,npu:0,2.7.1+cpu,2.7.1.post10,3.9.9,2973259533445122531,1790927145632619964,1024,1024,4096,fp32,"N(1,1)",25,10000,256,0.5,320000,159473,0,0,159473,159473,159473,0,40800527,159473,159473,0,160527,159473,1.0,1.0,0.0,0.0,1.0,1.0,0.0,0.0,2.754e-06,5.39,linear_centered_per_block
20261002T074546Z,2026-10-02T07:45:46.387974+00:00,c2e1a5d38dfc92996309e1e4df5f070b41e7ae38,atlas-47,npu:0,2.7.1+cpu,2.7.1.post10,3.9.9,2749973049334345531,1790927145632619964,1024,1024,4096,fp32,"N(1,1)",26,10000,256,0.5,320000,159813,0,0,159813,159813,159813,0,40800187,159813,159813,0,160187,159813,1.0,1.0,0.0,0.0,1.0,1.0,0.0,0.0,2.754e-06,5.39,linear_centered_per_block
20261002T074546Z,2026-10-02T07:45:46.387974+00:00,c2e1a5d38dfc92996309e1e4df5f070b41e7ae38,atlas-47,npu:0,2.7.1+cpu,2.7.1.post10,3.9.9,6433719134479473000,1790927145632619964,1024,1024,4096,fp32,"N(1,1)",27,10000,256,0.5,320000,160162,0,0,160162,160162,160162,0,40799838,160162,160162,0,159838,160162,1.0,1.0,0.0,0.0,1.0,1.0,0.0,0.0,2.754e-06,5.39,linear_centered_per_block
20261002T074546Z,2026-10-02T07:45:46.387974+00:00,c2e1a5d38dfc92996309e1e4df5f070b41e7ae38,atlas-47,npu:0,2.7.1+cpu,2.7.1.post10,3.9.9,3214044658232525002,1790927145632619964,1024,1024,4096,fp32,"N(1,1)",28,10000,256,0.5,320000,159549,0,0,159549,159549,159549,0,40800451,159549,159549,0,160451,159549,1.0,1.0,0.0,0.0,1.0,1.0,0.0,0.0,2.754e-06,5.39,linear_centered_per_block
20261002T074546Z,2026-10-02T07:45:46.387974+00:00,c2e1a5d38dfc92996309e1e4df5f070b41e7ae38,atlas-47,npu:0,2.7.1+cpu,2.7.1.post10,3.9.9,7123531333694428270,1790927145632619964,1024,1024,4096,fp32,"N(1,1)",29,10000,256,0.5,320000,160150,0,0,160150,160150,160150,0,40799850,160150,160150,0,159850,160150,1.0,1.0,0.0,0.0,1.0,1.0,0.0,0.0,2.754e-06,5.39,linear_centered_per_block
20261002T074546Z,2026-10-02T07:45:46.387974+00:00,c2e1a5d38dfc92996309e1e4df5f070b41e7ae38,atlas-47,npu:0,2.7.1+cpu,2.7.1.post10,3.9.9,5214150945132091474,1790927145632619964,1024,1024,4096,fp32,"N(1,1)",30,10000,256,0.5,320000,160063,0,0,160063,160063,160063,0,40799937,160063,160063,0,159937,160063,1.0,1.0,0.0,0.0,1.0,1.0,0.0,0.0,2.754e-06,5.39,linear_centered_per_block
20261002T074546Z,2026-10-02T07:45:46.387974+00:00,c2e1a5d38dfc92996309e1e4df5f070b41e7ae38,atlas-47,npu:0,2.7.1+cpu,2.7.1.post10,3.9.9,3505938849191508840,1790927145632619964,1024,1024,4096,fp32,"N(1e-6,1)",23,10000,256,0.5,320000,160277,0,0,160277,160277,159542,0,40799723,160277,159542,0,159723,159502,0.9954141891849735,0.9954141891849735,0.0,0.0,0.9951646212494619,0.9997492823206429,0.0,0.0,2.754e-06,5.39,linear_centered_per_block
20261002T074546Z,2026-10-02T07:45:46.387974+00:00,c2e1a5d38dfc92996309e1e4df5f070b41e7ae38,atlas-47,npu:0,2.7.1+cpu,2.7.1.post10,3.9.9,6848450666675793534,1790927145632619964,1024,1024,4096,fp32,"N(1e-6,1)",24,10000,256,0.5,320000,159786,0,0,159786,159786,159533,0,40800214,159786,159533,0,160214,159517,0.9984166322456285,0.9984166322456285,0.0,0.0,0.9983164983164983,0.9998997072705961,0.0,0.0,2.754e-06,5.39,linear_centered_per_block
20261002T074546Z,2026-10-02T07:45:46.387974+00:00,c2e1a5d38dfc92996309e1e4df5f070b41e7ae38,atlas-47,npu:0,2.7.1+cpu,2.7.1.post10,3.9.9,573258177408411814,1790927145632619964,1024,1024,4096,fp32,"N(1e-6,1)",25,10000,256,0.5,320000,160147,0,0,160147,160147,159914,0,40799853,160147,159914,0,159853,159870,0.9985450867015929,0.9985450867015929,0.0,0.0,0.9982703391259281,0.9997248521080081,0.0,0.0,2.754e-06,5.39,linear_centered_per_block
20261002T074546Z,2026-10-02T07:45:46.387974+00:00,c2e1a5d38dfc92996309e1e4df5f070b41e7ae38,atlas-47,npu:0,2.7.1+cpu,2.7.1.post10,3.9.9,4021768140398651685,1790927145632619964,1024,1024,4096,fp32,"N(1e-6,1)",26,10000,256,0.5,320000,159804,0,0,159804,159804,159383,0,40800196,159804,159383,0,160196,159344,0.9973655227653876,0.9973655227653876,0.0,0.0,0.9971214738054116,0.9997553064003062,0.0,0.0,2.754e-06,5.39,linear_centered_per_block
20261002T074546Z,2026-10-02T07:45:46.387974+00:00,c2e1a5d38dfc92996309e1e4df5f070b41e7ae38,atlas-47,npu:0,2.7.1+cpu,2.7.1.post10,3.9.9,2815382458275767958,1790927145632619964,1024,1024,4096,fp32,"N(1e-6,1)",27,10000,256,0.5,320000,159901,0,0,159901,159901,159490,0,40800099,159901,159490,0,160099,159446,0.9974296596018787,0.9974296596018787,0.0,0.0,0.9971544893402793,0.9997241206345225,0.0,0.0,2.754e-06,5.39,linear_centered_per_block
20261002T074546Z,2026-10-02T07:45:46.387974+00:00,c2e1a5d38dfc92996309e1e4df5f070b41e7ae38,atlas-47,npu:0,2.7.1+cpu,2.7.1.post10,3.9.9,2389468174963616045,1790927145632619964,1024,1024,4096,fp32,"N(1e-6,1)",28,10000,256,0.5,320000,159979,0,0,159979,159979,159553,0,40800021,159979,159553,0,160021,159507,0.9973371505010032,0.9973371505010032,0.0,0.0,0.9970496127616749,0.9997116945466397,0.0,0.0,2.754e-06,5.39,linear_centered_per_block
20261002T074546Z,2026-10-02T07:45:46.387974+00:00,c2e1a5d38dfc92996309e1e4df5f070b41e7ae38,atlas-47,npu:0,2.7.1+cpu,2.7.1.post10,3.9.9,6649653551997437336,1790927145632619964,1024,1024,4096,fp32,"N(1e-6,1)",29,10000,256,0.5,320000,160101,0,0,160101,160101,159687,0,40799899,160101,159687,0,159899,159659,0.9974141323289674,0.9974141323289674,0.0,0.0,0.9972392427280279,0.9998246569852274,0.0,0.0,2.754e-06,5.39,linear_centered_per_block
20261002T074546Z,2026-10-02T07:45:46.387974+00:00,c2e1a5d38dfc92996309e1e4df5f070b41e7ae38,atlas-47,npu:0,2.7.1+cpu,2.7.1.post10,3.9.9,412820956189247383,1790927145632619964,1024,1024,4096,fp32,"N(1e-6,1)",30,10000,256,0.5,320000,160208,2060,0,158148,158148,158148,0,40799792,158148,158148,0,159792,156322,1.0,1.0,0.0,0.0,0.9884538533525559,0.9884538533525559,0.012858284230500349,0.0,2.754e-06,5.39,linear_centered_per_block
20261002T074546Z,2026-10-02T07:45:46.387974+00:00,c2e1a5d38dfc92996309e1e4df5f070b41e7ae38,atlas-47,npu:0,2.7.1+cpu,2.7.1.post10,3.9.9,1450082365465690646,1790927145632619964,1024,1024,4096,fp32,TruncN,23,10000,256,0.5,320000,159795,0,0,159795,159795,159795,0,40800205,159795,159795,0,160205,159795,1.0,1.0,0.0,0.0,1.0,1.0,0.0,0.0,2.754e-06,5.39,linear_centered_per_block
20261002T074546Z,2026-10-02T07:45:46.387974+00:00,c2e1a5d38dfc92996309e1e4df5f070b41e7ae38,atlas-47,npu:0,2.7.1+cpu,2.7.1.post10,3.9.9,2355035232101318230,1790927145632619964,1024,1024,4096,fp32,TruncN,24,10000,256,0.5,320000,160491,0,0,160491,160491,160491,0,40799509,160491,160491,0,159509,160491,1.0,1.0,0.0,0.0,1.0,1.0,0.0,0.0,2.754e-06,5.39,linear_centered_per_block
20261002T074546Z,2026-10-02T07:45:46.387974+00:00,c2e1a5d38dfc92996309e1e4df5f070b41e7ae38,atlas-47,npu:0,2.7.1+cpu,2.7.1.post10,3.9.9,3422850173657766293,1790927145632619964,1024,1024,4096,fp32,TruncN,25,10000,256,0.5,320000,159889,0,0,159889,159889,159889,0,40800111,159889,159889,0,160111,159889,1.0,1.0,0.0,0.0,1.0,1.0,0.0,0.0,2.754e-06,5.39,linear_centered_per_block
20261002T074546Z,2026-10-02T07:45:46.387974+00:00,c2e1a5d38dfc92996309e1e4df5f070b41e7ae38,atlas-47,npu:0,2.7.1+cpu,2.7.1.post10,3.9.9,8624894126379753193,1790927145632619964,1024,1024,4096,fp32,TruncN,26,10000,256,0.5,320000,159486,0,0,159486,159486,159486,0,40800514,159486,159486,0,160514,159486,1.0,1.0,0.0,0.0,1.0,1.0,0.0,0.0,2.754e-06,5.39,linear_centered_per_block
20261002T074546Z,2026-10-02T07:45:46.387974+00:00,c2e1a5d38dfc92996309e1e4df5f070b41e7ae38,atlas-47,npu:0,2.7.1+cpu,2.7.1.post10,3.9.9,278122958351589585,1790927145632619964,1024,1024,4096,fp32,TruncN,27,10000,256,0.5,320000,159840,0,0,159840,159840,159840,0,40800160,159840,159840,0,160160,159840,1.0,1.0,0.0,0.0,1.0,1.0,0.0,0.0,2.754e-06,5.39,linear_centered_per_block
20261002T074546Z,2026-10-02T07:45:46.387974+00:00,c2e1a5d38dfc92996309e1e4df5f070b41e7ae38,atlas-47,npu:0,2.7.1+cpu,2.7.1.post10,3.9.9,8386997189440164843,1790927145632619964,1024,1024,4096,fp32,TruncN,28,10000,256,0.5,320000,159673,0,0,159673,159673,159673,0,40800327,159673,159673,0,160327,159673,1.0,1.0,0.0,0.0,1.0,1.0,0.0,0.0,2.754e-06,5.39,linear_centered_per_block
20261002T074546Z,2026-10-02T07:45:46.387974+00:00,c2e1a5d38dfc92996309e1e4df5f070b41e7ae38,atlas-47,npu:0,2.7.1+cpu,2.7.1.post10,3.9.9,5152979582273199713,1790927145632619964,1024,1024,4096,fp32,TruncN,29,10000,256,0.5,320000,160092,0,0,160092,160092,160092,0,40799908,160092,160092,0,159908,160092,1.0,1.0,0.0,0.0,1.0,1.0,0.0,0.0,2.754e-06,5.39,linear_centered_per_block
20261002T074546Z,2026-10-02T07:45:46.387974+00:00,c2e1a5d38dfc92996309e1e4df5f070b41e7ae38,atlas-47,npu:0,2.7.1+cpu,2.7.1.post10,3.9.9,9222156482103688166,1790927145632619964,1024,1024,4096,fp32,TruncN,30,10000,256,0.5,320000,160119,0,0,160119,160119,160119,0,40799881,160119,160119,0,159881,160119,1.0,1.0,0.0,0.0,1.0,1.0,0.0,0.0,2.754e-06,5.39,linear_centered_per_block
20261002T074546Z,2026-10-02T07:45:46.387974+00:00,c2e1a5d38dfc92996309e1e4df5f070b41e7ae38,atlas-47,npu:0,2.7.1+cpu,2.7.1.post10,3.9.9,1040740291411510877,1790927145632619964,1024,1024,4096,fp32,"U(-1,1)",23,10000,256,0.5,320000,159303,0,0,159303,159303,159128,0,40800697,159303,159128,0,160697,158895,0.9989014645047488,0.9989014645047488,0.0,0.0,0.9974388429596429,0.9985357699462069,0.0,0.0,2.754e-06,5.39,linear_centered_per_block
20261002T074546Z,2026-10-02T07:45:46.387974+00:00,c2e1a5d38dfc92996309e1e4df5f070b41e7ae38,atlas-47,npu:0,2.7.1+cpu,2.7.1.post10,3.9.9,5636755620167645257,1790927145632619964,1024,1024,4096,fp32,"U(-1,1)",24,10000,256,0.5,320000,160096,0,0,160096,160096,160050,0,40799904,160096,160050,0,159904,159825,0.999712672396562,0.999712672396562,0.0,0.0,0.9983072656406157,0.9985941893158388,0.0,0.0,2.754e-06,5.39,linear_centered_per_block
20261002T074546Z,2026-10-02T07:45:46.387974+00:00,c2e1a5d38dfc92996309e1e4df5f070b41e7ae38,atlas-47,npu:0,2.7.1+cpu,2.7.1.post10,3.9.9,8131160930574685991,1790927145632619964,1024,1024,4096,fp32,"U(-1,1)",25,10000,256,0.5,320000,160221,0,0,160221,160221,160162,0,40799779,160221,160162,0,159779,160151,0.9996317586333876,0.9996317586333876,0.0,0.0,0.9995631034633412,0.9999313195389667,0.0,0.0,2.754e-06,5.39,linear_centered_per_block
20261002T074546Z,2026-10-02T07:45:46.387974+00:00,c2e1a5d38dfc92996309e1e4df5f070b41e7ae38,atlas-47,npu:0,2.7.1+cpu,2.7.1.post10,3.9.9,4688218460125338141,1790927145632619964,1024,1024,4096,fp32,"U(-1,1)",26,10000,256,0.5,320000,159950,0,0,159950,159950,159835,0,40800050,159950,159835,0,160050,159693,0.9992810253204126,0.9992810253204126,0.0,0.0,0.9983932478899656,0.9991115838208152,0.0,0.0,2.754e-06,5.39,linear_centered_per_block
20261002T074546Z,2026-10-02T07:45:46.387974+00:00,c2e1a5d38dfc92996309e1e4df5f070b41e7ae38,atlas-47,npu:0,2.7.1+cpu,2.7.1.post10,3.9.9,3987783555150094607,1790927145632619964,1024,1024,4096,fp32,"U(-1,1)",27,10000,256,0.5,320000,160131,0,0,160131,160131,159966,0,40799869,160131,159966,0,159869,159807,0.998969593645203,0.998969593645203,0.0,0.0,0.9979766566123986,0.9990060387832415,0.0,0.0,2.754e-06,5.39,linear_centered_per_block
20261002T074546Z,2026-10-02T07:45:46.387974+00:00,c2e1a5d38dfc92996309e1e4df5f070b41e7ae38,atlas-47,npu:0,2.7.1+cpu,2.7.1.post10,3.9.9,277663435627007679,1790927145632619964,1024,1024,4096,fp32,"U(-1,1)",28,10000,256,0.5,320000,159902,0,0,159902,159902,159743,0,40800098,159902,159743,0,160098,159585,0.999005640955085,0.999005640955085,0.0,0.0,0.9980175357406411,0.9990109112762374,0.0,0.0,2.754e-06,5.39,linear_centered_per_block
20261002T074546Z,2026-10-02T07:45:46.387974+00:00,c2e1a5d38dfc92996309e1e4df5f070b41e7ae38,atlas-47,npu:0,2.7.1+cpu,2.7.1.post10,3.9.9,5994476121641169661,1790927145632619964,1024,1024,4096,fp32,"U(-1,1)",29,10000,256,0.5,320000,159674,0,0,159674,159674,159530,0,40800326,159674,159530,0,160326,159383,0.9990981625061062,0.9990981625061062,0.0,0.0,0.9981775367310896,0.9990785432207109,0.0,0.0,2.754e-06,5.39,linear_centered_per_block
20261002T074546Z,2026-10-02T07:45:46.387974+00:00,c2e1a5d38dfc92996309e1e4df5f070b41e7ae38,atlas-47,npu:0,2.7.1+cpu,2.7.1.post10,3.9.9,1164023944169783757,1790927145632619964,1024,1024,4096,fp32,"U(-1,1)",30,10000,256,0.5,320000,160166,6106,0,154060,154060,154060,0,40799834,154060,154060,0,159834,148380,1.0,1.0,0.0,0.0,0.9631312475658834,0.9631312475658834,0.0381229474420289,0.0,2.754e-06,5.39,linear_centered_per_block
20261002T074546Z,2026-10-02T07:45:46.387974+00:00,c2e1a5d38dfc92996309e1e4df5f070b41e7ae38,atlas-47,npu:0,2.7.1+cpu,2.7.1.post10,3.9.9,5257491271073005599,1790927145632619964,1024,1024,6144,bf16,"N(1,1)",7,10000,256,0.5,320000,159614,0,0,159614,159614,0,0,40800386,159614,0,0,160386,0,0.0,0.0,0.0,0.0,0.0,,0.0,0.0,0.008,5.39,linear_centered_per_block
20261002T074546Z,2026-10-02T07:45:46.387974+00:00,c2e1a5d38dfc92996309e1e4df5f070b41e7ae38,atlas-47,npu:0,2.7.1+cpu,2.7.1.post10,3.9.9,2352966438294448974,1790927145632619964,1024,1024,6144,bf16,"N(1,1)",8,10000,256,0.5,320000,160161,0,0,160161,160161,0,0,40799839,160161,0,0,159839,0,0.0,0.0,0.0,0.0,0.0,,0.0,0.0,0.008,5.39,linear_centered_per_block
20261002T074546Z,2026-10-02T07:45:46.387974+00:00,c2e1a5d38dfc92996309e1e4df5f070b41e7ae38,atlas-47,npu:0,2.7.1+cpu,2.7.1.post10,3.9.9,4526371113255594355,1790927145632619964,1024,1024,6144,bf16,"N(1,1)",9,10000,256,0.5,320000,159948,0,0,159948,159948,159948,0,40800052,159948,159948,0,160052,158900,1.0,1.0,0.0,0.0,0.9934478705579314,0.9934478705579314,0.0,0.0,0.008,5.39,linear_centered_per_block
20261002T074546Z,2026-10-02T07:45:46.387974+00:00,c2e1a5d38dfc92996309e1e4df5f070b41e7ae38,atlas-47,npu:0,2.7.1+cpu,2.7.1.post10,3.9.9,8107609274041372230,1790927145632619964,1024,1024,6144,bf16,"N(1,1)",10,10000,256,0.5,320000,159883,0,0,159883,159883,0,0,40800117,159883,0,0,160117,0,0.0,0.0,0.0,0.0,0.0,,0.0,0.0,0.008,5.39,linear_centered_per_block
20261002T074546Z,2026-10-02T07:45:46.387974+00:00,c2e1a5d38dfc92996309e1e4df5f070b41e7ae38,atlas-47,npu:0,2.7.1+cpu,2.7.1.post10,3.9.9,3463766871439425697,1790927145632619964,1024,1024,6144,bf16,"N(1,1)",11,10000,256,0.5,320000,160484,0,0,160484,160484,160484,0,40799516,160484,160484,0,159516,160484,1.0,1.0,0.0,0.0,1.0,1.0,0.0,0.0,0.008,5.39,linear_centered_per_block
20261002T074546Z,2026-10-02T07:45:46.387974+00:00,c2e1a5d38dfc92996309e1e4df5f070b41e7ae38,atlas-47,npu:0,2.7.1+cpu,2.7.1.post10,3.9.9,8484486550314472443,1790927145632619964,1024,1024,6144,bf16,"N(1,1)",12,10000,256,0.5,320000,159589,0,0,159589,159589,159589,0,40800411,159589,159589,0,160411,159589,1.0,1.0,0.0,0.0,1.0,1.0,0.0,0.0,0.008,5.39,linear_centered_per_block
20261002T074546Z,2026-10-02T07:45:46.387974+00:00,c2e1a5d38dfc92996309e1e4df5f070b41e7ae38,atlas-47,npu:0,2.7.1+cpu,2.7.1.post10,3.9.9,6188144179083104885,1790927145632619964,1024,1024,6144,bf16,"N(1,1)",13,10000,256,0.5,320000,160515,0,0,160515,160515,160515,0,40799485,160515,160515,0,159485,160515,1.0,1.0,0.0,0.0,1.0,1.0,0.0,0.0,0.008,5.39,linear_centered_per_block
20261002T074546Z,2026-10-02T07:45:46.387974+00:00,c2e1a5d38dfc92996309e1e4df5f070b41e7ae38,atlas-47,npu:0,2.7.1+cpu,2.7.1.post10,3.9.9,3542380200340556378,1790927145632619964,1024,1024,6144,bf16,"N(1,1)",14,10000,256,0.5,320000,160047,0,0,160047,160047,0,0,40799953,160047,0,0,159953,0,0.0,0.0,0.0,0.0,0.0,,0.0,0.0,0.008,5.39,linear_centered_per_block
20261002T074546Z,2026-10-02T07:45:46.387974+00:00,c2e1a5d38dfc92996309e1e4df5f070b41e7ae38,atlas-47,npu:0,2.7.1+cpu,2.7.1.post10,3.9.9,2045930483453735431,1790927145632619964,1024,1024,6144,bf16,"N(1e-6,1)",7,10000,256,0.5,320000,160098,0,0,160098,160098,0,0,40799902,160098,0,0,159902,0,0.0,0.0,0.0,0.0,0.0,,0.0,0.0,0.008,5.39,linear_centered_per_block
20261002T074546Z,2026-10-02T07:45:46.387974+00:00,c2e1a5d38dfc92996309e1e4df5f070b41e7ae38,atlas-47,npu:0,2.7.1+cpu,2.7.1.post10,3.9.9,8296082545512620360,1790927145632619964,1024,1024,6144,bf16,"N(1e-6,1)",8,10000,256,0.5,320000,159573,0,0,159573,159573,0,0,40800427,159573,0,0,160427,0,0.0,0.0,0.0,0.0,0.0,,0.0,0.0,0.008,5.39,linear_centered_per_block
20261002T074546Z,2026-10-02T07:45:46.387974+00:00,c2e1a5d38dfc92996309e1e4df5f070b41e7ae38,atlas-47,npu:0,2.7.1+cpu,2.7.1.post10,3.9.9,6237645165979449957,1790927145632619964,1024,1024,6144,bf16,"N(1e-6,1)",9,10000,256,0.5,320000,160265,0,0,160265,160265,0,0,40799735,160265,0,0,159735,0,0.0,0.0,0.0,0.0,0.0,,0.0,0.0,0.008,5.39,linear_centered_per_block
20261002T074546Z,2026-10-02T07:45:46.387974+00:00,c2e1a5d38dfc92996309e1e4df5f070b41e7ae38,atlas-47,npu:0,2.7.1+cpu,2.7.1.post10,3.9.9,2561484811873443158,1790927145632619964,1024,1024,6144,bf16,"N(1e-6,1)",10,10000,256,0.5,320000,159623,0,0,159623,159623,154589,0,40800377,159623,154589,0,160377,154481,0.9684631913947238,0.9684631913947238,0.0,0.0,0.9677865971695808,0.9993013733189295,0.0,0.0,0.008,5.39,linear_centered_per_block
20261002T074546Z,2026-10-02T07:45:46.387974+00:00,c2e1a5d38dfc92996309e1e4df5f070b41e7ae38,atlas-47,npu:0,2.7.1+cpu,2.7.1.post10,3.9.9,5145315220582960712,1790927145632619964,1024,1024,6144,bf16,"N(1e-6,1)",11,10000,256,0.5,320000,160390,0,0,160390,160390,157135,0,40799610,160390,157135,0,159610,157135,0.979705717314047,0.979705717314047,0.0,0.0,0.979705717314047,1.0,0.0,0.0,0.008,5.39,linear_centered_per_block
20261002T074546Z,2026-10-02T07:45:46.387974+00:00,c2e1a5d38dfc92996309e1e4df5f070b41e7ae38,atlas-47,npu:0,2.7.1+cpu,2.7.1.post10,3.9.9,3248364466115750056,1790927145632619964,1024,1024,6144,bf16,"N(1e-6,1)",12,10000,256,0.5,320000,159907,0,0,159907,159907,156604,0,40800093,159907,156604,0,160093,156604,0.979344243841733,0.979344243841733,0.0,0.0,0.979344243841733,1.0,0.0,0.0,0.008,5.39,linear_centered_per_block
20261002T074546Z,2026-10-02T07:45:46.387974+00:00,c2e1a5d38dfc92996309e1e4df5f070b41e7ae38,atlas-47,npu:0,2.7.1+cpu,2.7.1.post10,3.9.9,4506250170901410953,1790927145632619964,1024,1024,6144,bf16,"N(1e-6,1)",13,10000,256,0.5,320000,160132,0,0,160132,160132,156899,0,40799868,160132,156899,0,159868,156899,0.9798104064147078,0.9798104064147078,0.0,0.0,0.9798104064147078,1.0,0.0,0.0,0.008,5.39,linear_centered_per_block
20261002T074546Z,2026-10-02T07:45:46.387974+00:00,c2e1a5d38dfc92996309e1e4df5f070b41e7ae38,atlas-47,npu:0,2.7.1+cpu,2.7.1.post10,3.9.9,1350404177965399682,1790927145632619964,1024,1024,6144,bf16,"N(1e-6,1)",14,10000,256,0.5,320000,159813,1637,16,158160,158176,1658,0,40800187,158176,1658,0,160187,76,0.010481994740036416,0.010481994740036416,0.0,0.0,0.00048047744284847256,0.045838359469240045,0.010243221765438355,0.00010011701175749156,0.008,5.39,linear_centered_per_block
20261002T074546Z,2026-10-02T07:45:46.387974+00:00,c2e1a5d38dfc92996309e1e4df5f070b41e7ae38,atlas-47,npu:0,2.7.1+cpu,2.7.1.post10,3.9.9,4655972540078364589,1790927145632619964,1024,1024,6144,bf16,TruncN,7,10000,256,0.5,320000,160126,0,0,160126,160126,0,0,40799874,160126,0,0,159874,0,0.0,0.0,0.0,0.0,0.0,,0.0,0.0,0.008,5.39,linear_centered_per_block
20261002T074546Z,2026-10-02T07:45:46.387974+00:00,c2e1a5d38dfc92996309e1e4df5f070b41e7ae38,atlas-47,npu:0,2.7.1+cpu,2.7.1.post10,3.9.9,8911004934502654244,1790927145632619964,1024,1024,6144,bf16,TruncN,8,10000,256,0.5,320000,160074,0,0,160074,160074,0,0,40799926,160074,0,0,159926,0,0.0,0.0,0.0,0.0,0.0,,0.0,0.0,0.008,5.39,linear_centered_per_block
20261002T074546Z,2026-10-02T07:45:46.387974+00:00,c2e1a5d38dfc92996309e1e4df5f070b41e7ae38,atlas-47,npu:0,2.7.1+cpu,2.7.1.post10,3.9.9,6928912611038558820,1790927145632619964,1024,1024,6144,bf16,TruncN,9,10000,256,0.5,320000,159986,0,0,159986,159986,159986,0,40800014,159986,159986,0,160014,158950,1.0,1.0,0.0,0.0,0.9935244333879214,0.9935244333879214,0.0,0.0,0.008,5.39,linear_centered_per_block
20261002T074546Z,2026-10-02T07:45:46.387974+00:00,c2e1a5d38dfc92996309e1e4df5f070b41e7ae38,atlas-47,npu:0,2.7.1+cpu,2.7.1.post10,3.9.9,2981852064325998558,1790927145632619964,1024,1024,6144,bf16,TruncN,10,10000,256,0.5,320000,159849,0,0,159849,159849,0,0,40800151,159849,0,0,160151,0,0.0,0.0,0.0,0.0,0.0,,0.0,0.0,0.008,5.39,linear_centered_per_block
20261002T074546Z,2026-10-02T07:45:46.387974+00:00,c2e1a5d38dfc92996309e1e4df5f070b41e7ae38,atlas-47,npu:0,2.7.1+cpu,2.7.1.post10,3.9.9,6545274285795121407,1790927145632619964,1024,1024,6144,bf16,TruncN,11,10000,256,0.5,320000,159910,0,0,159910,159910,159910,0,40800090,159910,159910,0,160090,159910,1.0,1.0,0.0,0.0,1.0,1.0,0.0,0.0,0.008,5.39,linear_centered_per_block
20261002T074546Z,2026-10-02T07:45:46.387974+00:00,c2e1a5d38dfc92996309e1e4df5f070b41e7ae38,atlas-47,npu:0,2.7.1+cpu,2.7.1.post10,3.9.9,504976757100971663,1790927145632619964,1024,1024,6144,bf16,TruncN,12,10000,256,0.5,320000,160238,0,0,160238,160238,160238,0,40799762,160238,160238,0,159762,160238,1.0,1.0,0.0,0.0,1.0,1.0,0.0,0.0,0.008,5.39,linear_centered_per_block
20261002T074546Z,2026-10-02T07:45:46.387974+00:00,c2e1a5d38dfc92996309e1e4df5f070b41e7ae38,atlas-47,npu:0,2.7.1+cpu,2.7.1.post10,3.9.9,6470143544505829346,1790927145632619964,1024,1024,6144,bf16,TruncN,13,10000,256,0.5,320000,159707,0,0,159707,159707,159707,0,40800293,159707,159707,0,160293,159707,1.0,1.0,0.0,0.0,1.0,1.0,0.0,0.0,0.008,5.39,linear_centered_per_block
20261002T074546Z,2026-10-02T07:45:46.387974+00:00,c2e1a5d38dfc92996309e1e4df5f070b41e7ae38,atlas-47,npu:0,2.7.1+cpu,2.7.1.post10,3.9.9,1327028926098752783,1790927145632619964,1024,1024,6144,bf16,TruncN,14,10000,256,0.5,320000,160090,0,0,160090,160090,0,0,40799910,160090,0,0,159910,0,0.0,0.0,0.0,0.0,0.0,,0.0,0.0,0.008,5.39,linear_centered_per_block
20261002T074546Z,2026-10-02T07:45:46.387974+00:00,c2e1a5d38dfc92996309e1e4df5f070b41e7ae38,atlas-47,npu:0,2.7.1+cpu,2.7.1.post10,3.9.9,2671892074728815666,1790927145632619964,1024,1024,6144,bf16,"U(-1,1)",7,10000,256,0.5,320000,160075,0,0,160075,160075,0,0,40799925,160075,0,0,159925,0,0.0,0.0,0.0,0.0,0.0,,0.0,0.0,0.008,5.39,linear_centered_per_block
20261002T074546Z,2026-10-02T07:45:46.387974+00:00,c2e1a5d38dfc92996309e1e4df5f070b41e7ae38,atlas-47,npu:0,2.7.1+cpu,2.7.1.post10,3.9.9,5815296183841717133,1790927145632619964,1024,1024,6144,bf16,"U(-1,1)",8,10000,256,0.5,320000,160169,0,0,160169,160169,35468,0,40799831,160169,35468,0,159831,23470,0.22144110283513038,0.22144110283513038,0.0,0.0,0.14653272480942006,0.661723243487087,0.0,0.0,0.008,5.39,linear_centered_per_block
20261002T074546Z,2026-10-02T07:45:46.387974+00:00,c2e1a5d38dfc92996309e1e4df5f070b41e7ae38,atlas-47,npu:0,2.7.1+cpu,2.7.1.post10,3.9.9,5743470667049726698,1790927145632619964,1024,1024,6144,bf16,"U(-1,1)",9,10000,256,0.5,320000,159777,0,0,159777,159777,96479,0,40800223,159777,96479,0,160223,82873,0.6038353455128085,0.6038353455128085,0.0,0.0,0.5186791590779649,0.8589744918583319,0.0,0.0,0.008,5.39,linear_centered_per_block
20261002T074546Z,2026-10-02T07:45:46.387974+00:00,c2e1a5d38dfc92996309e1e4df5f070b41e7ae38,atlas-47,npu:0,2.7.1+cpu,2.7.1.post10,3.9.9,8300850021048179229,1790927145632619964,1024,1024,6144,bf16,"U(-1,1)",10,10000,256,0.5,320000,159852,0,0,159852,159852,150214,0,40800148,159852,150214,0,160148,150212,0.9397067287240698,0.9397067287240698,0.0,0.0,0.9396942171508645,0.9999866856617892,0.0,0.0,0.008,5.39,linear_centered_per_block
20261002T074546Z,2026-10-02T07:45:46.387974+00:00,c2e1a5d38dfc92996309e1e4df5f070b41e7ae38,atlas-47,npu:0,2.7.1+cpu,2.7.1.post10,3.9.9,1192831040892408413,1790927145632619964,1024,1024,6144,bf16,"U(-1,1)",11,10000,256,0.5,320000,159160,0,0,159160,159160,149262,0,40800840,159160,149262,0,160840,149262,0.9378110077909022,0.9378110077909022,0.0,0.0,0.9378110077909022,1.0,0.0,0.0,0.008,5.39,linear_centered_per_block
20261002T074546Z,2026-10-02T07:45:46.387974+00:00,c2e1a5d38dfc92996309e1e4df5f070b41e7ae38,atlas-47,npu:0,2.7.1+cpu,2.7.1.post10,3.9.9,4274197292084847198,1790927145632619964,1024,1024,6144,bf16,"U(-1,1)",12,10000,256,0.5,320000,159372,0,0,159372,159372,149728,0,40800628,159372,149728,0,160628,149728,0.9394874883919384,0.9394874883919384,0.0,0.0,0.9394874883919384,1.0,0.0,0.0,0.008,5.39,linear_centered_per_block
20261002T074546Z,2026-10-02T07:45:46.387974+00:00,c2e1a5d38dfc92996309e1e4df5f070b41e7ae38,atlas-47,npu:0,2.7.1+cpu,2.7.1.post10,3.9.9,912204718633999836,1790927145632619964,1024,1024,6144,bf16,"U(-1,1)",13,10000,256,0.5,320000,159558,0,0,159558,159558,149757,0,40800442,159558,149757,0,160442,149757,0.938574060843079,0.938574060843079,0.0,0.0,0.938574060843079,1.0,0.0,0.0,0.008,5.39,linear_centered_per_block
20261002T074546Z,2026-10-02T07:45:46.387974+00:00,c2e1a5d38dfc92996309e1e4df5f070b41e7ae38,atlas-47,npu:0,2.7.1+cpu,2.7.1.post10,3.9.9,2885126842268203763,1790927145632619964,1024,1024,6144,bf16,"U(-1,1)",14,10000,256,0.5,320000,160722,4871,25,155826,155851,5004,0,40799278,155851,5004,0,159278,276,0.03210758994167506,0.03210758994167506,0.0,0.0,0.0017709222269988642,0.05515587529976019,0.030306989708938414,0.0001555480892472717,0.008,5.39,linear_centered_per_block
20261002T074546Z,2026-10-02T07:45:46.387974+00:00,c2e1a5d38dfc92996309e1e4df5f070b41e7ae38,atlas-47,npu:0,2.7.1+cpu,2.7.1.post10,3.9.9,2489110817175509634,1790927145632619964,1024,1024,6144,fp32,"N(1,1)",23,10000,256,0.5,320000,160203,0,0,160203,160203,160203,0,40799797,160203,160203,0,159797,160203,1.0,1.0,0.0,0.0,1.0,1.0,0.0,0.0,3.372947375812436e-06,5.39,linear_centered_per_block
20261002T074546Z,2026-10-02T07:45:46.387974+00:00,c2e1a5d38dfc92996309e1e4df5f070b41e7ae38,atlas-47,npu:0,2.7.1+cpu,2.7.1.post10,3.9.9,3944022609185236573,1790927145632619964,1024,1024,6144,fp32,"N(1,1)",24,10000,256,0.5,320000,159923,0,0,159923,159923,159923,0,40800077,159923,159923,0,160077,159923,1.0,1.0,0.0,0.0,1.0,1.0,0.0,0.0,3.372947375812436e-06,5.39,linear_centered_per_block
20261002T074546Z,2026-10-02T07:45:46.387974+00:00,c2e1a5d38dfc92996309e1e4df5f070b41e7ae38,atlas-47,npu:0,2.7.1+cpu,2.7.1.post10,3.9.9,8870000804531399335,1790927145632619964,1024,1024,6144,fp32,"N(1,1)",25,10000,256,0.5,320000,160288,0,0,160288,160288,160288,0,40799712,160288,160288,0,159712,160288,1.0,1.0,0.0,0.0,1.0,1.0,0.0,0.0,3.372947375812436e-06,5.39,linear_centered_per_block
20261002T074546Z,2026-10-02T07:45:46.387974+00:00,c2e1a5d38dfc92996309e1e4df5f070b41e7ae38,atlas-47,npu:0,2.7.1+cpu,2.7.1.post10,3.9.9,7398443304275822855,1790927145632619964,1024,1024,6144,fp32,"N(1,1)",26,10000,256,0.5,320000,160169,0,0,160169,160169,160169,0,40799831,160169,160169,0,159831,160169,1.0,1.0,0.0,0.0,1.0,1.0,0.0,0.0,3.372947375812436e-06,5.39,linear_centered_per_block
20261002T074546Z,2026-10-02T07:45:46.387974+00:00,c2e1a5d38dfc92996309e1e4df5f070b41e7ae38,atlas-47,npu:0,2.7.1+cpu,2.7.1.post10,3.9.9,4858811787366300437,1790927145632619964,1024,1024,6144,fp32,"N(1,1)",27,10000,256,0.5,320000,159654,0,0,159654,159654,159654,0,40800346,159654,159654,0,160346,159654,1.0,1.0,0.0,0.0,1.0,1.0,0.0,0.0,3.372947375812436e-06,5.39,linear_centered_per_block
20261002T074546Z,2026-10-02T07:45:46.387974+00:00,c2e1a5d38dfc92996309e1e4df5f070b41e7ae38,atlas-47,npu:0,2.7.1+cpu,2.7.1.post10,3.9.9,3231033243363540196,1790927145632619964,1024,1024,6144,fp32,"N(1,1)",28,10000,256,0.5,320000,159810,0,0,159810,159810,159810,0,40800190,159810,159810,0,160190,159810,1.0,1.0,0.0,0.0,1.0,1.0,0.0,0.0,3.372947375812436e-06,5.39,linear_centered_per_block
20261002T074546Z,2026-10-02T07:45:46.387974+00:00,c2e1a5d38dfc92996309e1e4df5f070b41e7ae38,atlas-47,npu:0,2.7.1+cpu,2.7.1.post10,3.9.9,8447018688127894303,1790927145632619964,1024,1024,6144,fp32,"N(1,1)",29,10000,256,0.5,320000,159864,0,0,159864,159864,159864,0,40800136,159864,159864,0,160136,159864,1.0,1.0,0.0,0.0,1.0,1.0,0.0,0.0,3.372947375812436e-06,5.39,linear_centered_per_block
20261002T074546Z,2026-10-02T07:45:46.387974+00:00,c2e1a5d38dfc92996309e1e4df5f070b41e7ae38,atlas-47,npu:0,2.7.1+cpu,2.7.1.post10,3.9.9,2251006048992511513,1790927145632619964,1024,1024,6144,fp32,"N(1,1)",30,10000,256,0.5,320000,159602,0,0,159602,159602,159602,0,40800398,159602,159602,0,160398,159602,1.0,1.0,0.0,0.0,1.0,1.0,0.0,0.0,3.372947375812436e-06,5.39,linear_centered_per_block
20261002T074546Z,2026-10-02T07:45:46.387974+00:00,c2e1a5d38dfc92996309e1e4df5f070b41e7ae38,atlas-47,npu:0,2.7.1+cpu,2.7.1.post10,3.9.9,2797824765612937056,1790927145632619964,1024,1024,6144,fp32,"N(1e-6,1)",23,10000,256,0.5,320000,159570,0,0,159570,159570,158761,0,40800430,159570,158761,0,160430,158723,0.9949301247101585,0.9949301247101585,0.0,0.0,0.9946919847089052,0.9997606465063839,0.0,0.0,3.372947375812436e-06,5.39,linear_centered_per_block
20261002T074546Z,2026-10-02T07:45:46.387974+00:00,c2e1a5d38dfc92996309e1e4df5f070b41e7ae38,atlas-47,npu:0,2.7.1+cpu,2.7.1.post10,3.9.9,2148126384861054458,1790927145632619964,1024,1024,6144,fp32,"N(1e-6,1)",24,10000,256,0.5,320000,159757,0,0,159757,159757,159573,0,40800243,159757,159573,0,160243,159518,0.9988482507808735,0.9988482507808735,0.0,0.0,0.9985039779164606,0.9996553301623708,0.0,0.0,3.372947375812436e-06,5.39,linear_centered_per_block
20261002T074546Z,2026-10-02T07:45:46.387974+00:00,c2e1a5d38dfc92996309e1e4df5f070b41e7ae38,atlas-47,npu:0,2.7.1+cpu,2.7.1.post10,3.9.9,2136218510567120085,1790927145632619964,1024,1024,6144,fp32,"N(1e-6,1)",25,10000,256,0.5,320000,160391,0,0,160391,160391,160014,0,40799609,160391,160014,0,159609,159958,0.997649494048918,0.997649494048918,0.0,0.0,0.9973003472763434,0.9996500306223205,0.0,0.0,3.372947375812436e-06,5.39,linear_centered_per_block
20261002T074546Z,2026-10-02T07:45:46.387974+00:00,c2e1a5d38dfc92996309e1e4df5f070b41e7ae38,atlas-47,npu:0,2.7.1+cpu,2.7.1.post10,3.9.9,759560587100722290,1790927145632619964,1024,1024,6144,fp32,"N(1e-6,1)",26,10000,256,0.5,320000,159676,0,0,159676,159676,159146,0,40800324,159676,159146,0,160324,159095,0.9966807785766176,0.9966807785766176,0.0,0.0,0.9963613817981413,0.999679539542307,0.0,0.0,3.372947375812436e-06,5.39,linear_centered_per_block
20261002T074546Z,2026-10-02T07:45:46.387974+00:00,c2e1a5d38dfc92996309e1e4df5f070b41e7ae38,atlas-47,npu:0,2.7.1+cpu,2.7.1.post10,3.9.9,4554372582418483504,1790927145632619964,1024,1024,6144,fp32,"N(1e-6,1)",27,10000,256,0.5,320000,159901,0,0,159901,159901,159334,0,40800099,159901,159334,0,160099,159290,0.9964540559471173,0.9964540559471173,0.0,0.0,0.9961788856855179,0.9997238505278221,0.0,0.0,3.372947375812436e-06,5.39,linear_centered_per_block
20261002T074546Z,2026-10-02T07:45:46.387974+00:00,c2e1a5d38dfc92996309e1e4df5f070b41e7ae38,atlas-47,npu:0,2.7.1+cpu,2.7.1.post10,3.9.9,9001486795531070630,1790927145632619964,1024,1024,6144,fp32,"N(1e-6,1)",28,10000,256,0.5,320000,159175,0,0,159175,159175,158643,0,40800825,159175,158643,0,160825,158597,0.996657766609078,0.996657766609078,0.0,0.0,0.9963687765038479,0.9997100407833942,0.0,0.0,3.372947375812436e-06,5.39,linear_centered_per_block
20261002T074546Z,2026-10-02T07:45:46.387974+00:00,c2e1a5d38dfc92996309e1e4df5f070b41e7ae38,atlas-47,npu:0,2.7.1+cpu,2.7.1.post10,3.9.9,6320287869708716269,1790927145632619964,1024,1024,6144,fp32,"N(1e-6,1)",29,10000,256,0.5,320000,159991,0,0,159991,159991,159470,0,40800009,159991,159470,0,160009,159410,0.9967435668256339,0.9967435668256339,0.0,0.0,0.9963685457306973,0.9996237536840785,0.0,0.0,3.372947375812436e-06,5.39,linear_centered_per_block
20261002T074546Z,2026-10-02T07:45:46.387974+00:00,c2e1a5d38dfc92996309e1e4df5f070b41e7ae38,atlas-47,npu:0,2.7.1+cpu,2.7.1.post10,3.9.9,357115149419010981,1790927145632619964,1024,1024,6144,fp32,"N(1e-6,1)",30,10000,256,0.5,320000,159561,1674,0,157887,157887,157887,0,40800439,157887,157887,0,160439,156282,1.0,1.0,0.0,0.0,0.9898345018905926,0.9898345018905926,0.010491285464493204,0.0,3.372947375812436e-06,5.39,linear_centered_per_block
20261002T074546Z,2026-10-02T07:45:46.387974+00:00,c2e1a5d38dfc92996309e1e4df5f070b41e7ae38,atlas-47,npu:0,2.7.1+cpu,2.7.1.post10,3.9.9,5818592256738721603,1790927145632619964,1024,1024,6144,fp32,TruncN,23,10000,256,0.5,320000,159790,0,0,159790,159790,159790,0,40800210,159790,159790,0,160210,159790,1.0,1.0,0.0,0.0,1.0,1.0,0.0,0.0,3.372947375812436e-06,5.39,linear_centered_per_block
20261002T074546Z,2026-10-02T07:45:46.387974+00:00,c2e1a5d38dfc92996309e1e4df5f070b41e7ae38,atlas-47,npu:0,2.7.1+cpu,2.7.1.post10,3.9.9,4094084003757170200,1790927145632619964,1024,1024,6144,fp32,TruncN,24,10000,256,0.5,320000,160058,0,0,160058,160058,160058,0,40799942,160058,160058,0,159942,160058,1.0,1.0,0.0,0.0,1.0,1.0,0.0,0.0,3.372947375812436e-06,5.39,linear_centered_per_block
20261002T074546Z,2026-10-02T07:45:46.387974+00:00,c2e1a5d38dfc92996309e1e4df5f070b41e7ae38,atlas-47,npu:0,2.7.1+cpu,2.7.1.post10,3.9.9,2016694950032949344,1790927145632619964,1024,1024,6144,fp32,TruncN,25,10000,256,0.5,320000,160155,0,0,160155,160155,160155,0,40799845,160155,160155,0,159845,160155,1.0,1.0,0.0,0.0,1.0,1.0,0.0,0.0,3.372947375812436e-06,5.39,linear_centered_per_block
20261002T074546Z,2026-10-02T07:45:46.387974+00:00,c2e1a5d38dfc92996309e1e4df5f070b41e7ae38,atlas-47,npu:0,2.7.1+cpu,2.7.1.post10,3.9.9,8451045677124695060,1790927145632619964,1024,1024,6144,fp32,TruncN,26,10000,256,0.5,320000,159804,0,0,159804,159804,159804,0,40800196,159804,159804,0,160196,159804,1.0,1.0,0.0,0.0,1.0,1.0,0.0,0.0,3.372947375812436e-06,5.39,linear_centered_per_block
20261002T074546Z,2026-10-02T07:45:46.387974+00:00,c2e1a5d38dfc92996309e1e4df5f070b41e7ae38,atlas-47,npu:0,2.7.1+cpu,2.7.1.post10,3.9.9,73652521165851904,1790927145632619964,1024,1024,6144,fp32,TruncN,27,10000,256,0.5,320000,160039,0,0,160039,160039,160039,0,40799961,160039,160039,0,159961,160039,1.0,1.0,0.0,0.0,1.0,1.0,0.0,0.0,3.372947375812436e-06,5.39,linear_centered_per_block
20261002T074546Z,2026-10-02T07:45:46.387974+00:00,c2e1a5d38dfc92996309e1e4df5f070b41e7ae38,atlas-47,npu:0,2.7.1+cpu,2.7.1.post10,3.9.9,6257956499799922771,1790927145632619964,1024,1024,6144,fp32,TruncN,28,10000,256,0.5,320000,159718,0,0,159718,159718,159718,0,40800282,159718,159718,0,160282,159718,1.0,1.0,0.0,0.0,1.0,1.0,0.0,0.0,3.372947375812436e-06,5.39,linear_centered_per_block
20261002T074546Z,2026-10-02T07:45:46.387974+00:00,c2e1a5d38dfc92996309e1e4df5f070b41e7ae38,atlas-47,npu:0,2.7.1+cpu,2.7.1.post10,3.9.9,9217111129286385415,1790927145632619964,1024,1024,6144,fp32,TruncN,29,10000,256,0.5,320000,159712,0,0,159712,159712,159712,0,40800288,159712,159712,0,160288,159712,1.0,1.0,0.0,0.0,1.0,1.0,0.0,0.0,3.372947375812436e-06,5.39,linear_centered_per_block
20261002T074546Z,2026-10-02T07:45:46.387974+00:00,c2e1a5d38dfc92996309e1e4df5f070b41e7ae38,atlas-47,npu:0,2.7.1+cpu,2.7.1.post10,3.9.9,401732472968004854,1790927145632619964,1024,1024,6144,fp32,TruncN,30,10000,256,0.5,320000,160092,0,0,160092,160092,160092,0,40799908,160092,160092,0,159908,160092,1.0,1.0,0.0,0.0,1.0,1.0,0.0,0.0,3.372947375812436e-06,5.39,linear_centered_per_block
20261002T074546Z,2026-10-02T07:45:46.387974+00:00,c2e1a5d38dfc92996309e1e4df5f070b41e7ae38,atlas-47,npu:0,2.7.1+cpu,2.7.1.post10,3.9.9,5644974684505871752,1790927145632619964,1024,1024,6144,fp32,"U(-1,1)",23,10000,256,0.5,320000,160175,0,0,160175,160175,159939,0,40799825,160175,159939,0,159825,159665,0.9985266115186515,0.9985266115186515,0.0,0.0,0.9968159825191197,0.9982868468603655,0.0,0.0,3.372947375812436e-06,5.39,linear_centered_per_block
20261002T074546Z,2026-10-02T07:45:46.387974+00:00,c2e1a5d38dfc92996309e1e4df5f070b41e7ae38,atlas-47,npu:0,2.7.1+cpu,2.7.1.post10,3.9.9,5150499376875101991,1790927145632619964,1024,1024,6144,fp32,"U(-1,1)",24,10000,256,0.5,320000,160523,0,0,160523,160523,160360,0,40799477,160523,160360,0,159477,160166,0.998984569189462,0.998984569189462,0.0,0.0,0.9977760196358154,0.9987902220004988,0.0,0.0,3.372947375812436e-06,5.39,linear_centered_per_block
20261002T074546Z,2026-10-02T07:45:46.387974+00:00,c2e1a5d38dfc92996309e1e4df5f070b41e7ae38,atlas-47,npu:0,2.7.1+cpu,2.7.1.post10,3.9.9,856574596042059046,1790927145632619964,1024,1024,6144,fp32,"U(-1,1)",25,10000,256,0.5,320000,160179,0,0,160179,160179,160135,0,40799821,160179,160135,0,159821,160086,0.9997253073124442,0.9997253073124442,0.0,0.0,0.9994193995467571,0.9996940081805976,0.0,0.0,3.372947375812436e-06,5.39,linear_centered_per_block
20261002T074546Z,2026-10-02T07:45:46.387974+00:00,c2e1a5d38dfc92996309e1e4df5f070b41e7ae38,atlas-47,npu:0,2.7.1+cpu,2.7.1.post10,3.9.9,1786281168698615238,1790927145632619964,1024,1024,6144,fp32,"U(-1,1)",26,10000,256,0.5,320000,159760,0,0,159760,159760,159631,0,40800240,159760,159631,0,160240,159442,0.9991925388082123,0.9991925388082123,0.0,0.0,0.9980095142714072,0.9988160194448447,0.0,0.0,3.372947375812436e-06,5.39,linear_centered_per_block
20261002T074546Z,2026-10-02T07:45:46.387974+00:00,c2e1a5d38dfc92996309e1e4df5f070b41e7ae38,atlas-47,npu:0,2.7.1+cpu,2.7.1.post10,3.9.9,4124846639753455856,1790927145632619964,1024,1024,6144,fp32,"U(-1,1)",27,10000,256,0.5,320000,160550,0,0,160550,160550,160367,0,40799450,160550,160367,0,159450,160209,0.998860168171909,0.998860168171909,0.0,0.0,0.9978760510744317,0.999014759894492,0.0,0.0,3.372947375812436e-06,5.39,linear_centered_per_block
20261002T074546Z,2026-10-02T07:45:46.387974+00:00,c2e1a5d38dfc92996309e1e4df5f070b41e7ae38,atlas-47,npu:0,2.7.1+cpu,2.7.1.post10,3.9.9,2368891877195687808,1790927145632619964,1024,1024,6144,fp32,"U(-1,1)",28,10000,256,0.5,320000,159424,0,0,159424,159424,159252,0,40800576,159424,159252,0,160576,159065,0.9989211160176635,0.9989211160176635,0.0,0.0,0.9977481433159374,0.9988257604300103,0.0,0.0,3.372947375812436e-06,5.39,linear_centered_per_block
20261002T074546Z,2026-10-02T07:45:46.387974+00:00,c2e1a5d38dfc92996309e1e4df5f070b41e7ae38,atlas-47,npu:0,2.7.1+cpu,2.7.1.post10,3.9.9,5321798740766972430,1790927145632619964,1024,1024,6144,fp32,"U(-1,1)",29,10000,256,0.5,320000,159984,0,0,159984,159984,159839,0,40800016,159984,159839,0,160016,159672,0.9990936593659366,0.9990936593659366,0.0,0.0,0.998049804980498,0.9989551986686603,0.0,0.0,3.372947375812436e-06,5.39,linear_centered_per_block
20261002T074546Z,2026-10-02T07:45:46.387974+00:00,c2e1a5d38dfc92996309e1e4df5f070b41e7ae38,atlas-47,npu:0,2.7.1+cpu,2.7.1.post10,3.9.9,8494128518771813989,1790927145632619964,1024,1024,6144,fp32,"U(-1,1)",30,10000,256,0.5,320000,160055,4801,0,155254,155254,155254,0,40799945,155254,155254,0,159945,150656,1.0,1.0,0.0,0.0,0.9703840158707666,0.9703840158707666,0.0299959388960045,0.0,3.372947375812436e-06,5.39,linear_centered_per_block
20261002T074546Z,2026-10-02T07:45:46.387974+00:00,c2e1a5d38dfc92996309e1e4df5f070b41e7ae38,atlas-47,npu:0,2.7.1+cpu,2.7.1.post10,3.9.9,3188953581102733705,1790927145632619964,1024,1024,8192,bf16,"N(1,1)",7,10000,256,0.5,320000,160070,0,0,160070,160070,0,0,40799930,160070,0,0,159930,0,0.0,0.0,0.0,0.0,0.0,,0.0,0.0,0.008,5.39,linear_centered_per_block
20261002T074546Z,2026-10-02T07:45:46.387974+00:00,c2e1a5d38dfc92996309e1e4df5f070b41e7ae38,atlas-47,npu:0,2.7.1+cpu,2.7.1.post10,3.9.9,8192642592049313849,1790927145632619964,1024,1024,8192,bf16,"N(1,1)",8,10000,256,0.5,320000,159870,0,0,159870,159870,85973,0,40800130,159870,85973,0,160130,34206,0.5377681866516545,0.5377681866516545,0.0,0.0,0.21396134359166824,0.39786909843788165,0.0,0.0,0.008,5.39,linear_centered_per_block
20261002T074546Z,2026-10-02T07:45:46.387974+00:00,c2e1a5d38dfc92996309e1e4df5f070b41e7ae38,atlas-47,npu:0,2.7.1+cpu,2.7.1.post10,3.9.9,4909525707498856152,1790927145632619964,1024,1024,8192,bf16,"N(1,1)",9,10000,256,0.5,320000,159691,0,0,159691,159691,73706,0,40800309,159691,73706,0,160309,72399,0.46155387592287606,0.46155387592287606,0.0,0.0,0.4533693194982811,0.9822673866442352,0.0,0.0,0.008,5.39,linear_centered_per_block
20261002T074546Z,2026-10-02T07:45:46.387974+00:00,c2e1a5d38dfc92996309e1e4df5f070b41e7ae38,atlas-47,npu:0,2.7.1+cpu,2.7.1.post10,3.9.9,377750606692318016,1790927145632619964,1024,1024,8192,bf16,"N(1,1)",10,10000,256,0.5,320000,159976,0,0,159976,159976,0,0,40800024,159976,0,0,160024,0,0.0,0.0,0.0,0.0,0.0,,0.0,0.0,0.008,5.39,linear_centered_per_block
20261002T074546Z,2026-10-02T07:45:46.387974+00:00,c2e1a5d38dfc92996309e1e4df5f070b41e7ae38,atlas-47,npu:0,2.7.1+cpu,2.7.1.post10,3.9.9,4243618068881573021,1790927145632619964,1024,1024,8192,bf16,"N(1,1)",11,10000,256,0.5,320000,159826,0,0,159826,159826,159826,0,40800174,159826,159826,0,160174,159826,1.0,1.0,0.0,0.0,1.0,1.0,0.0,0.0,0.008,5.39,linear_centered_per_block
20261002T074546Z,2026-10-02T07:45:46.387974+00:00,c2e1a5d38dfc92996309e1e4df5f070b41e7ae38,atlas-47,npu:0,2.7.1+cpu,2.7.1.post10,3.9.9,8195213600203403065,1790927145632619964,1024,1024,8192,bf16,"N(1,1)",12,10000,256,0.5,320000,160263,0,0,160263,160263,160263,0,40799737,160263,160263,0,159737,160263,1.0,1.0,0.0,0.0,1.0,1.0,0.0,0.0,0.008,5.39,linear_centered_per_block
20261002T074546Z,2026-10-02T07:45:46.387974+00:00,c2e1a5d38dfc92996309e1e4df5f070b41e7ae38,atlas-47,npu:0,2.7.1+cpu,2.7.1.post10,3.9.9,4704166478475616443,1790927145632619964,1024,1024,8192,bf16,"N(1,1)",13,10000,256,0.5,320000,160045,0,0,160045,160045,160045,0,40799955,160045,160045,0,159955,160045,1.0,1.0,0.0,0.0,1.0,1.0,0.0,0.0,0.008,5.39,linear_centered_per_block
20261002T074546Z,2026-10-02T07:45:46.387974+00:00,c2e1a5d38dfc92996309e1e4df5f070b41e7ae38,atlas-47,npu:0,2.7.1+cpu,2.7.1.post10,3.9.9,6640493873979486282,1790927145632619964,1024,1024,8192,bf16,"N(1,1)",14,10000,256,0.5,320000,160141,0,0,160141,160141,0,0,40799859,160141,0,0,159859,0,0.0,0.0,0.0,0.0,0.0,,0.0,0.0,0.008,5.39,linear_centered_per_block
20261002T074546Z,2026-10-02T07:45:46.387974+00:00,c2e1a5d38dfc92996309e1e4df5f070b41e7ae38,atlas-47,npu:0,2.7.1+cpu,2.7.1.post10,3.9.9,292465926418538931,1790927145632619964,1024,1024,8192,bf16,"N(1e-6,1)",7,10000,256,0.5,320000,160095,0,0,160095,160095,0,0,40799905,160095,0,0,159905,0,0.0,0.0,0.0,0.0,0.0,,0.0,0.0,0.008,5.39,linear_centered_per_block
20261002T074546Z,2026-10-02T07:45:46.387974+00:00,c2e1a5d38dfc92996309e1e4df5f070b41e7ae38,atlas-47,npu:0,2.7.1+cpu,2.7.1.post10,3.9.9,7822438260218342692,1790927145632619964,1024,1024,8192,bf16,"N(1e-6,1)",8,10000,256,0.5,320000,160283,0,0,160283,160283,0,0,40799717,160283,0,0,159717,0,0.0,0.0,0.0,0.0,0.0,,0.0,0.0,0.008,5.39,linear_centered_per_block
20261002T074546Z,2026-10-02T07:45:46.387974+00:00,c2e1a5d38dfc92996309e1e4df5f070b41e7ae38,atlas-47,npu:0,2.7.1+cpu,2.7.1.post10,3.9.9,5339330276678229428,1790927145632619964,1024,1024,8192,bf16,"N(1e-6,1)",9,10000,256,0.5,320000,159369,0,0,159369,159369,0,0,40800631,159369,0,0,160631,0,0.0,0.0,0.0,0.0,0.0,,0.0,0.0,0.008,5.39,linear_centered_per_block
20261002T074546Z,2026-10-02T07:45:46.387974+00:00,c2e1a5d38dfc92996309e1e4df5f070b41e7ae38,atlas-47,npu:0,2.7.1+cpu,2.7.1.post10,3.9.9,2272832400900794009,1790927145632619964,1024,1024,8192,bf16,"N(1e-6,1)",10,10000,256,0.5,320000,159812,0,0,159812,159812,154912,0,40800188,159812,154912,0,160188,154799,0.96933897329362,0.96933897329362,0.0,0.0,0.9686318924736566,0.9992705536046271,0.0,0.0,0.008,5.39,linear_centered_per_block
20261002T074546Z,2026-10-02T07:45:46.387974+00:00,c2e1a5d38dfc92996309e1e4df5f070b41e7ae38,atlas-47,npu:0,2.7.1+cpu,2.7.1.post10,3.9.9,4157763352993281422,1790927145632619964,1024,1024,8192,bf16,"N(1e-6,1)",11,10000,256,0.5,320000,159920,0,0,159920,159920,157105,0,40800080,159920,157105,0,160080,157105,0.9823974487243622,0.9823974487243622,0.0,0.0,0.9823974487243622,1.0,0.0,0.0,0.008,5.39,linear_centered_per_block
20261002T074546Z,2026-10-02T07:45:46.387974+00:00,c2e1a5d38dfc92996309e1e4df5f070b41e7ae38,atlas-47,npu:0,2.7.1+cpu,2.7.1.post10,3.9.9,5718495260446953394,1790927145632619964,1024,1024,8192,bf16,"N(1e-6,1)",12,10000,256,0.5,320000,160321,0,0,160321,160321,157519,0,40799679,160321,157519,0,159679,157519,0.9825225641057628,0.9825225641057628,0.0,0.0,0.9825225641057628,1.0,0.0,0.0,0.008,5.39,linear_centered_per_block
20261002T074546Z,2026-10-02T07:45:46.387974+00:00,c2e1a5d38dfc92996309e1e4df5f070b41e7ae38,atlas-47,npu:0,2.7.1+cpu,2.7.1.post10,3.9.9,7414149492692410338,1790927145632619964,1024,1024,8192,bf16,"N(1e-6,1)",13,10000,256,0.5,320000,160052,0,0,160052,160052,157319,0,40799948,160052,157319,0,159948,157319,0.9829242996026292,0.9829242996026292,0.0,0.0,0.9829242996026292,1.0,0.0,0.0,0.008,5.39,linear_centered_per_block
20261002T074546Z,2026-10-02T07:45:46.387974+00:00,c2e1a5d38dfc92996309e1e4df5f070b41e7ae38,atlas-47,npu:0,2.7.1+cpu,2.7.1.post10,3.9.9,7387844784375589499,1790927145632619964,1024,1024,8192,bf16,"N(1e-6,1)",14,10000,256,0.5,320000,159902,1412,3,158487,158490,1349,0,40800098,158490,1349,0,160098,72,0.008511578017540539,0.008511578017540539,0.0,0.0,0.00045428733674048835,0.05337286879169755,0.008830408625282987,1.8761491413490763e-05,0.008,5.39,linear_centered_per_block
20261002T074546Z,2026-10-02T07:45:46.387974+00:00,c2e1a5d38dfc92996309e1e4df5f070b41e7ae38,atlas-47,npu:0,2.7.1+cpu,2.7.1.post10,3.9.9,539875922588171647,1790927145632619964,1024,1024,8192,bf16,TruncN,7,10000,256,0.5,320000,160537,0,0,160537,160537,0,0,40799463,160537,0,0,159463,0,0.0,0.0,0.0,0.0,0.0,,0.0,0.0,0.008,5.39,linear_centered_per_block
20261002T074546Z,2026-10-02T07:45:46.387974+00:00,c2e1a5d38dfc92996309e1e4df5f070b41e7ae38,atlas-47,npu:0,2.7.1+cpu,2.7.1.post10,3.9.9,6726571575063802098,1790927145632619964,1024,1024,8192,bf16,TruncN,8,10000,256,0.5,320000,159966,0,0,159966,159966,89835,0,40800034,159966,89835,0,160034,34049,0.5615880874685871,0.5615880874685871,0.0,0.0,0.2128514809396997,0.379017086881505,0.0,0.0,0.008,5.39,linear_centered_per_block
20261002T074546Z,2026-10-02T07:45:46.387974+00:00,c2e1a5d38dfc92996309e1e4df5f070b41e7ae38,atlas-47,npu:0,2.7.1+cpu,2.7.1.post10,3.9.9,8189328447671971756,1790927145632619964,1024,1024,8192,bf16,TruncN,9,10000,256,0.5,320000,160133,0,0,160133,160133,70521,0,40799867,160133,70521,0,159867,68981,0.44039017566647726,0.44039017566647726,0.0,0.0,0.4307731698026016,0.9781625331461551,0.0,0.0,0.008,5.39,linear_centered_per_block
20261002T074546Z,2026-10-02T07:45:46.387974+00:00,c2e1a5d38dfc92996309e1e4df5f070b41e7ae38,atlas-47,npu:0,2.7.1+cpu,2.7.1.post10,3.9.9,2213034935784076138,1790927145632619964,1024,1024,8192,bf16,TruncN,10,10000,256,0.5,320000,160049,0,0,160049,160049,0,0,40799951,160049,0,0,159951,0,0.0,0.0,0.0,0.0,0.0,,0.0,0.0,0.008,5.39,linear_centered_per_block
20261002T074546Z,2026-10-02T07:45:46.387974+00:00,c2e1a5d38dfc92996309e1e4df5f070b41e7ae38,atlas-47,npu:0,2.7.1+cpu,2.7.1.post10,3.9.9,6306728270788931096,1790927145632619964,1024,1024,8192,bf16,TruncN,11,10000,256,0.5,320000,159929,0,0,159929,159929,159929,0,40800071,159929,159929,0,160071,159929,1.0,1.0,0.0,0.0,1.0,1.0,0.0,0.0,0.008,5.39,linear_centered_per_block
20261002T074546Z,2026-10-02T07:45:46.387974+00:00,c2e1a5d38dfc92996309e1e4df5f070b41e7ae38,atlas-47,npu:0,2.7.1+cpu,2.7.1.post10,3.9.9,1590060347604396592,1790927145632619964,1024,1024,8192,bf16,TruncN,12,10000,256,0.5,320000,160055,0,0,160055,160055,160055,0,40799945,160055,160055,0,159945,160055,1.0,1.0,0.0,0.0,1.0,1.0,0.0,0.0,0.008,5.39,linear_centered_per_block
20261002T074546Z,2026-10-02T07:45:46.387974+00:00,c2e1a5d38dfc92996309e1e4df5f070b41e7ae38,atlas-47,npu:0,2.7.1+cpu,2.7.1.post10,3.9.9,729809022718917893,1790927145632619964,1024,1024,8192,bf16,TruncN,13,10000,256,0.5,320000,160225,0,0,160225,160225,160225,0,40799775,160225,160225,0,159775,160225,1.0,1.0,0.0,0.0,1.0,1.0,0.0,0.0,0.008,5.39,linear_centered_per_block
20261002T074546Z,2026-10-02T07:45:46.387974+00:00,c2e1a5d38dfc92996309e1e4df5f070b41e7ae38,atlas-47,npu:0,2.7.1+cpu,2.7.1.post10,3.9.9,4961661322610024757,1790927145632619964,1024,1024,8192,bf16,TruncN,14,10000,256,0.5,320000,160547,0,0,160547,160547,0,0,40799453,160547,0,0,159453,0,0.0,0.0,0.0,0.0,0.0,,0.0,0.0,0.008,5.39,linear_centered_per_block
20261002T074546Z,2026-10-02T07:45:46.387974+00:00,c2e1a5d38dfc92996309e1e4df5f070b41e7ae38,atlas-47,npu:0,2.7.1+cpu,2.7.1.post10,3.9.9,6893711334499168156,1790927145632619964,1024,1024,8192,bf16,"U(-1,1)",7,10000,256,0.5,320000,160772,0,0,160772,160772,6,0,40799228,160772,6,0,159228,3,3.731993133132635e-05,3.731993133132635e-05,0.0,0.0,1.8659965665663175e-05,0.5,0.0,0.0,0.008,5.39,linear_centered_per_block
20261002T074546Z,2026-10-02T07:45:46.387974+00:00,c2e1a5d38dfc92996309e1e4df5f070b41e7ae38,atlas-47,npu:0,2.7.1+cpu,2.7.1.post10,3.9.9,4578022345851863279,1790927145632619964,1024,1024,8192,bf16,"U(-1,1)",8,10000,256,0.5,320000,159846,0,0,159846,159846,41670,0,40800154,159846,41670,0,160154,26460,0.2606884125971247,0.2606884125971247,0.0,0.0,0.16553432678953492,0.6349892008639308,0.0,0.0,0.008,5.39,linear_centered_per_block
20261002T074546Z,2026-10-02T07:45:46.387974+00:00,c2e1a5d38dfc92996309e1e4df5f070b41e7ae38,atlas-47,npu:0,2.7.1+cpu,2.7.1.post10,3.9.9,2061267521157964334,1790927145632619964,1024,1024,8192,bf16,"U(-1,1)",9,10000,256,0.5,320000,160377,0,0,160377,160377,85243,0,40799623,160377,85243,0,159623,71618,0.5315163645659914,0.5315163645659914,0.0,0.0,0.4465602923112416,0.8401628286193588,0.0,0.0,0.008,5.39,linear_centered_per_block
20261002T074546Z,2026-10-02T07:45:46.387974+00:00,c2e1a5d38dfc92996309e1e4df5f070b41e7ae38,atlas-47,npu:0,2.7.1+cpu,2.7.1.post10,3.9.9,6642418900785249487,1790927145632619964,1024,1024,8192,bf16,"U(-1,1)",10,10000,256,0.5,320000,159946,0,0,159946,159946,151621,0,40800054,159946,151621,0,160054,151617,0.9479511835244395,0.9479511835244395,0.0,0.0,0.9479261750840908,0.9999736184301646,0.0,0.0,0.008,5.39,linear_centered_per_block
20261002T074546Z,2026-10-02T07:45:46.387974+00:00,c2e1a5d38dfc92996309e1e4df5f070b41e7ae38,atlas-47,npu:0,2.7.1+cpu,2.7.1.post10,3.9.9,3638476141138319463,1790927145632619964,1024,1024,8192,bf16,"U(-1,1)",11,10000,256,0.5,320000,160301,0,0,160301,160301,152000,0,40799699,160301,152000,0,159699,152000,0.9482161683333229,0.9482161683333229,0.0,0.0,0.9482161683333229,1.0,0.0,0.0,0.008,5.39,linear_centered_per_block
20261002T074546Z,2026-10-02T07:45:46.387974+00:00,c2e1a5d38dfc92996309e1e4df5f070b41e7ae38,atlas-47,npu:0,2.7.1+cpu,2.7.1.post10,3.9.9,7539304507550304974,1790927145632619964,1024,1024,8192,bf16,"U(-1,1)",12,10000,256,0.5,320000,159982,0,0,159982,159982,151414,0,40800018,159982,151414,0,160018,151414,0.9464439749471816,0.9464439749471816,0.0,0.0,0.9464439749471816,1.0,0.0,0.0,0.008,5.39,linear_centered_per_block
20261002T074546Z,2026-10-02T07:45:46.387974+00:00,c2e1a5d38dfc92996309e1e4df5f070b41e7ae38,atlas-47,npu:0,2.7.1+cpu,2.7.1.post10,3.9.9,7112497046515745158,1790927145632619964,1024,1024,8192,bf16,"U(-1,1)",13,10000,256,0.5,320000,159309,0,0,159309,159309,150969,0,40800691,159309,150969,0,160691,150969,0.9476489087245542,0.9476489087245542,0.0,0.0,0.9476489087245542,1.0,0.0,0.0,0.008,5.39,linear_centered_per_block
20261002T074546Z,2026-10-02T07:45:46.387974+00:00,c2e1a5d38dfc92996309e1e4df5f070b41e7ae38,atlas-47,npu:0,2.7.1+cpu,2.7.1.post10,3.9.9,1733996431347271167,1790927145632619964,1024,1024,8192,bf16,"U(-1,1)",14,10000,256,0.5,320000,160253,4175,27,156051,156078,4372,0,40799747,156078,4372,0,159747,239,0.028011635208037008,0.028011635208037008,0.0,0.0,0.0015312856392316661,0.05466605672461116,0.026052554398357596,0.00016848358533069584,0.008,5.39,linear_centered_per_block
20261002T074546Z,2026-10-02T07:45:46.387974+00:00,c2e1a5d38dfc92996309e1e4df5f070b41e7ae38,atlas-47,npu:0,2.7.1+cpu,2.7.1.post10,3.9.9,2770793449618692373,1790927145632619964,1024,1024,8192,fp32,"N(1,1)",23,10000,256,0.5,320000,160421,0,0,160421,160421,160421,0,40799579,160421,160421,0,159579,160421,1.0,1.0,0.0,0.0,1.0,1.0,0.0,0.0,3.894744150775504e-06,5.39,linear_centered_per_block
20261002T074546Z,2026-10-02T07:45:46.387974+00:00,c2e1a5d38dfc92996309e1e4df5f070b41e7ae38,atlas-47,npu:0,2.7.1+cpu,2.7.1.post10,3.9.9,93173321223370598,1790927145632619964,1024,1024,8192,fp32,"N(1,1)",24,10000,256,0.5,320000,160060,0,0,160060,160060,160060,0,40799940,160060,160060,0,159940,160060,1.0,1.0,0.0,0.0,1.0,1.0,0.0,0.0,3.894744150775504e-06,5.39,linear_centered_per_block
20261002T074546Z,2026-10-02T07:45:46.387974+00:00,c2e1a5d38dfc92996309e1e4df5f070b41e7ae38,atlas-47,npu:0,2.7.1+cpu,2.7.1.post10,3.9.9,379723209561393028,1790927145632619964,1024,1024,8192,fp32,"N(1,1)",25,10000,256,0.5,320000,160368,0,0,160368,160368,160368,0,40799632,160368,160368,0,159632,160368,1.0,1.0,0.0,0.0,1.0,1.0,0.0,0.0,3.894744150775504e-06,5.39,linear_centered_per_block
20261002T074546Z,2026-10-02T07:45:46.387974+00:00,c2e1a5d38dfc92996309e1e4df5f070b41e7ae38,atlas-47,npu:0,2.7.1+cpu,2.7.1.post10,3.9.9,400211004925489901,1790927145632619964,1024,1024,8192,fp32,"N(1,1)",26,10000,256,0.5,320000,159991,0,0,159991,159991,159991,0,40800009,159991,159991,0,160009,159991,1.0,1.0,0.0,0.0,1.0,1.0,0.0,0.0,3.894744150775504e-06,5.39,linear_centered_per_block
20261002T074546Z,2026-10-02T07:45:46.387974+00:00,c2e1a5d38dfc92996309e1e4df5f070b41e7ae38,atlas-47,npu:0,2.7.1+cpu,2.7.1.post10,3.9.9,3215786735608829882,1790927145632619964,1024,1024,8192,fp32,"N(1,1)",27,10000,256,0.5,320000,160122,0,0,160122,160122,160122,0,40799878,160122,160122,0,159878,160122,1.0,1.0,0.0,0.0,1.0,1.0,0.0,0.0,3.894744150775504e-06,5.39,linear_centered_per_block
20261002T074546Z,2026-10-02T07:45:46.387974+00:00,c2e1a5d38dfc92996309e1e4df5f070b41e7ae38,atlas-47,npu:0,2.7.1+cpu,2.7.1.post10,3.9.9,6308304307870206840,1790927145632619964,1024,1024,8192,fp32,"N(1,1)",28,10000,256,0.5,320000,159969,0,0,159969,159969,159969,0,40800031,159969,159969,0,160031,159969,1.0,1.0,0.0,0.0,1.0,1.0,0.0,0.0,3.894744150775504e-06,5.39,linear_centered_per_block
20261002T074546Z,2026-10-02T07:45:46.387974+00:00,c2e1a5d38dfc92996309e1e4df5f070b41e7ae38,atlas-47,npu:0,2.7.1+cpu,2.7.1.post10,3.9.9,4888517288666629085,1790927145632619964,1024,1024,8192,fp32,"N(1,1)",29,10000,256,0.5,320000,159895,0,0,159895,159895,159895,0,40800105,159895,159895,0,160105,159895,1.0,1.0,0.0,0.0,1.0,1.0,0.0,0.0,3.894744150775504e-06,5.39,linear_centered_per_block
20261002T074546Z,2026-10-02T07:45:46.387974+00:00,c2e1a5d38dfc92996309e1e4df5f070b41e7ae38,atlas-47,npu:0,2.7.1+cpu,2.7.1.post10,3.9.9,1951936923174742182,1790927145632619964,1024,1024,8192,fp32,"N(1,1)",30,10000,256,0.5,320000,160074,0,0,160074,160074,160074,0,40799926,160074,160074,0,159926,160074,1.0,1.0,0.0,0.0,1.0,1.0,0.0,0.0,3.894744150775504e-06,5.39,linear_centered_per_block
20261002T074546Z,2026-10-02T07:45:46.387974+00:00,c2e1a5d38dfc92996309e1e4df5f070b41e7ae38,atlas-47,npu:0,2.7.1+cpu,2.7.1.post10,3.9.9,5602201457469641947,1790927145632619964,1024,1024,8192,fp32,"N(1e-6,1)",23,10000,256,0.5,320000,160207,0,0,160207,160207,159449,0,40799793,160207,159449,0,159793,159349,0.995268621221295,0.995268621221295,0.0,0.0,0.9946444287702785,0.9993728402185025,0.0,0.0,3.894744150775504e-06,5.39,linear_centered_per_block
20261002T074546Z,2026-10-02T07:45:46.387974+00:00,c2e1a5d38dfc92996309e1e4df5f070b41e7ae38,atlas-47,npu:0,2.7.1+cpu,2.7.1.post10,3.9.9,1438437514664616405,1790927145632619964,1024,1024,8192,fp32,"N(1e-6,1)",24,10000,256,0.5,320000,159674,0,0,159674,159674,159309,0,40800326,159674,159309,0,160326,159210,0.9977140924633942,0.9977140924633942,0.0,0.0,0.9970940791863422,0.9993785661827015,0.0,0.0,3.894744150775504e-06,5.39,linear_centered_per_block
20261002T074546Z,2026-10-02T07:45:46.387974+00:00,c2e1a5d38dfc92996309e1e4df5f070b41e7ae38,atlas-47,npu:0,2.7.1+cpu,2.7.1.post10,3.9.9,941926612408981851,1790927145632619964,1024,1024,8192,fp32,"N(1e-6,1)",25,10000,256,0.5,320000,159601,0,0,159601,159601,159084,0,40800399,159601,159084,0,160399,159026,0.9967606719256145,0.9967606719256145,0.0,0.0,0.9963972656812927,0.9996354127379247,0.0,0.0,3.894744150775504e-06,5.39,linear_centered_per_block
20261002T074546Z,2026-10-02T07:45:46.387974+00:00,c2e1a5d38dfc92996309e1e4df5f070b41e7ae38,atlas-47,npu:0,2.7.1+cpu,2.7.1.post10,3.9.9,9024103077426553641,1790927145632619964,1024,1024,8192,fp32,"N(1e-6,1)",26,10000,256,0.5,320000,159354,0,0,159354,159354,158733,0,40800646,159354,158733,0,160646,158668,0.9961030159268045,0.9961030159268045,0.0,0.0,0.9956951190431367,0.9995905073299188,0.0,0.0,3.894744150775504e-06,5.39,linear_centered_per_block
20261002T074546Z,2026-10-02T07:45:46.387974+00:00,c2e1a5d38dfc92996309e1e4df5f070b41e7ae38,atlas-47,npu:0,2.7.1+cpu,2.7.1.post10,3.9.9,4738916525668091382,1790927145632619964,1024,1024,8192,fp32,"N(1e-6,1)",27,10000,256,0.5,320000,159946,0,0,159946,159946,159289,0,40800054,159946,159289,0,160054,159237,0.9958923636727396,0.9958923636727396,0.0,0.0,0.9955672539482076,0.9996735493348567,0.0,0.0,3.894744150775504e-06,5.39,linear_centered_per_block
20261002T074546Z,2026-10-02T07:45:46.387974+00:00,c2e1a5d38dfc92996309e1e4df5f070b41e7ae38,atlas-47,npu:0,2.7.1+cpu,2.7.1.post10,3.9.9,8703636363259767125,1790927145632619964,1024,1024,8192,fp32,"N(1e-6,1)",28,10000,256,0.5,320000,160332,0,0,160332,160332,159708,0,40799668,160332,159708,0,159668,159652,0.9961080757428337,0.9961080757428337,0.0,0.0,0.9957588004889854,0.9996493600821499,0.0,0.0,3.894744150775504e-06,5.39,linear_centered_per_block
20261002T074546Z,2026-10-02T07:45:46.387974+00:00,c2e1a5d38dfc92996309e1e4df5f070b41e7ae38,atlas-47,npu:0,2.7.1+cpu,2.7.1.post10,3.9.9,8112202956912305024,1790927145632619964,1024,1024,8192,fp32,"N(1e-6,1)",29,10000,256,0.5,320000,159739,0,0,159739,159739,159142,0,40800261,159739,159142,0,160261,159094,0.9962626534534459,0.9962626534534459,0.0,0.0,0.9959621632788486,0.9996983825765668,0.0,0.0,3.894744150775504e-06,5.39,linear_centered_per_block
20261002T074546Z,2026-10-02T07:45:46.387974+00:00,c2e1a5d38dfc92996309e1e4df5f070b41e7ae38,atlas-47,npu:0,2.7.1+cpu,2.7.1.post10,3.9.9,2990722388102027653,1790927145632619964,1024,1024,8192,fp32,"N(1e-6,1)",30,10000,256,0.5,320000,160441,1385,0,159056,159056,159056,0,40799559,159056,159056,0,159559,157730,1.0,1.0,0.0,0.0,0.9916633135499446,0.9916633135499446,0.008632456790969889,0.0,3.894744150775504e-06,5.39,linear_centered_per_block
20261002T074546Z,2026-10-02T07:45:46.387974+00:00,c2e1a5d38dfc92996309e1e4df5f070b41e7ae38,atlas-47,npu:0,2.7.1+cpu,2.7.1.post10,3.9.9,5538755475760529278,1790927145632619964,1024,1024,8192,fp32,TruncN,23,10000,256,0.5,320000,159751,0,0,159751,159751,159751,0,40800249,159751,159751,0,160249,159751,1.0,1.0,0.0,0.0,1.0,1.0,0.0,0.0,3.894744150775504e-06,5.39,linear_centered_per_block
20261002T074546Z,2026-10-02T07:45:46.387974+00:00,c2e1a5d38dfc92996309e1e4df5f070b41e7ae38,atlas-47,npu:0,2.7.1+cpu,2.7.1.post10,3.9.9,3509992935738921385,1790927145632619964,1024,1024,8192,fp32,TruncN,24,10000,256,0.5,320000,160165,0,0,160165,160165,160165,0,40799835,160165,160165,0,159835,160165,1.0,1.0,0.0,0.0,1.0,1.0,0.0,0.0,3.894744150775504e-06,5.39,linear_centered_per_block
20261002T074546Z,2026-10-02T07:45:46.387974+00:00,c2e1a5d38dfc92996309e1e4df5f070b41e7ae38,atlas-47,npu:0,2.7.1+cpu,2.7.1.post10,3.9.9,7086092357505997001,1790927145632619964,1024,1024,8192,fp32,TruncN,25,10000,256,0.5,320000,160230,0,0,160230,160230,160230,0,40799770,160230,160230,0,159770,160230,1.0,1.0,0.0,0.0,1.0,1.0,0.0,0.0,3.894744150775504e-06,5.39,linear_centered_per_block
20261002T074546Z,2026-10-02T07:45:46.387974+00:00,c2e1a5d38dfc92996309e1e4df5f070b41e7ae38,atlas-47,npu:0,2.7.1+cpu,2.7.1.post10,3.9.9,1719193784305459084,1790927145632619964,1024,1024,8192,fp32,TruncN,26,10000,256,0.5,320000,159992,0,0,159992,159992,159992,0,40800008,159992,159992,0,160008,159992,1.0,1.0,0.0,0.0,1.0,1.0,0.0,0.0,3.894744150775504e-06,5.39,linear_centered_per_block
20261002T074546Z,2026-10-02T07:45:46.387974+00:00,c2e1a5d38dfc92996309e1e4df5f070b41e7ae38,atlas-47,npu:0,2.7.1+cpu,2.7.1.post10,3.9.9,8848537864445680151,1790927145632619964,1024,1024,8192,fp32,TruncN,27,10000,256,0.5,320000,159816,0,0,159816,159816,159816,0,40800184,159816,159816,0,160184,159816,1.0,1.0,0.0,0.0,1.0,1.0,0.0,0.0,3.894744150775504e-06,5.39,linear_centered_per_block
20261002T074546Z,2026-10-02T07:45:46.387974+00:00,c2e1a5d38dfc92996309e1e4df5f070b41e7ae38,atlas-47,npu:0,2.7.1+cpu,2.7.1.post10,3.9.9,3170026436195544900,1790927145632619964,1024,1024,8192,fp32,TruncN,28,10000,256,0.5,320000,160243,0,0,160243,160243,160243,0,40799757,160243,160243,0,159757,160243,1.0,1.0,0.0,0.0,1.0,1.0,0.0,0.0,3.894744150775504e-06,5.39,linear_centered_per_block
20261002T074546Z,2026-10-02T07:45:46.387974+00:00,c2e1a5d38dfc92996309e1e4df5f070b41e7ae38,atlas-47,npu:0,2.7.1+cpu,2.7.1.post10,3.9.9,4678918575971434177,1790927145632619964,1024,1024,8192,fp32,TruncN,29,10000,256,0.5,320000,159808,0,0,159808,159808,159808,0,40800192,159808,159808,0,160192,159808,1.0,1.0,0.0,0.0,1.0,1.0,0.0,0.0,3.894744150775504e-06,5.39,linear_centered_per_block
20261002T074546Z,2026-10-02T07:45:46.387974+00:00,c2e1a5d38dfc92996309e1e4df5f070b41e7ae38,atlas-47,npu:0,2.7.1+cpu,2.7.1.post10,3.9.9,6007772489269435396,1790927145632619964,1024,1024,8192,fp32,TruncN,30,10000,256,0.5,320000,160253,0,0,160253,160253,160253,0,40799747,160253,160253,0,159747,160253,1.0,1.0,0.0,0.0,1.0,1.0,0.0,0.0,3.894744150775504e-06,5.39,linear_centered_per_block
20261002T074546Z,2026-10-02T07:45:46.387974+00:00,c2e1a5d38dfc92996309e1e4df5f070b41e7ae38,atlas-47,npu:0,2.7.1+cpu,2.7.1.post10,3.9.9,5135685754484921915,1790927145632619964,1024,1024,8192,fp32,"U(-1,1)",23,10000,256,0.5,320000,160133,0,0,160133,160133,159806,0,40799867,160133,159806,0,159867,159523,0.997957947456177,0.997957947456177,0.0,0.0,0.9961906665084649,0.9982291027871294,0.0,0.0,3.894744150775504e-06,5.39,linear_centered_per_block
20261002T074546Z,2026-10-02T07:45:46.387974+00:00,c2e1a5d38dfc92996309e1e4df5f070b41e7ae38,atlas-47,npu:0,2.7.1+cpu,2.7.1.post10,3.9.9,6566963541321086482,1790927145632619964,1024,1024,8192,fp32,"U(-1,1)",24,10000,256,0.5,320000,159792,0,0,159792,159792,159619,0,40800208,159792,159619,0,160208,159443,0.998917342545309,0.998917342545309,0.0,0.0,0.9978159106838891,0.9988973743727251,0.0,0.0,3.894744150775504e-06,5.39,linear_centered_per_block
20261002T074546Z,2026-10-02T07:45:46.387974+00:00,c2e1a5d38dfc92996309e1e4df5f070b41e7ae38,atlas-47,npu:0,2.7.1+cpu,2.7.1.post10,3.9.9,8418492602439278899,1790927145632619964,1024,1024,8192,fp32,"U(-1,1)",25,10000,256,0.5,320000,160198,0,0,160198,160198,160168,0,40799802,160198,160168,0,159802,160075,0.9998127317444663,0.9998127317444663,0.0,0.0,0.9992322001523115,0.9994193596723441,0.0,0.0,3.894744150775504e-06,5.39,linear_centered_per_block
20261002T074546Z,2026-10-02T07:45:46.387974+00:00,c2e1a5d38dfc92996309e1e4df5f070b41e7ae38,atlas-47,npu:0,2.7.1+cpu,2.7.1.post10,3.9.9,4157350239657849912,1790927145632619964,1024,1024,8192,fp32,"U(-1,1)",26,10000,256,0.5,320000,159784,0,0,159784,159784,159581,0,40800216,159784,159581,0,160216,159375,0.9987295348720773,0.9987295348720773,0.0,0.0,0.9974402943974365,0.9987091195067082,0.0,0.0,3.894744150775504e-06,5.39,linear_centered_per_block
20261002T074546Z,2026-10-02T07:45:46.387974+00:00,c2e1a5d38dfc92996309e1e4df5f070b41e7ae38,atlas-47,npu:0,2.7.1+cpu,2.7.1.post10,3.9.9,5939911593863927398,1790927145632619964,1024,1024,8192,fp32,"U(-1,1)",27,10000,256,0.5,320000,160109,0,0,160109,160109,159931,0,40799891,160109,159931,0,159891,159721,0.9988882573746635,0.9988882573746635,0.0,0.0,0.9975766509065699,0.9986869337401755,0.0,0.0,3.894744150775504e-06,5.39,linear_centered_per_block
20261002T074546Z,2026-10-02T07:45:46.387974+00:00,c2e1a5d38dfc92996309e1e4df5f070b41e7ae38,atlas-47,npu:0,2.7.1+cpu,2.7.1.post10,3.9.9,1226631400623965100,1790927145632619964,1024,1024,8192,fp32,"U(-1,1)",28,10000,256,0.5,320000,160008,0,0,160008,160008,159767,0,40799992,160008,159767,0,159992,159573,0.9984938253087345,0.9984938253087345,0.0,0.0,0.9972813859307035,0.99878573172182,0.0,0.0,3.894744150775504e-06,5.39,linear_centered_per_block
20261002T074546Z,2026-10-02T07:45:46.387974+00:00,c2e1a5d38dfc92996309e1e4df5f070b41e7ae38,atlas-47,npu:0,2.7.1+cpu,2.7.1.post10,3.9.9,8940259207781501754,1790927145632619964,1024,1024,8192,fp32,"U(-1,1)",29,10000,256,0.5,320000,159951,0,0,159951,159951,159753,0,40800049,159951,159753,0,160049,159540,0.9987621208995254,0.9987621208995254,0.0,0.0,0.997430463079318,0.9986666917053201,0.0,0.0,3.894744150775504e-06,5.39,linear_centered_per_block
20261002T074546Z,2026-10-02T07:45:46.387974+00:00,c2e1a5d38dfc92996309e1e4df5f070b41e7ae38,atlas-47,npu:0,2.7.1+cpu,2.7.1.post10,3.9.9,1241759503138740087,1790927145632619964,1024,1024,8192,fp32,"U(-1,1)",30,10000,256,0.5,320000,159950,4351,0,155599,155599,155599,0,40800050,155599,155599,0,160050,151544,1.0,1.0,0.0,0.0,0.9739394212045065,0.9739394212045065,0.027202250703344796,0.0,3.894744150775504e-06,5.39,linear_centered_per_block
