run_id,timestamp,commit,hostname,device,torch_version,torch_npu_version,python_version,seed,base_seed,M,N,K,dtype,distribution,bit,C,refresh_interval,p_inject,total_blocks,all_injected,non_nan_injected,nan_injected,inf_injected,finite_injected,non_nan_injected_rows,non_nan_detected_rows,non_nan_injected_blocks,non_nan_detected_blocks,non_nan_localized,nan_injected_rows,nan_detected_rows,nan_injected_blocks,nan_detected_blocks,nan_localized,injected_rows,detected_rows,false_rows,clean_rows,injected_blocks,detected_blocks,false_blocks,clean_blocks,localized,non_nan_row_DR,non_nan_block_DR,non_nan_localization_R,non_nan_conditional_localization_R,nan_row_DR,nan_block_DR,nan_localization_R,nan_conditional_localization_R,row_DR,block_DR,row_FPR,block_FPR,localization_R,conditional_localization_R,nan_rate,inf_rate,e_max,c_sigma,encoding
20261004T065352Z,2026-10-04T06:53:52.230119+00:00,20812aef948eaa8d0f8bc34d3ad2eeddd8c87d07,atlas-47,npu:0,2.7.1+cpu,2.7.1.post10,3.9.9,4840541017646636099,1791096831510207213,1024,1024,1024,bf16,"N(1,1)",7,10000,256,0.5,320000,159923,159923,0,0,159923,159923,0,159923,0,0,0,0,0,0,0,159923,0,0,40800077,159923,0,0,160077,0,0.0,0.0,0.0,,,,,,0.0,0.0,0.0,0.0,0.0,,0.0,0.0,0.008,5.39,linear_centered_per_block
20261004T065352Z,2026-10-04T06:53:52.230119+00:00,20812aef948eaa8d0f8bc34d3ad2eeddd8c87d07,atlas-47,npu:0,2.7.1+cpu,2.7.1.post10,3.9.9,3750054761283752856,1791096831510207213,1024,1024,1024,bf16,"N(1,1)",8,10000,256,0.5,320000,159793,159793,0,0,159793,159793,2090,159793,2090,874,0,0,0,0,0,159793,2090,0,40800207,159793,2090,0,160207,874,0.013079421501567653,0.013079421501567653,0.005469576264291928,0.41818181818181815,,,,,0.013079421501567653,0.013079421501567653,0.0,0.0,0.005469576264291928,0.41818181818181815,0.0,0.0,0.008,5.39,linear_centered_per_block
20261004T065352Z,2026-10-04T06:53:52.230119+00:00,20812aef948eaa8d0f8bc34d3ad2eeddd8c87d07,atlas-47,npu:0,2.7.1+cpu,2.7.1.post10,3.9.9,4913654535779813011,1791096831510207213,1024,1024,1024,bf16,"N(1,1)",9,10000,256,0.5,320000,159879,159879,0,0,159879,159879,159879,159879,159879,156887,0,0,0,0,0,159879,159879,0,40800121,159879,159879,0,160121,156887,1.0,1.0,0.981285847422113,0.981285847422113,,,,,1.0,1.0,0.0,0.0,0.981285847422113,0.981285847422113,0.0,0.0,0.008,5.39,linear_centered_per_block
20261004T065352Z,2026-10-04T06:53:52.230119+00:00,20812aef948eaa8d0f8bc34d3ad2eeddd8c87d07,atlas-47,npu:0,2.7.1+cpu,2.7.1.post10,3.9.9,3598368686927101935,1791096831510207213,1024,1024,1024,bf16,"N(1,1)",10,10000,256,0.5,320000,160396,160396,0,0,160396,160396,0,160396,0,0,0,0,0,0,0,160396,0,0,40799604,160396,0,0,159604,0,0.0,0.0,0.0,,,,,,0.0,0.0,0.0,0.0,0.0,,0.0,0.0,0.008,5.39,linear_centered_per_block
20261004T065352Z,2026-10-04T06:53:52.230119+00:00,20812aef948eaa8d0f8bc34d3ad2eeddd8c87d07,atlas-47,npu:0,2.7.1+cpu,2.7.1.post10,3.9.9,5097475930275975843,1791096831510207213,1024,1024,1024,bf16,"N(1,1)",11,10000,256,0.5,320000,159712,159712,0,0,159712,159712,159712,159712,159712,159712,0,0,0,0,0,159712,159712,0,40800288,159712,159712,0,160288,159712,1.0,1.0,1.0,1.0,,,,,1.0,1.0,0.0,0.0,1.0,1.0,0.0,0.0,0.008,5.39,linear_centered_per_block
20261004T065352Z,2026-10-04T06:53:52.230119+00:00,20812aef948eaa8d0f8bc34d3ad2eeddd8c87d07,atlas-47,npu:0,2.7.1+cpu,2.7.1.post10,3.9.9,1748076530701207249,1791096831510207213,1024,1024,1024,bf16,"N(1,1)",12,10000,256,0.5,320000,160152,160152,0,0,160152,160152,160152,160152,160152,160152,0,0,0,0,0,160152,160152,0,40799848,160152,160152,0,159848,160152,1.0,1.0,1.0,1.0,,,,,1.0,1.0,0.0,0.0,1.0,1.0,0.0,0.0,0.008,5.39,linear_centered_per_block
20261004T065352Z,2026-10-04T06:53:52.230119+00:00,20812aef948eaa8d0f8bc34d3ad2eeddd8c87d07,atlas-47,npu:0,2.7.1+cpu,2.7.1.post10,3.9.9,5937805663206315728,1791096831510207213,1024,1024,1024,bf16,"N(1,1)",13,10000,256,0.5,320000,159778,159778,0,0,159778,159778,159778,159778,159778,159778,0,0,0,0,0,159778,159778,0,40800222,159778,159778,0,160222,159778,1.0,1.0,1.0,1.0,,,,,1.0,1.0,0.0,0.0,1.0,1.0,0.0,0.0,0.008,5.39,linear_centered_per_block
20261004T065352Z,2026-10-04T06:53:52.230119+00:00,20812aef948eaa8d0f8bc34d3ad2eeddd8c87d07,atlas-47,npu:0,2.7.1+cpu,2.7.1.post10,3.9.9,6467653145480460337,1791096831510207213,1024,1024,1024,bf16,"N(1,1)",14,10000,256,0.5,320000,160043,160043,0,0,160043,160043,0,160043,0,0,0,0,0,0,0,160043,0,0,40799957,160043,0,0,159957,0,0.0,0.0,0.0,,,,,,0.0,0.0,0.0,0.0,0.0,,0.0,0.0,0.008,5.39,linear_centered_per_block
20261004T065352Z,2026-10-04T06:53:52.230119+00:00,20812aef948eaa8d0f8bc34d3ad2eeddd8c87d07,atlas-47,npu:0,2.7.1+cpu,2.7.1.post10,3.9.9,3882406067378856490,1791096831510207213,1024,1024,1024,bf16,"N(1e-6,1)",7,10000,256,0.5,320000,159693,159693,0,0,159693,159693,0,159693,0,0,0,0,0,0,0,159693,0,0,40800307,159693,0,0,160307,0,0.0,0.0,0.0,,,,,,0.0,0.0,0.0,0.0,0.0,,0.0,0.0,0.008,5.39,linear_centered_per_block
20261004T065352Z,2026-10-04T06:53:52.230119+00:00,20812aef948eaa8d0f8bc34d3ad2eeddd8c87d07,atlas-47,npu:0,2.7.1+cpu,2.7.1.post10,3.9.9,6300809693083220054,1791096831510207213,1024,1024,1024,bf16,"N(1e-6,1)",8,10000,256,0.5,320000,159714,159714,0,0,159714,159714,826,159714,826,730,0,0,0,0,0,159714,826,0,40800286,159714,826,0,160286,730,0.005171744493281741,0.005171744493281741,0.00457067007275505,0.8837772397094431,,,,,0.005171744493281741,0.005171744493281741,0.0,0.0,0.00457067007275505,0.8837772397094431,0.0,0.0,0.008,5.39,linear_centered_per_block
20261004T065352Z,2026-10-04T06:53:52.230119+00:00,20812aef948eaa8d0f8bc34d3ad2eeddd8c87d07,atlas-47,npu:0,2.7.1+cpu,2.7.1.post10,3.9.9,7322164715495543457,1791096831510207213,1024,1024,1024,bf16,"N(1e-6,1)",9,10000,256,0.5,320000,159902,159902,0,0,159902,159902,39796,159902,39796,37811,0,0,0,0,0,159902,39796,0,40800098,159902,39796,0,160098,37811,0.24887743743042615,0.24887743743042615,0.23646358394516642,0.9501206151371997,,,,,0.24887743743042615,0.24887743743042615,0.0,0.0,0.23646358394516642,0.9501206151371997,0.0,0.0,0.008,5.39,linear_centered_per_block
20261004T065352Z,2026-10-04T06:53:52.230119+00:00,20812aef948eaa8d0f8bc34d3ad2eeddd8c87d07,atlas-47,npu:0,2.7.1+cpu,2.7.1.post10,3.9.9,2742672037745335609,1791096831510207213,1024,1024,1024,bf16,"N(1e-6,1)",10,10000,256,0.5,320000,159479,159479,0,0,159479,159479,151477,159479,151477,151468,0,0,0,0,0,159479,151477,0,40800521,159479,151477,0,160521,151468,0.949824114773732,0.949824114773732,0.949767681011293,0.9999405850393129,,,,,0.949824114773732,0.949824114773732,0.0,0.0,0.949767681011293,0.9999405850393129,0.0,0.0,0.008,5.39,linear_centered_per_block
20261004T065352Z,2026-10-04T06:53:52.230119+00:00,20812aef948eaa8d0f8bc34d3ad2eeddd8c87d07,atlas-47,npu:0,2.7.1+cpu,2.7.1.post10,3.9.9,708386934224615721,1791096831510207213,1024,1024,1024,bf16,"N(1e-6,1)",11,10000,256,0.5,320000,160467,160467,0,0,160467,160467,152475,160467,152475,152475,0,0,0,0,0,160467,152475,0,40799533,160467,152475,0,159533,152475,0.9501953672717756,0.9501953672717756,0.9501953672717756,1.0,,,,,0.9501953672717756,0.9501953672717756,0.0,0.0,0.9501953672717756,1.0,0.0,0.0,0.008,5.39,linear_centered_per_block
20261004T065352Z,2026-10-04T06:53:52.230119+00:00,20812aef948eaa8d0f8bc34d3ad2eeddd8c87d07,atlas-47,npu:0,2.7.1+cpu,2.7.1.post10,3.9.9,9194949449174483748,1791096831510207213,1024,1024,1024,bf16,"N(1e-6,1)",12,10000,256,0.5,320000,160514,160514,0,0,160514,160514,152604,160514,152604,152604,0,0,0,0,0,160514,152604,0,40799486,160514,152604,0,159486,152604,0.9507208093998031,0.9507208093998031,0.9507208093998031,1.0,,,,,0.9507208093998031,0.9507208093998031,0.0,0.0,0.9507208093998031,1.0,0.0,0.0,0.008,5.39,linear_centered_per_block
20261004T065352Z,2026-10-04T06:53:52.230119+00:00,20812aef948eaa8d0f8bc34d3ad2eeddd8c87d07,atlas-47,npu:0,2.7.1+cpu,2.7.1.post10,3.9.9,4320830037562577930,1791096831510207213,1024,1024,1024,bf16,"N(1e-6,1)",13,10000,256,0.5,320000,159535,159535,0,0,159535,159535,151622,159535,151622,151622,0,0,0,0,0,159535,151622,0,40800465,159535,151622,0,160465,151622,0.9503995988341116,0.9503995988341116,0.9503995988341116,1.0,,,,,0.9503995988341116,0.9503995988341116,0.0,0.0,0.9503995988341116,1.0,0.0,0.0,0.008,5.39,linear_centered_per_block
20261004T065352Z,2026-10-04T06:53:52.230119+00:00,20812aef948eaa8d0f8bc34d3ad2eeddd8c87d07,atlas-47,npu:0,2.7.1+cpu,2.7.1.post10,3.9.9,4705470171049859795,1791096831510207213,1024,1024,1024,bf16,"N(1e-6,1)",14,10000,256,0.5,320000,160114,156127,3987,20,156107,156127,3956,156127,3956,183,3987,3987,3987,3987,0,160114,7943,0,40799886,160114,7943,0,159886,183,0.025338346346243764,0.025338346346243764,0.0011721226949854926,0.046258847320525785,1.0,1.0,0.0,0.0,0.04960840401214135,0.04960840401214135,0.0,0.0,0.0011429356583434302,0.023039153972050863,0.024901008031777357,0.0001249110009118503,0.008,5.39,linear_centered_per_block
20261004T065352Z,2026-10-04T06:53:52.230119+00:00,20812aef948eaa8d0f8bc34d3ad2eeddd8c87d07,atlas-47,npu:0,2.7.1+cpu,2.7.1.post10,3.9.9,1705854750456581924,1791096831510207213,1024,1024,1024,bf16,TruncN,7,10000,256,0.5,320000,160031,160031,0,0,160031,160031,0,160031,0,0,0,0,0,0,0,160031,0,0,40799969,160031,0,0,159969,0,0.0,0.0,0.0,,,,,,0.0,0.0,0.0,0.0,0.0,,0.0,0.0,0.008,5.39,linear_centered_per_block
20261004T065352Z,2026-10-04T06:53:52.230119+00:00,20812aef948eaa8d0f8bc34d3ad2eeddd8c87d07,atlas-47,npu:0,2.7.1+cpu,2.7.1.post10,3.9.9,1309181138458437569,1791096831510207213,1024,1024,1024,bf16,TruncN,8,10000,256,0.5,320000,159650,159650,0,0,159650,159650,159650,159650,159650,67743,0,0,0,0,0,159650,159650,0,40800350,159650,159650,0,160350,67743,1.0,1.0,0.4243219542749765,0.4243219542749765,,,,,1.0,1.0,0.0,0.0,0.4243219542749765,0.4243219542749765,0.0,0.0,0.008,5.39,linear_centered_per_block
20261004T065352Z,2026-10-04T06:53:52.230119+00:00,20812aef948eaa8d0f8bc34d3ad2eeddd8c87d07,atlas-47,npu:0,2.7.1+cpu,2.7.1.post10,3.9.9,1158088891682404476,1791096831510207213,1024,1024,1024,bf16,TruncN,9,10000,256,0.5,320000,159765,159765,0,0,159765,159765,159765,159765,159765,156539,0,0,0,0,0,159765,159765,0,40800235,159765,159765,0,160235,156539,1.0,1.0,0.9798078427690671,0.9798078427690671,,,,,1.0,1.0,0.0,0.0,0.9798078427690671,0.9798078427690671,0.0,0.0,0.008,5.39,linear_centered_per_block
20261004T065352Z,2026-10-04T06:53:52.230119+00:00,20812aef948eaa8d0f8bc34d3ad2eeddd8c87d07,atlas-47,npu:0,2.7.1+cpu,2.7.1.post10,3.9.9,3002110276113578261,1791096831510207213,1024,1024,1024,bf16,TruncN,10,10000,256,0.5,320000,159598,159598,0,0,159598,159598,0,159598,0,0,0,0,0,0,0,159598,0,0,40800402,159598,0,0,160402,0,0.0,0.0,0.0,,,,,,0.0,0.0,0.0,0.0,0.0,,0.0,0.0,0.008,5.39,linear_centered_per_block
20261004T065352Z,2026-10-04T06:53:52.230119+00:00,20812aef948eaa8d0f8bc34d3ad2eeddd8c87d07,atlas-47,npu:0,2.7.1+cpu,2.7.1.post10,3.9.9,9102109658121691221,1791096831510207213,1024,1024,1024,bf16,TruncN,11,10000,256,0.5,320000,159703,159703,0,0,159703,159703,159703,159703,159703,159703,0,0,0,0,0,159703,159703,0,40800297,159703,159703,0,160297,159703,1.0,1.0,1.0,1.0,,,,,1.0,1.0,0.0,0.0,1.0,1.0,0.0,0.0,0.008,5.39,linear_centered_per_block
20261004T065352Z,2026-10-04T06:53:52.230119+00:00,20812aef948eaa8d0f8bc34d3ad2eeddd8c87d07,atlas-47,npu:0,2.7.1+cpu,2.7.1.post10,3.9.9,3992708948806692338,1791096831510207213,1024,1024,1024,bf16,TruncN,12,10000,256,0.5,320000,160157,160157,0,0,160157,160157,160157,160157,160157,160157,0,0,0,0,0,160157,160157,0,40799843,160157,160157,0,159843,160157,1.0,1.0,1.0,1.0,,,,,1.0,1.0,0.0,0.0,1.0,1.0,0.0,0.0,0.008,5.39,linear_centered_per_block
20261004T065352Z,2026-10-04T06:53:52.230119+00:00,20812aef948eaa8d0f8bc34d3ad2eeddd8c87d07,atlas-47,npu:0,2.7.1+cpu,2.7.1.post10,3.9.9,3557134098564628990,1791096831510207213,1024,1024,1024,bf16,TruncN,13,10000,256,0.5,320000,159793,159793,0,0,159793,159793,159793,159793,159793,159793,0,0,0,0,0,159793,159793,0,40800207,159793,159793,0,160207,159793,1.0,1.0,1.0,1.0,,,,,1.0,1.0,0.0,0.0,1.0,1.0,0.0,0.0,0.008,5.39,linear_centered_per_block
20261004T065352Z,2026-10-04T06:53:52.230119+00:00,20812aef948eaa8d0f8bc34d3ad2eeddd8c87d07,atlas-47,npu:0,2.7.1+cpu,2.7.1.post10,3.9.9,4786122323160715340,1791096831510207213,1024,1024,1024,bf16,TruncN,14,10000,256,0.5,320000,160477,160477,0,0,160477,160477,0,160477,0,0,0,0,0,0,0,160477,0,0,40799523,160477,0,0,159523,0,0.0,0.0,0.0,,,,,,0.0,0.0,0.0,0.0,0.0,,0.0,0.0,0.008,5.39,linear_centered_per_block
20261004T065352Z,2026-10-04T06:53:52.230119+00:00,20812aef948eaa8d0f8bc34d3ad2eeddd8c87d07,atlas-47,npu:0,2.7.1+cpu,2.7.1.post10,3.9.9,7253428069996354513,1791096831510207213,1024,1024,1024,bf16,"U(-1,1)",7,10000,256,0.5,320000,160029,160029,0,0,160029,160029,132,160029,132,68,0,0,0,0,0,160029,132,0,40799971,160029,132,0,159971,68,0.0008248504958476276,0.0008248504958476276,0.0004249229827093839,0.5151515151515151,,,,,0.0008248504958476276,0.0008248504958476276,0.0,0.0,0.0004249229827093839,0.5151515151515151,0.0,0.0,0.008,5.39,linear_centered_per_block
20261004T065352Z,2026-10-04T06:53:52.230119+00:00,20812aef948eaa8d0f8bc34d3ad2eeddd8c87d07,atlas-47,npu:0,2.7.1+cpu,2.7.1.post10,3.9.9,8462082853547747559,1791096831510207213,1024,1024,1024,bf16,"U(-1,1)",8,10000,256,0.5,320000,159401,159401,0,0,159401,159401,423,159401,423,382,0,0,0,0,0,159401,423,0,40800599,159401,423,0,160599,382,0.0026536847322162346,0.0026536847322162346,0.002396471791268562,0.9030732860520094,,,,,0.0026536847322162346,0.0026536847322162346,0.0,0.0,0.002396471791268562,0.9030732860520094,0.0,0.0,0.008,5.39,linear_centered_per_block
20261004T065352Z,2026-10-04T06:53:52.230119+00:00,20812aef948eaa8d0f8bc34d3ad2eeddd8c87d07,atlas-47,npu:0,2.7.1+cpu,2.7.1.post10,3.9.9,4741806331895755997,1791096831510207213,1024,1024,1024,bf16,"U(-1,1)",9,10000,256,0.5,320000,159837,159837,0,0,159837,159837,131486,159837,131486,117520,0,0,0,0,0,159837,131486,0,40800163,159837,131486,0,160163,117520,0.8226255497788372,0.8226255497788372,0.7352490349543598,0.8937833685715589,,,,,0.8226255497788372,0.8226255497788372,0.0,0.0,0.7352490349543598,0.8937833685715589,0.0,0.0,0.008,5.39,linear_centered_per_block
20261004T065352Z,2026-10-04T06:53:52.230119+00:00,20812aef948eaa8d0f8bc34d3ad2eeddd8c87d07,atlas-47,npu:0,2.7.1+cpu,2.7.1.post10,3.9.9,6505954114340717520,1791096831510207213,1024,1024,1024,bf16,"U(-1,1)",10,10000,256,0.5,320000,159722,159722,0,0,159722,159722,136212,159722,136212,136212,0,0,0,0,0,159722,136212,0,40800278,159722,136212,0,160278,136212,0.8528067517311329,0.8528067517311329,0.8528067517311329,1.0,,,,,0.8528067517311329,0.8528067517311329,0.0,0.0,0.8528067517311329,1.0,0.0,0.0,0.008,5.39,linear_centered_per_block
20261004T065352Z,2026-10-04T06:53:52.230119+00:00,20812aef948eaa8d0f8bc34d3ad2eeddd8c87d07,atlas-47,npu:0,2.7.1+cpu,2.7.1.post10,3.9.9,8180880385056911337,1791096831510207213,1024,1024,1024,bf16,"U(-1,1)",11,10000,256,0.5,320000,160064,160064,0,0,160064,160064,136552,160064,136552,136552,0,0,0,0,0,160064,136552,0,40799936,160064,136552,0,159936,136552,0.853108756497401,0.853108756497401,0.853108756497401,1.0,,,,,0.853108756497401,0.853108756497401,0.0,0.0,0.853108756497401,1.0,0.0,0.0,0.008,5.39,linear_centered_per_block
20261004T065352Z,2026-10-04T06:53:52.230119+00:00,20812aef948eaa8d0f8bc34d3ad2eeddd8c87d07,atlas-47,npu:0,2.7.1+cpu,2.7.1.post10,3.9.9,103135098095099939,1791096831510207213,1024,1024,1024,bf16,"U(-1,1)",12,10000,256,0.5,320000,159647,159647,0,0,159647,159647,135850,159647,135850,135850,0,0,0,0,0,159647,135850,0,40800353,159647,135850,0,160353,135850,0.8509398861237606,0.8509398861237606,0.8509398861237606,1.0,,,,,0.8509398861237606,0.8509398861237606,0.0,0.0,0.8509398861237606,1.0,0.0,0.0,0.008,5.39,linear_centered_per_block
20261004T065352Z,2026-10-04T06:53:52.230119+00:00,20812aef948eaa8d0f8bc34d3ad2eeddd8c87d07,atlas-47,npu:0,2.7.1+cpu,2.7.1.post10,3.9.9,3628921482914835545,1791096831510207213,1024,1024,1024,bf16,"U(-1,1)",13,10000,256,0.5,320000,160402,160402,0,0,160402,160402,136694,160402,136694,136694,0,0,0,0,0,160402,136694,0,40799598,160402,136694,0,159598,136694,0.852196356653907,0.852196356653907,0.852196356653907,1.0,,,,,0.852196356653907,0.852196356653907,0.0,0.0,0.852196356653907,1.0,0.0,0.0,0.008,5.39,linear_centered_per_block
20261004T065352Z,2026-10-04T06:53:52.230119+00:00,20812aef948eaa8d0f8bc34d3ad2eeddd8c87d07,atlas-47,npu:0,2.7.1+cpu,2.7.1.post10,3.9.9,6329100505805846103,1791096831510207213,1024,1024,1024,bf16,"U(-1,1)",14,10000,256,0.5,320000,160289,148447,11842,73,148374,148447,12297,148447,12297,592,11842,11842,11842,11842,0,160289,24139,0,40799711,160289,24139,0,159711,592,0.08283764575909247,0.08283764575909247,0.00398795529717677,0.04814182320891274,1.0,1.0,0.0,0.0,0.15059673464804196,0.15059673464804196,0.0,0.0,0.0036933289246298875,0.024524628195037076,0.07387905595518096,0.00045542738428713136,0.008,5.39,linear_centered_per_block
20261004T065352Z,2026-10-04T06:53:52.230119+00:00,20812aef948eaa8d0f8bc34d3ad2eeddd8c87d07,atlas-47,npu:0,2.7.1+cpu,2.7.1.post10,3.9.9,2101948088976117811,1791096831510207213,1024,1024,1024,fp32,"N(1,1)",23,10000,256,0.5,320000,159844,159844,0,0,159844,159844,159844,159844,159844,159844,0,0,0,0,0,159844,159844,0,40800156,159844,159844,0,160156,159844,1.0,1.0,1.0,1.0,,,,,1.0,1.0,0.0,0.0,1.0,1.0,0.0,0.0,1.377e-06,5.39,linear_centered_per_block
20261004T065352Z,2026-10-04T06:53:52.230119+00:00,20812aef948eaa8d0f8bc34d3ad2eeddd8c87d07,atlas-47,npu:0,2.7.1+cpu,2.7.1.post10,3.9.9,7649126307702376044,1791096831510207213,1024,1024,1024,fp32,"N(1,1)",24,10000,256,0.5,320000,160034,160034,0,0,160034,160034,160034,160034,160034,160034,0,0,0,0,0,160034,160034,0,40799966,160034,160034,0,159966,160034,1.0,1.0,1.0,1.0,,,,,1.0,1.0,0.0,0.0,1.0,1.0,0.0,0.0,1.377e-06,5.39,linear_centered_per_block
20261004T065352Z,2026-10-04T06:53:52.230119+00:00,20812aef948eaa8d0f8bc34d3ad2eeddd8c87d07,atlas-47,npu:0,2.7.1+cpu,2.7.1.post10,3.9.9,4603073714715339747,1791096831510207213,1024,1024,1024,fp32,"N(1,1)",25,10000,256,0.5,320000,160264,160264,0,0,160264,160264,160264,160264,160264,160264,0,0,0,0,0,160264,160264,0,40799736,160264,160264,0,159736,160264,1.0,1.0,1.0,1.0,,,,,1.0,1.0,0.0,0.0,1.0,1.0,0.0,0.0,1.377e-06,5.39,linear_centered_per_block
20261004T065352Z,2026-10-04T06:53:52.230119+00:00,20812aef948eaa8d0f8bc34d3ad2eeddd8c87d07,atlas-47,npu:0,2.7.1+cpu,2.7.1.post10,3.9.9,1906946342203972804,1791096831510207213,1024,1024,1024,fp32,"N(1,1)",26,10000,256,0.5,320000,160053,160053,0,0,160053,160053,160053,160053,160053,160053,0,0,0,0,0,160053,160053,0,40799947,160053,160053,0,159947,160053,1.0,1.0,1.0,1.0,,,,,1.0,1.0,0.0,0.0,1.0,1.0,0.0,0.0,1.377e-06,5.39,linear_centered_per_block
20261004T065352Z,2026-10-04T06:53:52.230119+00:00,20812aef948eaa8d0f8bc34d3ad2eeddd8c87d07,atlas-47,npu:0,2.7.1+cpu,2.7.1.post10,3.9.9,6520715594744563258,1791096831510207213,1024,1024,1024,fp32,"N(1,1)",27,10000,256,0.5,320000,159985,159985,0,0,159985,159985,159985,159985,159985,159985,0,0,0,0,0,159985,159985,0,40800015,159985,159985,0,160015,159985,1.0,1.0,1.0,1.0,,,,,1.0,1.0,0.0,0.0,1.0,1.0,0.0,0.0,1.377e-06,5.39,linear_centered_per_block
20261004T065352Z,2026-10-04T06:53:52.230119+00:00,20812aef948eaa8d0f8bc34d3ad2eeddd8c87d07,atlas-47,npu:0,2.7.1+cpu,2.7.1.post10,3.9.9,5198298913141601335,1791096831510207213,1024,1024,1024,fp32,"N(1,1)",28,10000,256,0.5,320000,160279,160279,0,0,160279,160279,160279,160279,160279,160279,0,0,0,0,0,160279,160279,0,40799721,160279,160279,0,159721,160279,1.0,1.0,1.0,1.0,,,,,1.0,1.0,0.0,0.0,1.0,1.0,0.0,0.0,1.377e-06,5.39,linear_centered_per_block
20261004T065352Z,2026-10-04T06:53:52.230119+00:00,20812aef948eaa8d0f8bc34d3ad2eeddd8c87d07,atlas-47,npu:0,2.7.1+cpu,2.7.1.post10,3.9.9,1857245122987348998,1791096831510207213,1024,1024,1024,fp32,"N(1,1)",29,10000,256,0.5,320000,159743,159743,0,0,159743,159743,159743,159743,159743,159743,0,0,0,0,0,159743,159743,0,40800257,159743,159743,0,160257,159743,1.0,1.0,1.0,1.0,,,,,1.0,1.0,0.0,0.0,1.0,1.0,0.0,0.0,1.377e-06,5.39,linear_centered_per_block
20261004T065352Z,2026-10-04T06:53:52.230119+00:00,20812aef948eaa8d0f8bc34d3ad2eeddd8c87d07,atlas-47,npu:0,2.7.1+cpu,2.7.1.post10,3.9.9,5978498825737276431,1791096831510207213,1024,1024,1024,fp32,"N(1,1)",30,10000,256,0.5,320000,160026,160026,0,0,160026,160026,160026,160026,160026,160026,0,0,0,0,0,160026,160026,0,40799974,160026,160026,0,159974,160026,1.0,1.0,1.0,1.0,,,,,1.0,1.0,0.0,0.0,1.0,1.0,0.0,0.0,1.377e-06,5.39,linear_centered_per_block
20261004T065352Z,2026-10-04T06:53:52.230119+00:00,20812aef948eaa8d0f8bc34d3ad2eeddd8c87d07,atlas-47,npu:0,2.7.1+cpu,2.7.1.post10,3.9.9,5338150119250861858,1791096831510207213,1024,1024,1024,fp32,"N(1e-6,1)",23,10000,256,0.5,320000,159860,159860,0,0,159860,159860,159538,159860,159538,159497,0,0,0,0,0,159860,159538,0,40800140,159860,159538,0,160140,159497,0.9979857375203303,0.9979857375203303,0.997729263105217,0.9997430079354135,,,,,0.9979857375203303,0.9979857375203303,0.0,0.0,0.997729263105217,0.9997430079354135,0.0,0.0,1.377e-06,5.39,linear_centered_per_block
20261004T065352Z,2026-10-04T06:53:52.230119+00:00,20812aef948eaa8d0f8bc34d3ad2eeddd8c87d07,atlas-47,npu:0,2.7.1+cpu,2.7.1.post10,3.9.9,8452072464901165255,1791096831510207213,1024,1024,1024,fp32,"N(1e-6,1)",24,10000,256,0.5,320000,160023,160023,0,0,160023,160023,159855,160023,159855,159820,0,0,0,0,0,160023,159855,0,40799977,160023,159855,0,159977,159820,0.9989501509158059,0.9989501509158059,0.9987314323565988,0.9997810515779926,,,,,0.9989501509158059,0.9989501509158059,0.0,0.0,0.9987314323565988,0.9997810515779926,0.0,0.0,1.377e-06,5.39,linear_centered_per_block
20261004T065352Z,2026-10-04T06:53:52.230119+00:00,20812aef948eaa8d0f8bc34d3ad2eeddd8c87d07,atlas-47,npu:0,2.7.1+cpu,2.7.1.post10,3.9.9,3967781531512578529,1791096831510207213,1024,1024,1024,fp32,"N(1e-6,1)",25,10000,256,0.5,320000,160329,160329,0,0,160329,160329,160290,160329,160290,160287,0,0,0,0,0,160329,160290,0,40799671,160329,160290,0,159671,160287,0.9997567501824374,0.9997567501824374,0.9997380386580095,0.9999812839228898,,,,,0.9997567501824374,0.9997567501824374,0.0,0.0,0.9997380386580095,0.9999812839228898,0.0,0.0,1.377e-06,5.39,linear_centered_per_block
20261004T065352Z,2026-10-04T06:53:52.230119+00:00,20812aef948eaa8d0f8bc34d3ad2eeddd8c87d07,atlas-47,npu:0,2.7.1+cpu,2.7.1.post10,3.9.9,1378713107825501997,1791096831510207213,1024,1024,1024,fp32,"N(1e-6,1)",26,10000,256,0.5,320000,160328,160328,0,0,160328,160328,160168,160328,160168,160131,0,0,0,0,0,160328,160168,0,40799672,160328,160168,0,159672,160131,0.9990020458060975,0.9990020458060975,0.9987712688987576,0.9997689925578143,,,,,0.9990020458060975,0.9990020458060975,0.0,0.0,0.9987712688987576,0.9997689925578143,0.0,0.0,1.377e-06,5.39,linear_centered_per_block
20261004T065352Z,2026-10-04T06:53:52.230119+00:00,20812aef948eaa8d0f8bc34d3ad2eeddd8c87d07,atlas-47,npu:0,2.7.1+cpu,2.7.1.post10,3.9.9,3011022969674910649,1791096831510207213,1024,1024,1024,fp32,"N(1e-6,1)",27,10000,256,0.5,320000,160012,160012,0,0,160012,160012,159829,160012,159829,159802,0,0,0,0,0,160012,159829,0,40799988,160012,159829,0,159988,159802,0.9988563357748169,0.9988563357748169,0.9986875984301178,0.9998310694554805,,,,,0.9988563357748169,0.9988563357748169,0.0,0.0,0.9986875984301178,0.9998310694554805,0.0,0.0,1.377e-06,5.39,linear_centered_per_block
20261004T065352Z,2026-10-04T06:53:52.230119+00:00,20812aef948eaa8d0f8bc34d3ad2eeddd8c87d07,atlas-47,npu:0,2.7.1+cpu,2.7.1.post10,3.9.9,3920729668846637273,1791096831510207213,1024,1024,1024,fp32,"N(1e-6,1)",28,10000,256,0.5,320000,159749,159749,0,0,159749,159749,159551,159749,159551,159520,0,0,0,0,0,159749,159551,0,40800251,159749,159551,0,160251,159520,0.9987605556216315,0.9987605556216315,0.9985665011987556,0.9998057047589799,,,,,0.9987605556216315,0.9987605556216315,0.0,0.0,0.9985665011987556,0.9998057047589799,0.0,0.0,1.377e-06,5.39,linear_centered_per_block
20261004T065352Z,2026-10-04T06:53:52.230119+00:00,20812aef948eaa8d0f8bc34d3ad2eeddd8c87d07,atlas-47,npu:0,2.7.1+cpu,2.7.1.post10,3.9.9,231132865567988135,1791096831510207213,1024,1024,1024,fp32,"N(1e-6,1)",29,10000,256,0.5,320000,159811,159811,0,0,159811,159811,159621,159811,159621,159592,0,0,0,0,0,159811,159621,0,40800189,159811,159621,0,160189,159592,0.9988110956066854,0.9988110956066854,0.9986296312519163,0.9998183196446583,,,,,0.9988110956066854,0.9988110956066854,0.0,0.0,0.9986296312519163,0.9998183196446583,0.0,0.0,1.377e-06,5.39,linear_centered_per_block
20261004T065352Z,2026-10-04T06:53:52.230119+00:00,20812aef948eaa8d0f8bc34d3ad2eeddd8c87d07,atlas-47,npu:0,2.7.1+cpu,2.7.1.post10,3.9.9,6124038062108408838,1791096831510207213,1024,1024,1024,fp32,"N(1e-6,1)",30,10000,256,0.5,320000,159665,155653,4012,0,155653,155653,155653,155653,155653,151852,4012,4012,4012,4012,0,159665,159665,0,40800335,159665,159665,0,160335,151852,1.0,1.0,0.97558029719954,0.97558029719954,1.0,1.0,0.0,0.0,1.0,1.0,0.0,0.0,0.951066295055272,0.951066295055272,0.025127610935395985,0.0,1.377e-06,5.39,linear_centered_per_block
20261004T065352Z,2026-10-04T06:53:52.230119+00:00,20812aef948eaa8d0f8bc34d3ad2eeddd8c87d07,atlas-47,npu:0,2.7.1+cpu,2.7.1.post10,3.9.9,6167550106452238983,1791096831510207213,1024,1024,1024,fp32,TruncN,23,10000,256,0.5,320000,159971,159971,0,0,159971,159971,159971,159971,159971,159971,0,0,0,0,0,159971,159971,0,40800029,159971,159971,0,160029,159971,1.0,1.0,1.0,1.0,,,,,1.0,1.0,0.0,0.0,1.0,1.0,0.0,0.0,1.377e-06,5.39,linear_centered_per_block
20261004T065352Z,2026-10-04T06:53:52.230119+00:00,20812aef948eaa8d0f8bc34d3ad2eeddd8c87d07,atlas-47,npu:0,2.7.1+cpu,2.7.1.post10,3.9.9,8990336585127460925,1791096831510207213,1024,1024,1024,fp32,TruncN,24,10000,256,0.5,320000,160243,160243,0,0,160243,160243,160243,160243,160243,160243,0,0,0,0,0,160243,160243,0,40799757,160243,160243,0,159757,160243,1.0,1.0,1.0,1.0,,,,,1.0,1.0,0.0,0.0,1.0,1.0,0.0,0.0,1.377e-06,5.39,linear_centered_per_block
20261004T065352Z,2026-10-04T06:53:52.230119+00:00,20812aef948eaa8d0f8bc34d3ad2eeddd8c87d07,atlas-47,npu:0,2.7.1+cpu,2.7.1.post10,3.9.9,899952268816991821,1791096831510207213,1024,1024,1024,fp32,TruncN,25,10000,256,0.5,320000,160142,160142,0,0,160142,160142,160142,160142,160142,160142,0,0,0,0,0,160142,160142,0,40799858,160142,160142,0,159858,160142,1.0,1.0,1.0,1.0,,,,,1.0,1.0,0.0,0.0,1.0,1.0,0.0,0.0,1.377e-06,5.39,linear_centered_per_block
20261004T065352Z,2026-10-04T06:53:52.230119+00:00,20812aef948eaa8d0f8bc34d3ad2eeddd8c87d07,atlas-47,npu:0,2.7.1+cpu,2.7.1.post10,3.9.9,4414740308439934277,1791096831510207213,1024,1024,1024,fp32,TruncN,26,10000,256,0.5,320000,160285,160285,0,0,160285,160285,160285,160285,160285,160285,0,0,0,0,0,160285,160285,0,40799715,160285,160285,0,159715,160285,1.0,1.0,1.0,1.0,,,,,1.0,1.0,0.0,0.0,1.0,1.0,0.0,0.0,1.377e-06,5.39,linear_centered_per_block
20261004T065352Z,2026-10-04T06:53:52.230119+00:00,20812aef948eaa8d0f8bc34d3ad2eeddd8c87d07,atlas-47,npu:0,2.7.1+cpu,2.7.1.post10,3.9.9,9059976531398828197,1791096831510207213,1024,1024,1024,fp32,TruncN,27,10000,256,0.5,320000,160047,160047,0,0,160047,160047,160047,160047,160047,160047,0,0,0,0,0,160047,160047,0,40799953,160047,160047,0,159953,160047,1.0,1.0,1.0,1.0,,,,,1.0,1.0,0.0,0.0,1.0,1.0,0.0,0.0,1.377e-06,5.39,linear_centered_per_block
20261004T065352Z,2026-10-04T06:53:52.230119+00:00,20812aef948eaa8d0f8bc34d3ad2eeddd8c87d07,atlas-47,npu:0,2.7.1+cpu,2.7.1.post10,3.9.9,2638366904723870675,1791096831510207213,1024,1024,1024,fp32,TruncN,28,10000,256,0.5,320000,159680,159680,0,0,159680,159680,159680,159680,159680,159680,0,0,0,0,0,159680,159680,0,40800320,159680,159680,0,160320,159680,1.0,1.0,1.0,1.0,,,,,1.0,1.0,0.0,0.0,1.0,1.0,0.0,0.0,1.377e-06,5.39,linear_centered_per_block
20261004T065352Z,2026-10-04T06:53:52.230119+00:00,20812aef948eaa8d0f8bc34d3ad2eeddd8c87d07,atlas-47,npu:0,2.7.1+cpu,2.7.1.post10,3.9.9,6344398737517459541,1791096831510207213,1024,1024,1024,fp32,TruncN,29,10000,256,0.5,320000,159502,159502,0,0,159502,159502,159502,159502,159502,159502,0,0,0,0,0,159502,159502,0,40800498,159502,159502,0,160498,159502,1.0,1.0,1.0,1.0,,,,,1.0,1.0,0.0,0.0,1.0,1.0,0.0,0.0,1.377e-06,5.39,linear_centered_per_block
20261004T065352Z,2026-10-04T06:53:52.230119+00:00,20812aef948eaa8d0f8bc34d3ad2eeddd8c87d07,atlas-47,npu:0,2.7.1+cpu,2.7.1.post10,3.9.9,4260255102786808145,1791096831510207213,1024,1024,1024,fp32,TruncN,30,10000,256,0.5,320000,159008,159008,0,0,159008,159008,159008,159008,159008,159008,0,0,0,0,0,159008,159008,0,40800992,159008,159008,0,160992,159008,1.0,1.0,1.0,1.0,,,,,1.0,1.0,0.0,0.0,1.0,1.0,0.0,0.0,1.377e-06,5.39,linear_centered_per_block
20261004T065352Z,2026-10-04T06:53:52.230119+00:00,20812aef948eaa8d0f8bc34d3ad2eeddd8c87d07,atlas-47,npu:0,2.7.1+cpu,2.7.1.post10,3.9.9,6489173813294624885,1791096831510207213,1024,1024,1024,fp32,"U(-1,1)",23,10000,256,0.5,320000,159786,159786,0,0,159786,159786,159695,159786,159695,159549,0,0,0,0,0,159786,159695,0,40800214,159786,159695,0,160214,159549,0.9994304882780719,0.9994304882780719,0.9985167661747587,0.9990857572247096,,,,,0.9994304882780719,0.9994304882780719,0.0,0.0,0.9985167661747587,0.9990857572247096,0.0,0.0,1.377e-06,5.39,linear_centered_per_block
20261004T065352Z,2026-10-04T06:53:52.230119+00:00,20812aef948eaa8d0f8bc34d3ad2eeddd8c87d07,atlas-47,npu:0,2.7.1+cpu,2.7.1.post10,3.9.9,8120749809703798943,1791096831510207213,1024,1024,1024,fp32,"U(-1,1)",24,10000,256,0.5,320000,159628,159628,0,0,159628,159628,159533,159628,159533,159506,0,0,0,0,0,159628,159533,0,40800372,159628,159533,0,160372,159506,0.9994048663141805,0.9994048663141805,0.9992357230561054,0.9998307560191309,,,,,0.9994048663141805,0.9994048663141805,0.0,0.0,0.9992357230561054,0.9998307560191309,0.0,0.0,1.377e-06,5.39,linear_centered_per_block
20261004T065352Z,2026-10-04T06:53:52.230119+00:00,20812aef948eaa8d0f8bc34d3ad2eeddd8c87d07,atlas-47,npu:0,2.7.1+cpu,2.7.1.post10,3.9.9,3368512688443567751,1791096831510207213,1024,1024,1024,fp32,"U(-1,1)",25,10000,256,0.5,320000,159855,159855,0,0,159855,159855,159777,159855,159777,159767,0,0,0,0,0,159855,159777,0,40800145,159855,159777,0,160145,159767,0.9995120578023834,0.9995120578023834,0.9994495011103813,0.9999374127690469,,,,,0.9995120578023834,0.9995120578023834,0.0,0.0,0.9994495011103813,0.9999374127690469,0.0,0.0,1.377e-06,5.39,linear_centered_per_block
20261004T065352Z,2026-10-04T06:53:52.230119+00:00,20812aef948eaa8d0f8bc34d3ad2eeddd8c87d07,atlas-47,npu:0,2.7.1+cpu,2.7.1.post10,3.9.9,2221261460822220852,1791096831510207213,1024,1024,1024,fp32,"U(-1,1)",26,10000,256,0.5,320000,159409,159409,0,0,159409,159409,159409,159409,159409,159344,0,0,0,0,0,159409,159409,0,40800591,159409,159409,0,160591,159344,1.0,1.0,0.9995922438507236,0.9995922438507236,,,,,1.0,1.0,0.0,0.0,0.9995922438507236,0.9995922438507236,0.0,0.0,1.377e-06,5.39,linear_centered_per_block
20261004T065352Z,2026-10-04T06:53:52.230119+00:00,20812aef948eaa8d0f8bc34d3ad2eeddd8c87d07,atlas-47,npu:0,2.7.1+cpu,2.7.1.post10,3.9.9,3069949789213468909,1791096831510207213,1024,1024,1024,fp32,"U(-1,1)",27,10000,256,0.5,320000,159745,159745,0,0,159745,159745,159694,159745,159694,159609,0,0,0,0,0,159745,159694,0,40800255,159745,159694,0,160255,159609,0.9996807411812576,0.9996807411812576,0.9991486431500204,0.9994677320375217,,,,,0.9996807411812576,0.9996807411812576,0.0,0.0,0.9991486431500204,0.9994677320375217,0.0,0.0,1.377e-06,5.39,linear_centered_per_block
20261004T065352Z,2026-10-04T06:53:52.230119+00:00,20812aef948eaa8d0f8bc34d3ad2eeddd8c87d07,atlas-47,npu:0,2.7.1+cpu,2.7.1.post10,3.9.9,5657179697531722246,1791096831510207213,1024,1024,1024,fp32,"U(-1,1)",28,10000,256,0.5,320000,159946,159946,0,0,159946,159946,159889,159946,159889,159793,0,0,0,0,0,159946,159889,0,40800054,159946,159889,0,160054,159793,0.9996436297250322,0.9996436297250322,0.9990434271566654,0.9993995834610261,,,,,0.9996436297250322,0.9996436297250322,0.0,0.0,0.9990434271566654,0.9993995834610261,0.0,0.0,1.377e-06,5.39,linear_centered_per_block
20261004T065352Z,2026-10-04T06:53:52.230119+00:00,20812aef948eaa8d0f8bc34d3ad2eeddd8c87d07,atlas-47,npu:0,2.7.1+cpu,2.7.1.post10,3.9.9,7405116651084682033,1791096831510207213,1024,1024,1024,fp32,"U(-1,1)",29,10000,256,0.5,320000,159636,159636,0,0,159636,159636,159561,159636,159561,159482,0,0,0,0,0,159636,159561,0,40800364,159636,159561,0,160364,159482,0.9995301811621439,0.9995301811621439,0.999035305319602,0.9995048915461798,,,,,0.9995301811621439,0.9995301811621439,0.0,0.0,0.999035305319602,0.9995048915461798,0.0,0.0,1.377e-06,5.39,linear_centered_per_block
20261004T065352Z,2026-10-04T06:53:52.230119+00:00,20812aef948eaa8d0f8bc34d3ad2eeddd8c87d07,atlas-47,npu:0,2.7.1+cpu,2.7.1.post10,3.9.9,7420985448723940925,1791096831510207213,1024,1024,1024,fp32,"U(-1,1)",30,10000,256,0.5,320000,159848,147938,11910,0,147938,147938,147938,147938,147938,136484,11910,11910,11910,11910,0,159848,159848,0,40800152,159848,159848,0,160152,136484,1.0,1.0,0.9225756735929916,0.9225756735929916,1.0,1.0,0.0,0.0,1.0,1.0,0.0,0.0,0.8538361443371203,0.8538361443371203,0.0745082828687253,0.0,1.377e-06,5.39,linear_centered_per_block
20261004T065352Z,2026-10-04T06:53:52.230119+00:00,20812aef948eaa8d0f8bc34d3ad2eeddd8c87d07,atlas-47,npu:0,2.7.1+cpu,2.7.1.post10,3.9.9,516684351342542845,1791096831510207213,1024,1024,2048,bf16,"N(1,1)",7,10000,256,0.5,320000,160319,160319,0,0,160319,160319,0,160319,0,0,0,0,0,0,0,160319,0,0,40799681,160319,0,0,159681,0,0.0,0.0,0.0,,,,,,0.0,0.0,0.0,0.0,0.0,,0.0,0.0,0.008,5.39,linear_centered_per_block
20261004T065352Z,2026-10-04T06:53:52.230119+00:00,20812aef948eaa8d0f8bc34d3ad2eeddd8c87d07,atlas-47,npu:0,2.7.1+cpu,2.7.1.post10,3.9.9,7006324389716361766,1791096831510207213,1024,1024,2048,bf16,"N(1,1)",8,10000,256,0.5,320000,159464,159464,0,0,159464,159464,9953,159464,9953,4683,0,0,0,0,0,159464,9953,0,40800536,159464,9953,0,160536,4683,0.06241534139366879,0.06241534139366879,0.029367129885115136,0.47051140359690546,,,,,0.06241534139366879,0.06241534139366879,0.0,0.0,0.029367129885115136,0.47051140359690546,0.0,0.0,0.008,5.39,linear_centered_per_block
20261004T065352Z,2026-10-04T06:53:52.230119+00:00,20812aef948eaa8d0f8bc34d3ad2eeddd8c87d07,atlas-47,npu:0,2.7.1+cpu,2.7.1.post10,3.9.9,4397572299940716598,1791096831510207213,1024,1024,2048,bf16,"N(1,1)",9,10000,256,0.5,320000,160432,160432,0,0,160432,160432,160432,160432,160432,157289,0,0,0,0,0,160432,160432,0,40799568,160432,160432,0,159568,157289,1.0,1.0,0.9804091453076693,0.9804091453076693,,,,,1.0,1.0,0.0,0.0,0.9804091453076693,0.9804091453076693,0.0,0.0,0.008,5.39,linear_centered_per_block
20261004T065352Z,2026-10-04T06:53:52.230119+00:00,20812aef948eaa8d0f8bc34d3ad2eeddd8c87d07,atlas-47,npu:0,2.7.1+cpu,2.7.1.post10,3.9.9,4229271453939225316,1791096831510207213,1024,1024,2048,bf16,"N(1,1)",10,10000,256,0.5,320000,160155,160155,0,0,160155,160155,0,160155,0,0,0,0,0,0,0,160155,0,0,40799845,160155,0,0,159845,0,0.0,0.0,0.0,,,,,,0.0,0.0,0.0,0.0,0.0,,0.0,0.0,0.008,5.39,linear_centered_per_block
20261004T065352Z,2026-10-04T06:53:52.230119+00:00,20812aef948eaa8d0f8bc34d3ad2eeddd8c87d07,atlas-47,npu:0,2.7.1+cpu,2.7.1.post10,3.9.9,8727075972994836501,1791096831510207213,1024,1024,2048,bf16,"N(1,1)",11,10000,256,0.5,320000,160146,160146,0,0,160146,160146,160146,160146,160146,160146,0,0,0,0,0,160146,160146,0,40799854,160146,160146,0,159854,160146,1.0,1.0,1.0,1.0,,,,,1.0,1.0,0.0,0.0,1.0,1.0,0.0,0.0,0.008,5.39,linear_centered_per_block
20261004T065352Z,2026-10-04T06:53:52.230119+00:00,20812aef948eaa8d0f8bc34d3ad2eeddd8c87d07,atlas-47,npu:0,2.7.1+cpu,2.7.1.post10,3.9.9,6651183828626345105,1791096831510207213,1024,1024,2048,bf16,"N(1,1)",12,10000,256,0.5,320000,160137,160137,0,0,160137,160137,160137,160137,160137,160137,0,0,0,0,0,160137,160137,0,40799863,160137,160137,0,159863,160137,1.0,1.0,1.0,1.0,,,,,1.0,1.0,0.0,0.0,1.0,1.0,0.0,0.0,0.008,5.39,linear_centered_per_block
20261004T065352Z,2026-10-04T06:53:52.230119+00:00,20812aef948eaa8d0f8bc34d3ad2eeddd8c87d07,atlas-47,npu:0,2.7.1+cpu,2.7.1.post10,3.9.9,6044785287691778132,1791096831510207213,1024,1024,2048,bf16,"N(1,1)",13,10000,256,0.5,320000,160239,160239,0,0,160239,160239,160239,160239,160239,160239,0,0,0,0,0,160239,160239,0,40799761,160239,160239,0,159761,160239,1.0,1.0,1.0,1.0,,,,,1.0,1.0,0.0,0.0,1.0,1.0,0.0,0.0,0.008,5.39,linear_centered_per_block
20261004T065352Z,2026-10-04T06:53:52.230119+00:00,20812aef948eaa8d0f8bc34d3ad2eeddd8c87d07,atlas-47,npu:0,2.7.1+cpu,2.7.1.post10,3.9.9,2592469991956841226,1791096831510207213,1024,1024,2048,bf16,"N(1,1)",14,10000,256,0.5,320000,159645,159645,0,0,159645,159645,0,159645,0,0,0,0,0,0,0,159645,0,0,40800355,159645,0,0,160355,0,0.0,0.0,0.0,,,,,,0.0,0.0,0.0,0.0,0.0,,0.0,0.0,0.008,5.39,linear_centered_per_block
20261004T065352Z,2026-10-04T06:53:52.230119+00:00,20812aef948eaa8d0f8bc34d3ad2eeddd8c87d07,atlas-47,npu:0,2.7.1+cpu,2.7.1.post10,3.9.9,8856920115696744128,1791096831510207213,1024,1024,2048,bf16,"N(1e-6,1)",7,10000,256,0.5,320000,159815,159815,0,0,159815,159815,0,159815,0,0,0,0,0,0,0,159815,0,0,40800185,159815,0,0,160185,0,0.0,0.0,0.0,,,,,,0.0,0.0,0.0,0.0,0.0,,0.0,0.0,0.008,5.39,linear_centered_per_block
20261004T065352Z,2026-10-04T06:53:52.230119+00:00,20812aef948eaa8d0f8bc34d3ad2eeddd8c87d07,atlas-47,npu:0,2.7.1+cpu,2.7.1.post10,3.9.9,3239968573812946078,1791096831510207213,1024,1024,2048,bf16,"N(1e-6,1)",8,10000,256,0.5,320000,159713,159713,0,0,159713,159713,28,159713,28,26,0,0,0,0,0,159713,28,0,40800287,159713,28,0,160287,26,0.00017531447033115652,0.00017531447033115652,0.00016279200816464532,0.9285714285714286,,,,,0.00017531447033115652,0.00017531447033115652,0.0,0.0,0.00016279200816464532,0.9285714285714286,0.0,0.0,0.008,5.39,linear_centered_per_block
20261004T065352Z,2026-10-04T06:53:52.230119+00:00,20812aef948eaa8d0f8bc34d3ad2eeddd8c87d07,atlas-47,npu:0,2.7.1+cpu,2.7.1.post10,3.9.9,3112954534755814018,1791096831510207213,1024,1024,2048,bf16,"N(1e-6,1)",9,10000,256,0.5,320000,159580,159580,0,0,159580,159580,10328,159580,10328,9516,0,0,0,0,0,159580,10328,0,40800420,159580,10328,0,160420,9516,0.06471988971049003,0.06471988971049003,0.05963153277353052,0.9213787761425252,,,,,0.06471988971049003,0.06471988971049003,0.0,0.0,0.05963153277353052,0.9213787761425252,0.0,0.0,0.008,5.39,linear_centered_per_block
20261004T065352Z,2026-10-04T06:53:52.230119+00:00,20812aef948eaa8d0f8bc34d3ad2eeddd8c87d07,atlas-47,npu:0,2.7.1+cpu,2.7.1.post10,3.9.9,6157980938210691217,1791096831510207213,1024,1024,2048,bf16,"N(1e-6,1)",10,10000,256,0.5,320000,160112,160112,0,0,160112,160112,154508,160112,154508,154448,0,0,0,0,0,160112,154508,0,40799888,160112,154508,0,159888,154448,0.9649995003497551,0.9649995003497551,0.9646247626661337,0.9996116705931084,,,,,0.9649995003497551,0.9649995003497551,0.0,0.0,0.9646247626661337,0.9996116705931084,0.0,0.0,0.008,5.39,linear_centered_per_block
20261004T065352Z,2026-10-04T06:53:52.230119+00:00,20812aef948eaa8d0f8bc34d3ad2eeddd8c87d07,atlas-47,npu:0,2.7.1+cpu,2.7.1.post10,3.9.9,1981090839241041092,1791096831510207213,1024,1024,2048,bf16,"N(1e-6,1)",11,10000,256,0.5,320000,159807,159807,0,0,159807,159807,154254,159807,154254,154254,0,0,0,0,0,159807,154254,0,40800193,159807,154254,0,160193,154254,0.9652518350260001,0.9652518350260001,0.9652518350260001,1.0,,,,,0.9652518350260001,0.9652518350260001,0.0,0.0,0.9652518350260001,1.0,0.0,0.0,0.008,5.39,linear_centered_per_block
20261004T065352Z,2026-10-04T06:53:52.230119+00:00,20812aef948eaa8d0f8bc34d3ad2eeddd8c87d07,atlas-47,npu:0,2.7.1+cpu,2.7.1.post10,3.9.9,7455826827123268934,1791096831510207213,1024,1024,2048,bf16,"N(1e-6,1)",12,10000,256,0.5,320000,159997,159997,0,0,159997,159997,154301,159997,154301,154301,0,0,0,0,0,159997,154301,0,40800003,159997,154301,0,160003,154301,0.9643993324874841,0.9643993324874841,0.9643993324874841,1.0,,,,,0.9643993324874841,0.9643993324874841,0.0,0.0,0.9643993324874841,1.0,0.0,0.0,0.008,5.39,linear_centered_per_block
20261004T065352Z,2026-10-04T06:53:52.230119+00:00,20812aef948eaa8d0f8bc34d3ad2eeddd8c87d07,atlas-47,npu:0,2.7.1+cpu,2.7.1.post10,3.9.9,6861018389921270355,1791096831510207213,1024,1024,2048,bf16,"N(1e-6,1)",13,10000,256,0.5,320000,160137,160137,0,0,160137,160137,154412,160137,154412,154412,0,0,0,0,0,160137,154412,0,40799863,160137,154412,0,159863,154412,0.9642493614842291,0.9642493614842291,0.9642493614842291,1.0,,,,,0.9642493614842291,0.9642493614842291,0.0,0.0,0.9642493614842291,1.0,0.0,0.0,0.008,5.39,linear_centered_per_block
20261004T065352Z,2026-10-04T06:53:52.230119+00:00,20812aef948eaa8d0f8bc34d3ad2eeddd8c87d07,atlas-47,npu:0,2.7.1+cpu,2.7.1.post10,3.9.9,7191857694261843512,1791096831510207213,1024,1024,2048,bf16,"N(1e-6,1)",14,10000,256,0.5,320000,159769,156932,2837,22,156910,156932,2862,156932,2862,129,2837,2837,2837,2837,0,159769,5699,0,40800231,159769,5699,0,160231,129,0.01823719827696072,0.01823719827696072,0.0008220120816659445,0.04507337526205451,1.0,1.0,0.0,0.0,0.03567024892188097,0.03567024892188097,0.0,0.0,0.0008074157064261527,0.02263555009650816,0.017756886504891437,0.00013769880264632062,0.008,5.39,linear_centered_per_block
20261004T065352Z,2026-10-04T06:53:52.230119+00:00,20812aef948eaa8d0f8bc34d3ad2eeddd8c87d07,atlas-47,npu:0,2.7.1+cpu,2.7.1.post10,3.9.9,3234357582393455905,1791096831510207213,1024,1024,2048,bf16,TruncN,7,10000,256,0.5,320000,159737,159737,0,0,159737,159737,0,159737,0,0,0,0,0,0,0,159737,0,0,40800263,159737,0,0,160263,0,0.0,0.0,0.0,,,,,,0.0,0.0,0.0,0.0,0.0,,0.0,0.0,0.008,5.39,linear_centered_per_block
20261004T065352Z,2026-10-04T06:53:52.230119+00:00,20812aef948eaa8d0f8bc34d3ad2eeddd8c87d07,atlas-47,npu:0,2.7.1+cpu,2.7.1.post10,3.9.9,7252287577197450095,1791096831510207213,1024,1024,2048,bf16,TruncN,8,10000,256,0.5,320000,159972,159972,0,0,159972,159972,75088,159972,75088,33512,0,0,0,0,0,159972,75088,0,40800028,159972,75088,0,160028,33512,0.4693821418748281,0.4693821418748281,0.20948666016552897,0.44630300447474963,,,,,0.4693821418748281,0.4693821418748281,0.0,0.0,0.20948666016552897,0.44630300447474963,0.0,0.0,0.008,5.39,linear_centered_per_block
20261004T065352Z,2026-10-04T06:53:52.230119+00:00,20812aef948eaa8d0f8bc34d3ad2eeddd8c87d07,atlas-47,npu:0,2.7.1+cpu,2.7.1.post10,3.9.9,8195700203859166646,1791096831510207213,1024,1024,2048,bf16,TruncN,9,10000,256,0.5,320000,160330,160330,0,0,160330,160330,160330,160330,160330,156951,0,0,0,0,0,160330,160330,0,40799670,160330,160330,0,159670,156951,1.0,1.0,0.9789247177696002,0.9789247177696002,,,,,1.0,1.0,0.0,0.0,0.9789247177696002,0.9789247177696002,0.0,0.0,0.008,5.39,linear_centered_per_block
20261004T065352Z,2026-10-04T06:53:52.230119+00:00,20812aef948eaa8d0f8bc34d3ad2eeddd8c87d07,atlas-47,npu:0,2.7.1+cpu,2.7.1.post10,3.9.9,5420232491586154435,1791096831510207213,1024,1024,2048,bf16,TruncN,10,10000,256,0.5,320000,159162,159162,0,0,159162,159162,0,159162,0,0,0,0,0,0,0,159162,0,0,40800838,159162,0,0,160838,0,0.0,0.0,0.0,,,,,,0.0,0.0,0.0,0.0,0.0,,0.0,0.0,0.008,5.39,linear_centered_per_block
20261004T065352Z,2026-10-04T06:53:52.230119+00:00,20812aef948eaa8d0f8bc34d3ad2eeddd8c87d07,atlas-47,npu:0,2.7.1+cpu,2.7.1.post10,3.9.9,6776623998522089099,1791096831510207213,1024,1024,2048,bf16,TruncN,11,10000,256,0.5,320000,160232,160232,0,0,160232,160232,160232,160232,160232,160232,0,0,0,0,0,160232,160232,0,40799768,160232,160232,0,159768,160232,1.0,1.0,1.0,1.0,,,,,1.0,1.0,0.0,0.0,1.0,1.0,0.0,0.0,0.008,5.39,linear_centered_per_block
20261004T065352Z,2026-10-04T06:53:52.230119+00:00,20812aef948eaa8d0f8bc34d3ad2eeddd8c87d07,atlas-47,npu:0,2.7.1+cpu,2.7.1.post10,3.9.9,2334485998031764126,1791096831510207213,1024,1024,2048,bf16,TruncN,12,10000,256,0.5,320000,160623,160623,0,0,160623,160623,160623,160623,160623,160623,0,0,0,0,0,160623,160623,0,40799377,160623,160623,0,159377,160623,1.0,1.0,1.0,1.0,,,,,1.0,1.0,0.0,0.0,1.0,1.0,0.0,0.0,0.008,5.39,linear_centered_per_block
20261004T065352Z,2026-10-04T06:53:52.230119+00:00,20812aef948eaa8d0f8bc34d3ad2eeddd8c87d07,atlas-47,npu:0,2.7.1+cpu,2.7.1.post10,3.9.9,5973465371645315344,1791096831510207213,1024,1024,2048,bf16,TruncN,13,10000,256,0.5,320000,160097,160097,0,0,160097,160097,160097,160097,160097,160097,0,0,0,0,0,160097,160097,0,40799903,160097,160097,0,159903,160097,1.0,1.0,1.0,1.0,,,,,1.0,1.0,0.0,0.0,1.0,1.0,0.0,0.0,0.008,5.39,linear_centered_per_block
20261004T065352Z,2026-10-04T06:53:52.230119+00:00,20812aef948eaa8d0f8bc34d3ad2eeddd8c87d07,atlas-47,npu:0,2.7.1+cpu,2.7.1.post10,3.9.9,2680284135476439403,1791096831510207213,1024,1024,2048,bf16,TruncN,14,10000,256,0.5,320000,160071,160071,0,0,160071,160071,0,160071,0,0,0,0,0,0,0,160071,0,0,40799929,160071,0,0,159929,0,0.0,0.0,0.0,,,,,,0.0,0.0,0.0,0.0,0.0,,0.0,0.0,0.008,5.39,linear_centered_per_block
20261004T065352Z,2026-10-04T06:53:52.230119+00:00,20812aef948eaa8d0f8bc34d3ad2eeddd8c87d07,atlas-47,npu:0,2.7.1+cpu,2.7.1.post10,3.9.9,7723110064022444753,1791096831510207213,1024,1024,2048,bf16,"U(-1,1)",7,10000,256,0.5,320000,160281,160281,0,0,160281,160281,129,160281,129,70,0,0,0,0,0,160281,129,0,40799719,160281,129,0,159719,70,0.0008048365058865367,0.0008048365058865367,0.0004367329876903688,0.5426356589147286,,,,,0.0008048365058865367,0.0008048365058865367,0.0,0.0,0.0004367329876903688,0.5426356589147286,0.0,0.0,0.008,5.39,linear_centered_per_block
20261004T065352Z,2026-10-04T06:53:52.230119+00:00,20812aef948eaa8d0f8bc34d3ad2eeddd8c87d07,atlas-47,npu:0,2.7.1+cpu,2.7.1.post10,3.9.9,876159707115720622,1791096831510207213,1024,1024,2048,bf16,"U(-1,1)",8,10000,256,0.5,320000,160383,160383,0,0,160383,160383,5418,160383,5418,4501,0,0,0,0,0,160383,5418,0,40799617,160383,5418,0,159617,4501,0.03378163521071435,0.03378163521071435,0.028064071628539185,0.8307493540051679,,,,,0.03378163521071435,0.03378163521071435,0.0,0.0,0.028064071628539185,0.8307493540051679,0.0,0.0,0.008,5.39,linear_centered_per_block
20261004T065352Z,2026-10-04T06:53:52.230119+00:00,20812aef948eaa8d0f8bc34d3ad2eeddd8c87d07,atlas-47,npu:0,2.7.1+cpu,2.7.1.post10,3.9.9,743842243596669117,1791096831510207213,1024,1024,2048,bf16,"U(-1,1)",9,10000,256,0.5,320000,160094,160094,0,0,160094,160094,126633,160094,126633,112782,0,0,0,0,0,160094,126633,0,40799906,160094,126633,0,159906,112782,0.7909915424687995,0.7909915424687995,0.7044736217472235,0.8906209281940727,,,,,0.7909915424687995,0.7909915424687995,0.0,0.0,0.7044736217472235,0.8906209281940727,0.0,0.0,0.008,5.39,linear_centered_per_block
20261004T065352Z,2026-10-04T06:53:52.230119+00:00,20812aef948eaa8d0f8bc34d3ad2eeddd8c87d07,atlas-47,npu:0,2.7.1+cpu,2.7.1.post10,3.9.9,8346063009931989541,1791096831510207213,1024,1024,2048,bf16,"U(-1,1)",10,10000,256,0.5,320000,159688,159688,0,0,159688,159688,142646,159688,142646,142646,0,0,0,0,0,159688,142646,0,40800312,159688,142646,0,160312,142646,0.8932793948198988,0.8932793948198988,0.8932793948198988,1.0,,,,,0.8932793948198988,0.8932793948198988,0.0,0.0,0.8932793948198988,1.0,0.0,0.0,0.008,5.39,linear_centered_per_block
20261004T065352Z,2026-10-04T06:53:52.230119+00:00,20812aef948eaa8d0f8bc34d3ad2eeddd8c87d07,atlas-47,npu:0,2.7.1+cpu,2.7.1.post10,3.9.9,8951139766917225168,1791096831510207213,1024,1024,2048,bf16,"U(-1,1)",11,10000,256,0.5,320000,159517,159517,0,0,159517,159517,142658,159517,142658,142658,0,0,0,0,0,159517,142658,0,40800483,159517,142658,0,160483,142658,0.8943122049687494,0.8943122049687494,0.8943122049687494,1.0,,,,,0.8943122049687494,0.8943122049687494,0.0,0.0,0.8943122049687494,1.0,0.0,0.0,0.008,5.39,linear_centered_per_block
20261004T065352Z,2026-10-04T06:53:52.230119+00:00,20812aef948eaa8d0f8bc34d3ad2eeddd8c87d07,atlas-47,npu:0,2.7.1+cpu,2.7.1.post10,3.9.9,7251239973771618817,1791096831510207213,1024,1024,2048,bf16,"U(-1,1)",12,10000,256,0.5,320000,160075,160075,0,0,160075,160075,143238,160075,143238,143238,0,0,0,0,0,160075,143238,0,40799925,160075,143238,0,159925,143238,0.8948180540371701,0.8948180540371701,0.8948180540371701,1.0,,,,,0.8948180540371701,0.8948180540371701,0.0,0.0,0.8948180540371701,1.0,0.0,0.0,0.008,5.39,linear_centered_per_block
20261004T065352Z,2026-10-04T06:53:52.230119+00:00,20812aef948eaa8d0f8bc34d3ad2eeddd8c87d07,atlas-47,npu:0,2.7.1+cpu,2.7.1.post10,3.9.9,3568344732045129855,1791096831510207213,1024,1024,2048,bf16,"U(-1,1)",13,10000,256,0.5,320000,159319,159319,0,0,159319,159319,142432,159319,142432,142432,0,0,0,0,0,159319,142432,0,40800681,159319,142432,0,160681,142432,0.8940051092462292,0.8940051092462292,0.8940051092462292,1.0,,,,,0.8940051092462292,0.8940051092462292,0.0,0.0,0.8940051092462292,1.0,0.0,0.0,0.008,5.39,linear_centered_per_block
20261004T065352Z,2026-10-04T06:53:52.230119+00:00,20812aef948eaa8d0f8bc34d3ad2eeddd8c87d07,atlas-47,npu:0,2.7.1+cpu,2.7.1.post10,3.9.9,8125473854928054971,1791096831510207213,1024,1024,2048,bf16,"U(-1,1)",14,10000,256,0.5,320000,160191,151765,8426,54,151711,151765,8605,151765,8605,410,8426,8426,8426,8426,0,160191,17031,0,40799809,160191,17031,0,159809,410,0.056699502520343954,0.056699502520343954,0.002701545152044279,0.04764671702498547,1.0,1.0,0.0,0.0,0.10631683427907936,0.10631683427907936,0.0,0.0,0.002559444662933623,0.02407374787152839,0.05259970909726514,0.0003370975897522333,0.008,5.39,linear_centered_per_block
20261004T065352Z,2026-10-04T06:53:52.230119+00:00,20812aef948eaa8d0f8bc34d3ad2eeddd8c87d07,atlas-47,npu:0,2.7.1+cpu,2.7.1.post10,3.9.9,8363841746575604737,1791096831510207213,1024,1024,2048,fp32,"N(1,1)",23,10000,256,0.5,320000,159977,159977,0,0,159977,159977,159977,159977,159977,159977,0,0,0,0,0,159977,159977,0,40800023,159977,159977,0,160023,159977,1.0,1.0,1.0,1.0,,,,,1.0,1.0,0.0,0.0,1.0,1.0,0.0,0.0,1.947372075387752e-06,5.39,linear_centered_per_block
20261004T065352Z,2026-10-04T06:53:52.230119+00:00,20812aef948eaa8d0f8bc34d3ad2eeddd8c87d07,atlas-47,npu:0,2.7.1+cpu,2.7.1.post10,3.9.9,7562827541603912747,1791096831510207213,1024,1024,2048,fp32,"N(1,1)",24,10000,256,0.5,320000,160253,160253,0,0,160253,160253,160253,160253,160253,160253,0,0,0,0,0,160253,160253,0,40799747,160253,160253,0,159747,160253,1.0,1.0,1.0,1.0,,,,,1.0,1.0,0.0,0.0,1.0,1.0,0.0,0.0,1.947372075387752e-06,5.39,linear_centered_per_block
20261004T065352Z,2026-10-04T06:53:52.230119+00:00,20812aef948eaa8d0f8bc34d3ad2eeddd8c87d07,atlas-47,npu:0,2.7.1+cpu,2.7.1.post10,3.9.9,4686036513658250218,1791096831510207213,1024,1024,2048,fp32,"N(1,1)",25,10000,256,0.5,320000,159986,159986,0,0,159986,159986,159986,159986,159986,159986,0,0,0,0,0,159986,159986,0,40800014,159986,159986,0,160014,159986,1.0,1.0,1.0,1.0,,,,,1.0,1.0,0.0,0.0,1.0,1.0,0.0,0.0,1.947372075387752e-06,5.39,linear_centered_per_block
20261004T065352Z,2026-10-04T06:53:52.230119+00:00,20812aef948eaa8d0f8bc34d3ad2eeddd8c87d07,atlas-47,npu:0,2.7.1+cpu,2.7.1.post10,3.9.9,630202491152616697,1791096831510207213,1024,1024,2048,fp32,"N(1,1)",26,10000,256,0.5,320000,160272,160272,0,0,160272,160272,160272,160272,160272,160272,0,0,0,0,0,160272,160272,0,40799728,160272,160272,0,159728,160272,1.0,1.0,1.0,1.0,,,,,1.0,1.0,0.0,0.0,1.0,1.0,0.0,0.0,1.947372075387752e-06,5.39,linear_centered_per_block
20261004T065352Z,2026-10-04T06:53:52.230119+00:00,20812aef948eaa8d0f8bc34d3ad2eeddd8c87d07,atlas-47,npu:0,2.7.1+cpu,2.7.1.post10,3.9.9,8512197936782887932,1791096831510207213,1024,1024,2048,fp32,"N(1,1)",27,10000,256,0.5,320000,160083,160083,0,0,160083,160083,160083,160083,160083,160083,0,0,0,0,0,160083,160083,0,40799917,160083,160083,0,159917,160083,1.0,1.0,1.0,1.0,,,,,1.0,1.0,0.0,0.0,1.0,1.0,0.0,0.0,1.947372075387752e-06,5.39,linear_centered_per_block
20261004T065352Z,2026-10-04T06:53:52.230119+00:00,20812aef948eaa8d0f8bc34d3ad2eeddd8c87d07,atlas-47,npu:0,2.7.1+cpu,2.7.1.post10,3.9.9,1428370749709848654,1791096831510207213,1024,1024,2048,fp32,"N(1,1)",28,10000,256,0.5,320000,159684,159684,0,0,159684,159684,159684,159684,159684,159684,0,0,0,0,0,159684,159684,0,40800316,159684,159684,0,160316,159684,1.0,1.0,1.0,1.0,,,,,1.0,1.0,0.0,0.0,1.0,1.0,0.0,0.0,1.947372075387752e-06,5.39,linear_centered_per_block
20261004T065352Z,2026-10-04T06:53:52.230119+00:00,20812aef948eaa8d0f8bc34d3ad2eeddd8c87d07,atlas-47,npu:0,2.7.1+cpu,2.7.1.post10,3.9.9,7480453587123933376,1791096831510207213,1024,1024,2048,fp32,"N(1,1)",29,10000,256,0.5,320000,160149,160149,0,0,160149,160149,160149,160149,160149,160149,0,0,0,0,0,160149,160149,0,40799851,160149,160149,0,159851,160149,1.0,1.0,1.0,1.0,,,,,1.0,1.0,0.0,0.0,1.0,1.0,0.0,0.0,1.947372075387752e-06,5.39,linear_centered_per_block
20261004T065352Z,2026-10-04T06:53:52.230119+00:00,20812aef948eaa8d0f8bc34d3ad2eeddd8c87d07,atlas-47,npu:0,2.7.1+cpu,2.7.1.post10,3.9.9,6490557593362542975,1791096831510207213,1024,1024,2048,fp32,"N(1,1)",30,10000,256,0.5,320000,159587,159587,0,0,159587,159587,159587,159587,159587,159587,0,0,0,0,0,159587,159587,0,40800413,159587,159587,0,160413,159587,1.0,1.0,1.0,1.0,,,,,1.0,1.0,0.0,0.0,1.0,1.0,0.0,0.0,1.947372075387752e-06,5.39,linear_centered_per_block
20261004T065352Z,2026-10-04T06:53:52.230119+00:00,20812aef948eaa8d0f8bc34d3ad2eeddd8c87d07,atlas-47,npu:0,2.7.1+cpu,2.7.1.post10,3.9.9,7226495981809186775,1791096831510207213,1024,1024,2048,fp32,"N(1e-6,1)",23,10000,256,0.5,320000,159999,159999,0,0,159999,159999,159654,159999,159654,159602,0,0,0,0,0,159999,159654,0,40800001,159999,159654,0,160001,159602,0.9978437365233532,0.9978437365233532,0.9975187344920906,0.9996742956643742,,,,,0.9978437365233532,0.9978437365233532,0.0,0.0,0.9975187344920906,0.9996742956643742,0.0,0.0,1.947372075387752e-06,5.39,linear_centered_per_block
20261004T065352Z,2026-10-04T06:53:52.230119+00:00,20812aef948eaa8d0f8bc34d3ad2eeddd8c87d07,atlas-47,npu:0,2.7.1+cpu,2.7.1.post10,3.9.9,6287085463978132785,1791096831510207213,1024,1024,2048,fp32,"N(1e-6,1)",24,10000,256,0.5,320000,160419,160419,0,0,160419,160419,160063,160419,160063,160062,0,0,0,0,0,160419,160063,0,40799581,160419,160063,0,159581,160062,0.9977808114998846,0.9977808114998846,0.9977745778243226,0.9999937524599689,,,,,0.9977808114998846,0.9977808114998846,0.0,0.0,0.9977745778243226,0.9999937524599689,0.0,0.0,1.947372075387752e-06,5.39,linear_centered_per_block
20261004T065352Z,2026-10-04T06:53:52.230119+00:00,20812aef948eaa8d0f8bc34d3ad2eeddd8c87d07,atlas-47,npu:0,2.7.1+cpu,2.7.1.post10,3.9.9,44195259168811956,1791096831510207213,1024,1024,2048,fp32,"N(1e-6,1)",25,10000,256,0.5,320000,160303,160303,0,0,160303,160303,160288,160303,160288,160253,0,0,0,0,0,160303,160288,0,40799697,160303,160288,0,159697,160253,0.9999064272034834,0.9999064272034834,0.999688090678278,0.9997816430425235,,,,,0.9999064272034834,0.9999064272034834,0.0,0.0,0.999688090678278,0.9997816430425235,0.0,0.0,1.947372075387752e-06,5.39,linear_centered_per_block
20261004T065352Z,2026-10-04T06:53:52.230119+00:00,20812aef948eaa8d0f8bc34d3ad2eeddd8c87d07,atlas-47,npu:0,2.7.1+cpu,2.7.1.post10,3.9.9,6305183814374456899,1791096831510207213,1024,1024,2048,fp32,"N(1e-6,1)",26,10000,256,0.5,320000,159827,159827,0,0,159827,159827,159567,159827,159567,159529,0,0,0,0,0,159827,159567,0,40800173,159827,159567,0,160173,159529,0.9983732410669036,0.9983732410669036,0.9981354839920664,0.9997618555215051,,,,,0.9983732410669036,0.9983732410669036,0.0,0.0,0.9981354839920664,0.9997618555215051,0.0,0.0,1.947372075387752e-06,5.39,linear_centered_per_block
20261004T065352Z,2026-10-04T06:53:52.230119+00:00,20812aef948eaa8d0f8bc34d3ad2eeddd8c87d07,atlas-47,npu:0,2.7.1+cpu,2.7.1.post10,3.9.9,1917803969161113172,1791096831510207213,1024,1024,2048,fp32,"N(1e-6,1)",27,10000,256,0.5,320000,159902,159902,0,0,159902,159902,159637,159902,159637,159600,0,0,0,0,0,159902,159637,0,40800098,159902,159637,0,160098,159600,0.9983427349251417,0.9983427349251417,0.9981113431977086,0.9997682241585597,,,,,0.9983427349251417,0.9983427349251417,0.0,0.0,0.9981113431977086,0.9997682241585597,0.0,0.0,1.947372075387752e-06,5.39,linear_centered_per_block
20261004T065352Z,2026-10-04T06:53:52.230119+00:00,20812aef948eaa8d0f8bc34d3ad2eeddd8c87d07,atlas-47,npu:0,2.7.1+cpu,2.7.1.post10,3.9.9,7596851813594785055,1791096831510207213,1024,1024,2048,fp32,"N(1e-6,1)",28,10000,256,0.5,320000,159598,159598,0,0,159598,159598,159324,159598,159324,159282,0,0,0,0,0,159598,159324,0,40800402,159598,159324,0,160402,159282,0.9982831865060966,0.9982831865060966,0.9980200253136005,0.9997363862318295,,,,,0.9982831865060966,0.9982831865060966,0.0,0.0,0.9980200253136005,0.9997363862318295,0.0,0.0,1.947372075387752e-06,5.39,linear_centered_per_block
20261004T065352Z,2026-10-04T06:53:52.230119+00:00,20812aef948eaa8d0f8bc34d3ad2eeddd8c87d07,atlas-47,npu:0,2.7.1+cpu,2.7.1.post10,3.9.9,1125087233909690464,1791096831510207213,1024,1024,2048,fp32,"N(1e-6,1)",29,10000,256,0.5,320000,159621,159621,0,0,159621,159621,159352,159621,159352,159320,0,0,0,0,0,159621,159352,0,40800379,159621,159352,0,160379,159320,0.9983147580832096,0.9983147580832096,0.9981142832083498,0.99979918670616,,,,,0.9983147580832096,0.9983147580832096,0.0,0.0,0.9981142832083498,0.99979918670616,0.0,0.0,1.947372075387752e-06,5.39,linear_centered_per_block
20261004T065352Z,2026-10-04T06:53:52.230119+00:00,20812aef948eaa8d0f8bc34d3ad2eeddd8c87d07,atlas-47,npu:0,2.7.1+cpu,2.7.1.post10,3.9.9,2744642625997869912,1791096831510207213,1024,1024,2048,fp32,"N(1e-6,1)",30,10000,256,0.5,320000,160396,157574,2822,0,157574,157574,157574,157574,157574,154900,2822,2822,2822,2822,0,160396,160396,0,40799604,160396,160396,0,159604,154900,1.0,1.0,0.9830301953367941,0.9830301953367941,1.0,1.0,0.0,0.0,1.0,1.0,0.0,0.0,0.9657348063542732,0.9657348063542732,0.01759395496147036,0.0,1.947372075387752e-06,5.39,linear_centered_per_block
20261004T065352Z,2026-10-04T06:53:52.230119+00:00,20812aef948eaa8d0f8bc34d3ad2eeddd8c87d07,atlas-47,npu:0,2.7.1+cpu,2.7.1.post10,3.9.9,5075747588583816271,1791096831510207213,1024,1024,2048,fp32,TruncN,23,10000,256,0.5,320000,159512,159512,0,0,159512,159512,159512,159512,159512,159512,0,0,0,0,0,159512,159512,0,40800488,159512,159512,0,160488,159512,1.0,1.0,1.0,1.0,,,,,1.0,1.0,0.0,0.0,1.0,1.0,0.0,0.0,1.947372075387752e-06,5.39,linear_centered_per_block
20261004T065352Z,2026-10-04T06:53:52.230119+00:00,20812aef948eaa8d0f8bc34d3ad2eeddd8c87d07,atlas-47,npu:0,2.7.1+cpu,2.7.1.post10,3.9.9,1327751331764102603,1791096831510207213,1024,1024,2048,fp32,TruncN,24,10000,256,0.5,320000,159913,159913,0,0,159913,159913,159913,159913,159913,159913,0,0,0,0,0,159913,159913,0,40800087,159913,159913,0,160087,159913,1.0,1.0,1.0,1.0,,,,,1.0,1.0,0.0,0.0,1.0,1.0,0.0,0.0,1.947372075387752e-06,5.39,linear_centered_per_block
20261004T065352Z,2026-10-04T06:53:52.230119+00:00,20812aef948eaa8d0f8bc34d3ad2eeddd8c87d07,atlas-47,npu:0,2.7.1+cpu,2.7.1.post10,3.9.9,1303095741432836320,1791096831510207213,1024,1024,2048,fp32,TruncN,25,10000,256,0.5,320000,160368,160368,0,0,160368,160368,160368,160368,160368,160368,0,0,0,0,0,160368,160368,0,40799632,160368,160368,0,159632,160368,1.0,1.0,1.0,1.0,,,,,1.0,1.0,0.0,0.0,1.0,1.0,0.0,0.0,1.947372075387752e-06,5.39,linear_centered_per_block
20261004T065352Z,2026-10-04T06:53:52.230119+00:00,20812aef948eaa8d0f8bc34d3ad2eeddd8c87d07,atlas-47,npu:0,2.7.1+cpu,2.7.1.post10,3.9.9,6124890889517223263,1791096831510207213,1024,1024,2048,fp32,TruncN,26,10000,256,0.5,320000,159780,159780,0,0,159780,159780,159780,159780,159780,159780,0,0,0,0,0,159780,159780,0,40800220,159780,159780,0,160220,159780,1.0,1.0,1.0,1.0,,,,,1.0,1.0,0.0,0.0,1.0,1.0,0.0,0.0,1.947372075387752e-06,5.39,linear_centered_per_block
20261004T065352Z,2026-10-04T06:53:52.230119+00:00,20812aef948eaa8d0f8bc34d3ad2eeddd8c87d07,atlas-47,npu:0,2.7.1+cpu,2.7.1.post10,3.9.9,2433400060069775577,1791096831510207213,1024,1024,2048,fp32,TruncN,27,10000,256,0.5,320000,159974,159974,0,0,159974,159974,159974,159974,159974,159974,0,0,0,0,0,159974,159974,0,40800026,159974,159974,0,160026,159974,1.0,1.0,1.0,1.0,,,,,1.0,1.0,0.0,0.0,1.0,1.0,0.0,0.0,1.947372075387752e-06,5.39,linear_centered_per_block
20261004T065352Z,2026-10-04T06:53:52.230119+00:00,20812aef948eaa8d0f8bc34d3ad2eeddd8c87d07,atlas-47,npu:0,2.7.1+cpu,2.7.1.post10,3.9.9,6082105915475403418,1791096831510207213,1024,1024,2048,fp32,TruncN,28,10000,256,0.5,320000,159638,159638,0,0,159638,159638,159638,159638,159638,159638,0,0,0,0,0,159638,159638,0,40800362,159638,159638,0,160362,159638,1.0,1.0,1.0,1.0,,,,,1.0,1.0,0.0,0.0,1.0,1.0,0.0,0.0,1.947372075387752e-06,5.39,linear_centered_per_block
20261004T065352Z,2026-10-04T06:53:52.230119+00:00,20812aef948eaa8d0f8bc34d3ad2eeddd8c87d07,atlas-47,npu:0,2.7.1+cpu,2.7.1.post10,3.9.9,1209211534918397260,1791096831510207213,1024,1024,2048,fp32,TruncN,29,10000,256,0.5,320000,160171,160171,0,0,160171,160171,160171,160171,160171,160171,0,0,0,0,0,160171,160171,0,40799829,160171,160171,0,159829,160171,1.0,1.0,1.0,1.0,,,,,1.0,1.0,0.0,0.0,1.0,1.0,0.0,0.0,1.947372075387752e-06,5.39,linear_centered_per_block
20261004T065352Z,2026-10-04T06:53:52.230119+00:00,20812aef948eaa8d0f8bc34d3ad2eeddd8c87d07,atlas-47,npu:0,2.7.1+cpu,2.7.1.post10,3.9.9,6787412870943260119,1791096831510207213,1024,1024,2048,fp32,TruncN,30,10000,256,0.5,320000,160173,160173,0,0,160173,160173,160173,160173,160173,160173,0,0,0,0,0,160173,160173,0,40799827,160173,160173,0,159827,160173,1.0,1.0,1.0,1.0,,,,,1.0,1.0,0.0,0.0,1.0,1.0,0.0,0.0,1.947372075387752e-06,5.39,linear_centered_per_block
20261004T065352Z,2026-10-04T06:53:52.230119+00:00,20812aef948eaa8d0f8bc34d3ad2eeddd8c87d07,atlas-47,npu:0,2.7.1+cpu,2.7.1.post10,3.9.9,814488984298608023,1791096831510207213,1024,1024,2048,fp32,"U(-1,1)",23,10000,256,0.5,320000,159615,159615,0,0,159615,159615,159452,159615,159452,159313,0,0,0,0,0,159615,159452,0,40800385,159615,159452,0,160385,159313,0.9989787927199825,0.9989787927199825,0.9981079472480656,0.9991282643052455,,,,,0.9989787927199825,0.9989787927199825,0.0,0.0,0.9981079472480656,0.9991282643052455,0.0,0.0,1.947372075387752e-06,5.39,linear_centered_per_block
20261004T065352Z,2026-10-04T06:53:52.230119+00:00,20812aef948eaa8d0f8bc34d3ad2eeddd8c87d07,atlas-47,npu:0,2.7.1+cpu,2.7.1.post10,3.9.9,7152952026423677186,1791096831510207213,1024,1024,2048,fp32,"U(-1,1)",24,10000,256,0.5,320000,160472,160472,0,0,160472,160472,160409,160472,160409,160304,0,0,0,0,0,160472,160409,0,40799528,160472,160409,0,159528,160304,0.9996074081459694,0.9996074081459694,0.9989530883892517,0.9993454232617871,,,,,0.9996074081459694,0.9996074081459694,0.0,0.0,0.9989530883892517,0.9993454232617871,0.0,0.0,1.947372075387752e-06,5.39,linear_centered_per_block
20261004T065352Z,2026-10-04T06:53:52.230119+00:00,20812aef948eaa8d0f8bc34d3ad2eeddd8c87d07,atlas-47,npu:0,2.7.1+cpu,2.7.1.post10,3.9.9,3694001586169175886,1791096831510207213,1024,1024,2048,fp32,"U(-1,1)",25,10000,256,0.5,320000,159721,159721,0,0,159721,159721,159655,159721,159655,159653,0,0,0,0,0,159721,159655,0,40800279,159721,159655,0,160279,159653,0.9995867794466601,0.9995867794466601,0.9995742576117104,0.9999874729886318,,,,,0.9995867794466601,0.9995867794466601,0.0,0.0,0.9995742576117104,0.9999874729886318,0.0,0.0,1.947372075387752e-06,5.39,linear_centered_per_block
20261004T065352Z,2026-10-04T06:53:52.230119+00:00,20812aef948eaa8d0f8bc34d3ad2eeddd8c87d07,atlas-47,npu:0,2.7.1+cpu,2.7.1.post10,3.9.9,6536074915505849826,1791096831510207213,1024,1024,2048,fp32,"U(-1,1)",26,10000,256,0.5,320000,160035,160035,0,0,160035,160035,159994,160035,159994,159882,0,0,0,0,0,160035,159994,0,40799965,160035,159994,0,159965,159882,0.9997438060424282,0.9997438060424282,0.9990439591339394,0.9992999737490156,,,,,0.9997438060424282,0.9997438060424282,0.0,0.0,0.9990439591339394,0.9992999737490156,0.0,0.0,1.947372075387752e-06,5.39,linear_centered_per_block
20261004T065352Z,2026-10-04T06:53:52.230119+00:00,20812aef948eaa8d0f8bc34d3ad2eeddd8c87d07,atlas-47,npu:0,2.7.1+cpu,2.7.1.post10,3.9.9,4308949436345474332,1791096831510207213,1024,1024,2048,fp32,"U(-1,1)",27,10000,256,0.5,320000,159913,159913,0,0,159913,159913,159816,159913,159816,159695,0,0,0,0,0,159913,159816,0,40800087,159913,159816,0,160087,159695,0.9993934201722187,0.9993934201722187,0.9986367587375635,0.9992428793112079,,,,,0.9993934201722187,0.9993934201722187,0.0,0.0,0.9986367587375635,0.9992428793112079,0.0,0.0,1.947372075387752e-06,5.39,linear_centered_per_block
20261004T065352Z,2026-10-04T06:53:52.230119+00:00,20812aef948eaa8d0f8bc34d3ad2eeddd8c87d07,atlas-47,npu:0,2.7.1+cpu,2.7.1.post10,3.9.9,3602297116874748309,1791096831510207213,1024,1024,2048,fp32,"U(-1,1)",28,10000,256,0.5,320000,159958,159958,0,0,159958,159958,159870,159958,159870,159765,0,0,0,0,0,159958,159870,0,40800042,159958,159870,0,160042,159765,0.9994498555870917,0.9994498555870917,0.998793433276235,0.9993432163632952,,,,,0.9994498555870917,0.9994498555870917,0.0,0.0,0.998793433276235,0.9993432163632952,0.0,0.0,1.947372075387752e-06,5.39,linear_centered_per_block
20261004T065352Z,2026-10-04T06:53:52.230119+00:00,20812aef948eaa8d0f8bc34d3ad2eeddd8c87d07,atlas-47,npu:0,2.7.1+cpu,2.7.1.post10,3.9.9,468543669746774038,1791096831510207213,1024,1024,2048,fp32,"U(-1,1)",29,10000,256,0.5,320000,159981,159981,0,0,159981,159981,159862,159981,159862,159762,0,0,0,0,0,159981,159862,0,40800019,159981,159862,0,160019,159762,0.9992561616691982,0.9992561616691982,0.9986310874416336,0.9993744604721573,,,,,0.9992561616691982,0.9992561616691982,0.0,0.0,0.9986310874416336,0.9993744604721573,0.0,0.0,1.947372075387752e-06,5.39,linear_centered_per_block
20261004T065352Z,2026-10-04T06:53:52.230119+00:00,20812aef948eaa8d0f8bc34d3ad2eeddd8c87d07,atlas-47,npu:0,2.7.1+cpu,2.7.1.post10,3.9.9,7737309000655167326,1791096831510207213,1024,1024,2048,fp32,"U(-1,1)",30,10000,256,0.5,320000,160048,151700,8348,0,151700,151700,151700,151700,151700,143688,8348,8348,8348,8348,0,160048,160048,0,40799952,160048,160048,0,159952,143688,1.0,1.0,0.9471852340145023,0.9471852340145023,1.0,1.0,0.0,0.0,1.0,1.0,0.0,0.0,0.89778066580026,0.89778066580026,0.052159352194341695,0.0,1.947372075387752e-06,5.39,linear_centered_per_block
20261004T065352Z,2026-10-04T06:53:52.230119+00:00,20812aef948eaa8d0f8bc34d3ad2eeddd8c87d07,atlas-47,npu:0,2.7.1+cpu,2.7.1.post10,3.9.9,9103469071841259504,1791096831510207213,1024,1024,3072,bf16,"N(1,1)",7,10000,256,0.5,320000,159628,159628,0,0,159628,159628,0,159628,0,0,0,0,0,0,0,159628,0,0,40800372,159628,0,0,160372,0,0.0,0.0,0.0,,,,,,0.0,0.0,0.0,0.0,0.0,,0.0,0.0,0.008,5.39,linear_centered_per_block
20261004T065352Z,2026-10-04T06:53:52.230119+00:00,20812aef948eaa8d0f8bc34d3ad2eeddd8c87d07,atlas-47,npu:0,2.7.1+cpu,2.7.1.post10,3.9.9,8693572963027758320,1791096831510207213,1024,1024,3072,bf16,"N(1,1)",8,10000,256,0.5,320000,160081,160081,0,0,160081,160081,0,160081,0,0,0,0,0,0,0,160081,0,0,40799919,160081,0,0,159919,0,0.0,0.0,0.0,,,,,,0.0,0.0,0.0,0.0,0.0,,0.0,0.0,0.008,5.39,linear_centered_per_block
20261004T065352Z,2026-10-04T06:53:52.230119+00:00,20812aef948eaa8d0f8bc34d3ad2eeddd8c87d07,atlas-47,npu:0,2.7.1+cpu,2.7.1.post10,3.9.9,5160097800108106217,1791096831510207213,1024,1024,3072,bf16,"N(1,1)",9,10000,256,0.5,320000,160296,160296,0,0,160296,160296,160296,160296,160296,159281,0,0,0,0,0,160296,160296,0,40799704,160296,160296,0,159704,159281,1.0,1.0,0.9936679642661077,0.9936679642661077,,,,,1.0,1.0,0.0,0.0,0.9936679642661077,0.9936679642661077,0.0,0.0,0.008,5.39,linear_centered_per_block
20261004T065352Z,2026-10-04T06:53:52.230119+00:00,20812aef948eaa8d0f8bc34d3ad2eeddd8c87d07,atlas-47,npu:0,2.7.1+cpu,2.7.1.post10,3.9.9,4443761412952863115,1791096831510207213,1024,1024,3072,bf16,"N(1,1)",10,10000,256,0.5,320000,159648,159648,0,0,159648,159648,0,159648,0,0,0,0,0,0,0,159648,0,0,40800352,159648,0,0,160352,0,0.0,0.0,0.0,,,,,,0.0,0.0,0.0,0.0,0.0,,0.0,0.0,0.008,5.39,linear_centered_per_block
20261004T065352Z,2026-10-04T06:53:52.230119+00:00,20812aef948eaa8d0f8bc34d3ad2eeddd8c87d07,atlas-47,npu:0,2.7.1+cpu,2.7.1.post10,3.9.9,2251265736752605506,1791096831510207213,1024,1024,3072,bf16,"N(1,1)",11,10000,256,0.5,320000,160165,160165,0,0,160165,160165,160165,160165,160165,160165,0,0,0,0,0,160165,160165,0,40799835,160165,160165,0,159835,160165,1.0,1.0,1.0,1.0,,,,,1.0,1.0,0.0,0.0,1.0,1.0,0.0,0.0,0.008,5.39,linear_centered_per_block
20261004T065352Z,2026-10-04T06:53:52.230119+00:00,20812aef948eaa8d0f8bc34d3ad2eeddd8c87d07,atlas-47,npu:0,2.7.1+cpu,2.7.1.post10,3.9.9,6384043193878413278,1791096831510207213,1024,1024,3072,bf16,"N(1,1)",12,10000,256,0.5,320000,160434,160434,0,0,160434,160434,160434,160434,160434,160434,0,0,0,0,0,160434,160434,0,40799566,160434,160434,0,159566,160434,1.0,1.0,1.0,1.0,,,,,1.0,1.0,0.0,0.0,1.0,1.0,0.0,0.0,0.008,5.39,linear_centered_per_block
20261004T065352Z,2026-10-04T06:53:52.230119+00:00,20812aef948eaa8d0f8bc34d3ad2eeddd8c87d07,atlas-47,npu:0,2.7.1+cpu,2.7.1.post10,3.9.9,7293465895573692961,1791096831510207213,1024,1024,3072,bf16,"N(1,1)",13,10000,256,0.5,320000,159984,159984,0,0,159984,159984,159984,159984,159984,159984,0,0,0,0,0,159984,159984,0,40800016,159984,159984,0,160016,159984,1.0,1.0,1.0,1.0,,,,,1.0,1.0,0.0,0.0,1.0,1.0,0.0,0.0,0.008,5.39,linear_centered_per_block
20261004T065352Z,2026-10-04T06:53:52.230119+00:00,20812aef948eaa8d0f8bc34d3ad2eeddd8c87d07,atlas-47,npu:0,2.7.1+cpu,2.7.1.post10,3.9.9,7451201044513080213,1791096831510207213,1024,1024,3072,bf16,"N(1,1)",14,10000,256,0.5,320000,159954,159954,0,0,159954,159954,0,159954,0,0,0,0,0,0,0,159954,0,0,40800046,159954,0,0,160046,0,0.0,0.0,0.0,,,,,,0.0,0.0,0.0,0.0,0.0,,0.0,0.0,0.008,5.39,linear_centered_per_block
20261004T065352Z,2026-10-04T06:53:52.230119+00:00,20812aef948eaa8d0f8bc34d3ad2eeddd8c87d07,atlas-47,npu:0,2.7.1+cpu,2.7.1.post10,3.9.9,1380173883690185235,1791096831510207213,1024,1024,3072,bf16,"N(1e-6,1)",7,10000,256,0.5,320000,159867,159867,0,0,159867,159867,0,159867,0,0,0,0,0,0,0,159867,0,0,40800133,159867,0,0,160133,0,0.0,0.0,0.0,,,,,,0.0,0.0,0.0,0.0,0.0,,0.0,0.0,0.008,5.39,linear_centered_per_block
20261004T065352Z,2026-10-04T06:53:52.230119+00:00,20812aef948eaa8d0f8bc34d3ad2eeddd8c87d07,atlas-47,npu:0,2.7.1+cpu,2.7.1.post10,3.9.9,4498745930405560563,1791096831510207213,1024,1024,3072,bf16,"N(1e-6,1)",8,10000,256,0.5,320000,159861,159861,0,0,159861,159861,0,159861,0,0,0,0,0,0,0,159861,0,0,40800139,159861,0,0,160139,0,0.0,0.0,0.0,,,,,,0.0,0.0,0.0,0.0,0.0,,0.0,0.0,0.008,5.39,linear_centered_per_block
20261004T065352Z,2026-10-04T06:53:52.230119+00:00,20812aef948eaa8d0f8bc34d3ad2eeddd8c87d07,atlas-47,npu:0,2.7.1+cpu,2.7.1.post10,3.9.9,1421781557640772661,1791096831510207213,1024,1024,3072,bf16,"N(1e-6,1)",9,10000,256,0.5,320000,159614,159614,0,0,159614,159614,99,159614,99,92,0,0,0,0,0,159614,99,0,40800386,159614,99,0,160386,92,0.0006202463443056374,0.0006202463443056374,0.0005763905421830166,0.9292929292929293,,,,,0.0006202463443056374,0.0006202463443056374,0.0,0.0,0.0005763905421830166,0.9292929292929293,0.0,0.0,0.008,5.39,linear_centered_per_block
20261004T065352Z,2026-10-04T06:53:52.230119+00:00,20812aef948eaa8d0f8bc34d3ad2eeddd8c87d07,atlas-47,npu:0,2.7.1+cpu,2.7.1.post10,3.9.9,4776610289311758793,1791096831510207213,1024,1024,3072,bf16,"N(1e-6,1)",10,10000,256,0.5,320000,160267,160267,0,0,160267,160267,155463,160267,155463,155339,0,0,0,0,0,160267,155463,0,40799733,160267,155463,0,159733,155339,0.9700250207466291,0.9700250207466291,0.9692513118733114,0.9992023825604807,,,,,0.9700250207466291,0.9700250207466291,0.0,0.0,0.9692513118733114,0.9992023825604807,0.0,0.0,0.008,5.39,linear_centered_per_block
20261004T065352Z,2026-10-04T06:53:52.230119+00:00,20812aef948eaa8d0f8bc34d3ad2eeddd8c87d07,atlas-47,npu:0,2.7.1+cpu,2.7.1.post10,3.9.9,1139581802147527717,1791096831510207213,1024,1024,3072,bf16,"N(1e-6,1)",11,10000,256,0.5,320000,160115,160115,0,0,160115,160115,155562,160115,155562,155562,0,0,0,0,0,160115,155562,0,40799885,160115,155562,0,159885,155562,0.9715641882397027,0.9715641882397027,0.9715641882397027,1.0,,,,,0.9715641882397027,0.9715641882397027,0.0,0.0,0.9715641882397027,1.0,0.0,0.0,0.008,5.39,linear_centered_per_block
20261004T065352Z,2026-10-04T06:53:52.230119+00:00,20812aef948eaa8d0f8bc34d3ad2eeddd8c87d07,atlas-47,npu:0,2.7.1+cpu,2.7.1.post10,3.9.9,1506359990102577664,1791096831510207213,1024,1024,3072,bf16,"N(1e-6,1)",12,10000,256,0.5,320000,159984,159984,0,0,159984,159984,155450,159984,155450,155450,0,0,0,0,0,159984,155450,0,40800016,159984,155450,0,160016,155450,0.9716596659665967,0.9716596659665967,0.9716596659665967,1.0,,,,,0.9716596659665967,0.9716596659665967,0.0,0.0,0.9716596659665967,1.0,0.0,0.0,0.008,5.39,linear_centered_per_block
20261004T065352Z,2026-10-04T06:53:52.230119+00:00,20812aef948eaa8d0f8bc34d3ad2eeddd8c87d07,atlas-47,npu:0,2.7.1+cpu,2.7.1.post10,3.9.9,4992187371224501553,1791096831510207213,1024,1024,3072,bf16,"N(1e-6,1)",13,10000,256,0.5,320000,160217,160217,0,0,160217,160217,155696,160217,155696,155696,0,0,0,0,0,160217,155696,0,40799783,160217,155696,0,159783,155696,0.9717820206345145,0.9717820206345145,0.9717820206345145,1.0,,,,,0.9717820206345145,0.9717820206345145,0.0,0.0,0.9717820206345145,1.0,0.0,0.0,0.008,5.39,linear_centered_per_block
20261004T065352Z,2026-10-04T06:53:52.230119+00:00,20812aef948eaa8d0f8bc34d3ad2eeddd8c87d07,atlas-47,npu:0,2.7.1+cpu,2.7.1.post10,3.9.9,3903069103657269227,1791096831510207213,1024,1024,3072,bf16,"N(1e-6,1)",14,10000,256,0.5,320000,160228,157957,2271,16,157941,157957,2341,157957,2341,105,2271,2271,2271,2271,0,160228,4612,0,40799772,160228,4612,0,159772,105,0.014820489120456833,0.014820489120456833,0.00066473787169926,0.0448526270824434,1.0,1.0,0.0,0.0,0.028783982824475123,0.028783982824475123,0.0,0.0,0.0006553161744514067,0.02276669557675629,0.014173552687420425,9.985770277354769e-05,0.008,5.39,linear_centered_per_block
20261004T065352Z,2026-10-04T06:53:52.230119+00:00,20812aef948eaa8d0f8bc34d3ad2eeddd8c87d07,atlas-47,npu:0,2.7.1+cpu,2.7.1.post10,3.9.9,4049162605032626933,1791096831510207213,1024,1024,3072,bf16,TruncN,7,10000,256,0.5,320000,159870,159870,0,0,159870,159870,0,159870,0,0,0,0,0,0,0,159870,0,0,40800130,159870,0,0,160130,0,0.0,0.0,0.0,,,,,,0.0,0.0,0.0,0.0,0.0,,0.0,0.0,0.008,5.39,linear_centered_per_block
20261004T065352Z,2026-10-04T06:53:52.230119+00:00,20812aef948eaa8d0f8bc34d3ad2eeddd8c87d07,atlas-47,npu:0,2.7.1+cpu,2.7.1.post10,3.9.9,5034248651251658972,1791096831510207213,1024,1024,3072,bf16,TruncN,8,10000,256,0.5,320000,159521,159521,0,0,159521,159521,0,159521,0,0,0,0,0,0,0,159521,0,0,40800479,159521,0,0,160479,0,0.0,0.0,0.0,,,,,,0.0,0.0,0.0,0.0,0.0,,0.0,0.0,0.008,5.39,linear_centered_per_block
20261004T065352Z,2026-10-04T06:53:52.230119+00:00,20812aef948eaa8d0f8bc34d3ad2eeddd8c87d07,atlas-47,npu:0,2.7.1+cpu,2.7.1.post10,3.9.9,1752779946515760447,1791096831510207213,1024,1024,3072,bf16,TruncN,9,10000,256,0.5,320000,160137,160137,0,0,160137,160137,160137,160137,160137,159156,0,0,0,0,0,160137,160137,0,40799863,160137,160137,0,159863,159156,1.0,1.0,0.993873995391446,0.993873995391446,,,,,1.0,1.0,0.0,0.0,0.993873995391446,0.993873995391446,0.0,0.0,0.008,5.39,linear_centered_per_block
20261004T065352Z,2026-10-04T06:53:52.230119+00:00,20812aef948eaa8d0f8bc34d3ad2eeddd8c87d07,atlas-47,npu:0,2.7.1+cpu,2.7.1.post10,3.9.9,7745897595252266938,1791096831510207213,1024,1024,3072,bf16,TruncN,10,10000,256,0.5,320000,159808,159808,0,0,159808,159808,0,159808,0,0,0,0,0,0,0,159808,0,0,40800192,159808,0,0,160192,0,0.0,0.0,0.0,,,,,,0.0,0.0,0.0,0.0,0.0,,0.0,0.0,0.008,5.39,linear_centered_per_block
20261004T065352Z,2026-10-04T06:53:52.230119+00:00,20812aef948eaa8d0f8bc34d3ad2eeddd8c87d07,atlas-47,npu:0,2.7.1+cpu,2.7.1.post10,3.9.9,3009925023521108756,1791096831510207213,1024,1024,3072,bf16,TruncN,11,10000,256,0.5,320000,160014,160014,0,0,160014,160014,160014,160014,160014,160014,0,0,0,0,0,160014,160014,0,40799986,160014,160014,0,159986,160014,1.0,1.0,1.0,1.0,,,,,1.0,1.0,0.0,0.0,1.0,1.0,0.0,0.0,0.008,5.39,linear_centered_per_block
20261004T065352Z,2026-10-04T06:53:52.230119+00:00,20812aef948eaa8d0f8bc34d3ad2eeddd8c87d07,atlas-47,npu:0,2.7.1+cpu,2.7.1.post10,3.9.9,5925554675807115584,1791096831510207213,1024,1024,3072,bf16,TruncN,12,10000,256,0.5,320000,160423,160423,0,0,160423,160423,160423,160423,160423,160423,0,0,0,0,0,160423,160423,0,40799577,160423,160423,0,159577,160423,1.0,1.0,1.0,1.0,,,,,1.0,1.0,0.0,0.0,1.0,1.0,0.0,0.0,0.008,5.39,linear_centered_per_block
20261004T065352Z,2026-10-04T06:53:52.230119+00:00,20812aef948eaa8d0f8bc34d3ad2eeddd8c87d07,atlas-47,npu:0,2.7.1+cpu,2.7.1.post10,3.9.9,6243801036752808761,1791096831510207213,1024,1024,3072,bf16,TruncN,13,10000,256,0.5,320000,160148,160148,0,0,160148,160148,160148,160148,160148,160148,0,0,0,0,0,160148,160148,0,40799852,160148,160148,0,159852,160148,1.0,1.0,1.0,1.0,,,,,1.0,1.0,0.0,0.0,1.0,1.0,0.0,0.0,0.008,5.39,linear_centered_per_block
20261004T065352Z,2026-10-04T06:53:52.230119+00:00,20812aef948eaa8d0f8bc34d3ad2eeddd8c87d07,atlas-47,npu:0,2.7.1+cpu,2.7.1.post10,3.9.9,2085664499926215483,1791096831510207213,1024,1024,3072,bf16,TruncN,14,10000,256,0.5,320000,159994,159994,0,0,159994,159994,0,159994,0,0,0,0,0,0,0,159994,0,0,40800006,159994,0,0,160006,0,0.0,0.0,0.0,,,,,,0.0,0.0,0.0,0.0,0.0,,0.0,0.0,0.008,5.39,linear_centered_per_block
20261004T065352Z,2026-10-04T06:53:52.230119+00:00,20812aef948eaa8d0f8bc34d3ad2eeddd8c87d07,atlas-47,npu:0,2.7.1+cpu,2.7.1.post10,3.9.9,8738352585264735807,1791096831510207213,1024,1024,3072,bf16,"U(-1,1)",7,10000,256,0.5,320000,159847,159847,0,0,159847,159847,50,159847,50,24,0,0,0,0,0,159847,50,0,40800153,159847,50,0,160153,24,0.0003127991141529087,0.0003127991141529087,0.0001501435747933962,0.48,,,,,0.0003127991141529087,0.0003127991141529087,0.0,0.0,0.0001501435747933962,0.48,0.0,0.0,0.008,5.39,linear_centered_per_block
20261004T065352Z,2026-10-04T06:53:52.230119+00:00,20812aef948eaa8d0f8bc34d3ad2eeddd8c87d07,atlas-47,npu:0,2.7.1+cpu,2.7.1.post10,3.9.9,7037141955949696128,1791096831510207213,1024,1024,3072,bf16,"U(-1,1)",8,10000,256,0.5,320000,159734,159734,0,0,159734,159734,13311,159734,13311,10173,0,0,0,0,0,159734,13311,0,40800266,159734,13311,0,160266,10173,0.08333228993201197,0.08333228993201197,0.06368712985338125,0.7642551273382916,,,,,0.08333228993201197,0.08333228993201197,0.0,0.0,0.06368712985338125,0.7642551273382916,0.0,0.0,0.008,5.39,linear_centered_per_block
20261004T065352Z,2026-10-04T06:53:52.230119+00:00,20812aef948eaa8d0f8bc34d3ad2eeddd8c87d07,atlas-47,npu:0,2.7.1+cpu,2.7.1.post10,3.9.9,1778394701625666208,1791096831510207213,1024,1024,3072,bf16,"U(-1,1)",9,10000,256,0.5,320000,159823,159823,0,0,159823,159823,118513,159823,118513,104568,0,0,0,0,0,159823,118513,0,40800177,159823,118513,0,160177,104568,0.7415265637611608,0.7415265637611608,0.6542737903806085,0.882333583657489,,,,,0.7415265637611608,0.7415265637611608,0.0,0.0,0.6542737903806085,0.882333583657489,0.0,0.0,0.008,5.39,linear_centered_per_block
20261004T065352Z,2026-10-04T06:53:52.230119+00:00,20812aef948eaa8d0f8bc34d3ad2eeddd8c87d07,atlas-47,npu:0,2.7.1+cpu,2.7.1.post10,3.9.9,6600535980405362089,1791096831510207213,1024,1024,3072,bf16,"U(-1,1)",10,10000,256,0.5,320000,159646,159646,0,0,159646,159646,145989,159646,145989,145989,0,0,0,0,0,159646,145989,0,40800354,159646,145989,0,160354,145989,0.9144544805381908,0.9144544805381908,0.9144544805381908,1.0,,,,,0.9144544805381908,0.9144544805381908,0.0,0.0,0.9144544805381908,1.0,0.0,0.0,0.008,5.39,linear_centered_per_block
20261004T065352Z,2026-10-04T06:53:52.230119+00:00,20812aef948eaa8d0f8bc34d3ad2eeddd8c87d07,atlas-47,npu:0,2.7.1+cpu,2.7.1.post10,3.9.9,1272690383648839739,1791096831510207213,1024,1024,3072,bf16,"U(-1,1)",11,10000,256,0.5,320000,159527,159527,0,0,159527,159527,145791,159527,145791,145791,0,0,0,0,0,159527,145791,0,40800473,159527,145791,0,160473,145791,0.9138954534342149,0.9138954534342149,0.9138954534342149,1.0,,,,,0.9138954534342149,0.9138954534342149,0.0,0.0,0.9138954534342149,1.0,0.0,0.0,0.008,5.39,linear_centered_per_block
20261004T065352Z,2026-10-04T06:53:52.230119+00:00,20812aef948eaa8d0f8bc34d3ad2eeddd8c87d07,atlas-47,npu:0,2.7.1+cpu,2.7.1.post10,3.9.9,8824718245316790097,1791096831510207213,1024,1024,3072,bf16,"U(-1,1)",12,10000,256,0.5,320000,160407,160407,0,0,160407,160407,146428,160407,146428,146428,0,0,0,0,0,160407,146428,0,40799593,160407,146428,0,159593,146428,0.9128529303584009,0.9128529303584009,0.9128529303584009,1.0,,,,,0.9128529303584009,0.9128529303584009,0.0,0.0,0.9128529303584009,1.0,0.0,0.0,0.008,5.39,linear_centered_per_block
20261004T065352Z,2026-10-04T06:53:52.230119+00:00,20812aef948eaa8d0f8bc34d3ad2eeddd8c87d07,atlas-47,npu:0,2.7.1+cpu,2.7.1.post10,3.9.9,2196203845036592057,1791096831510207213,1024,1024,3072,bf16,"U(-1,1)",13,10000,256,0.5,320000,160279,160279,0,0,160279,160279,146427,160279,146427,146427,0,0,0,0,0,160279,146427,0,40799721,160279,146427,0,159721,146427,0.9135757023689941,0.9135757023689941,0.9135757023689941,1.0,,,,,0.9135757023689941,0.9135757023689941,0.0,0.0,0.9135757023689941,1.0,0.0,0.0,0.008,5.39,linear_centered_per_block
20261004T065352Z,2026-10-04T06:53:52.230119+00:00,20812aef948eaa8d0f8bc34d3ad2eeddd8c87d07,atlas-47,npu:0,2.7.1+cpu,2.7.1.post10,3.9.9,4124226357489314845,1791096831510207213,1024,1024,3072,bf16,"U(-1,1)",14,10000,256,0.5,320000,159902,153118,6784,37,153081,153118,6995,153118,6995,375,6784,6784,6784,6784,0,159902,13779,0,40800098,159902,13779,0,160098,375,0.045683721051737874,0.045683721051737874,0.002449091550307606,0.053609721229449604,1.0,1.0,0.0,0.0,0.08617153006216308,0.08617153006216308,0.0,0.0,0.0023451864266863455,0.027215327672545177,0.04242598591637378,0.00023139172743305274,0.008,5.39,linear_centered_per_block
20261004T065352Z,2026-10-04T06:53:52.230119+00:00,20812aef948eaa8d0f8bc34d3ad2eeddd8c87d07,atlas-47,npu:0,2.7.1+cpu,2.7.1.post10,3.9.9,3748233816627286570,1791096831510207213,1024,1024,3072,fp32,"N(1,1)",23,10000,256,0.5,320000,160517,160517,0,0,160517,160517,160517,160517,160517,160517,0,0,0,0,0,160517,160517,0,40799483,160517,160517,0,159483,160517,1.0,1.0,1.0,1.0,,,,,1.0,1.0,0.0,0.0,1.0,1.0,0.0,0.0,2.3850339620223437e-06,5.39,linear_centered_per_block
20261004T065352Z,2026-10-04T06:53:52.230119+00:00,20812aef948eaa8d0f8bc34d3ad2eeddd8c87d07,atlas-47,npu:0,2.7.1+cpu,2.7.1.post10,3.9.9,618897232908006861,1791096831510207213,1024,1024,3072,fp32,"N(1,1)",24,10000,256,0.5,320000,160226,160226,0,0,160226,160226,160226,160226,160226,160226,0,0,0,0,0,160226,160226,0,40799774,160226,160226,0,159774,160226,1.0,1.0,1.0,1.0,,,,,1.0,1.0,0.0,0.0,1.0,1.0,0.0,0.0,2.3850339620223437e-06,5.39,linear_centered_per_block
20261004T065352Z,2026-10-04T06:53:52.230119+00:00,20812aef948eaa8d0f8bc34d3ad2eeddd8c87d07,atlas-47,npu:0,2.7.1+cpu,2.7.1.post10,3.9.9,486423463500216576,1791096831510207213,1024,1024,3072,fp32,"N(1,1)",25,10000,256,0.5,320000,160535,160535,0,0,160535,160535,160535,160535,160535,160535,0,0,0,0,0,160535,160535,0,40799465,160535,160535,0,159465,160535,1.0,1.0,1.0,1.0,,,,,1.0,1.0,0.0,0.0,1.0,1.0,0.0,0.0,2.3850339620223437e-06,5.39,linear_centered_per_block
20261004T065352Z,2026-10-04T06:53:52.230119+00:00,20812aef948eaa8d0f8bc34d3ad2eeddd8c87d07,atlas-47,npu:0,2.7.1+cpu,2.7.1.post10,3.9.9,3968221458988284046,1791096831510207213,1024,1024,3072,fp32,"N(1,1)",26,10000,256,0.5,320000,160097,160097,0,0,160097,160097,160097,160097,160097,160097,0,0,0,0,0,160097,160097,0,40799903,160097,160097,0,159903,160097,1.0,1.0,1.0,1.0,,,,,1.0,1.0,0.0,0.0,1.0,1.0,0.0,0.0,2.3850339620223437e-06,5.39,linear_centered_per_block
20261004T065352Z,2026-10-04T06:53:52.230119+00:00,20812aef948eaa8d0f8bc34d3ad2eeddd8c87d07,atlas-47,npu:0,2.7.1+cpu,2.7.1.post10,3.9.9,4682680517028188776,1791096831510207213,1024,1024,3072,fp32,"N(1,1)",27,10000,256,0.5,320000,160112,160112,0,0,160112,160112,160112,160112,160112,160112,0,0,0,0,0,160112,160112,0,40799888,160112,160112,0,159888,160112,1.0,1.0,1.0,1.0,,,,,1.0,1.0,0.0,0.0,1.0,1.0,0.0,0.0,2.3850339620223437e-06,5.39,linear_centered_per_block
20261004T065352Z,2026-10-04T06:53:52.230119+00:00,20812aef948eaa8d0f8bc34d3ad2eeddd8c87d07,atlas-47,npu:0,2.7.1+cpu,2.7.1.post10,3.9.9,2683257726657634312,1791096831510207213,1024,1024,3072,fp32,"N(1,1)",28,10000,256,0.5,320000,159835,159835,0,0,159835,159835,159835,159835,159835,159835,0,0,0,0,0,159835,159835,0,40800165,159835,159835,0,160165,159835,1.0,1.0,1.0,1.0,,,,,1.0,1.0,0.0,0.0,1.0,1.0,0.0,0.0,2.3850339620223437e-06,5.39,linear_centered_per_block
20261004T065352Z,2026-10-04T06:53:52.230119+00:00,20812aef948eaa8d0f8bc34d3ad2eeddd8c87d07,atlas-47,npu:0,2.7.1+cpu,2.7.1.post10,3.9.9,7875383201405034315,1791096831510207213,1024,1024,3072,fp32,"N(1,1)",29,10000,256,0.5,320000,160331,160331,0,0,160331,160331,160331,160331,160331,160331,0,0,0,0,0,160331,160331,0,40799669,160331,160331,0,159669,160331,1.0,1.0,1.0,1.0,,,,,1.0,1.0,0.0,0.0,1.0,1.0,0.0,0.0,2.3850339620223437e-06,5.39,linear_centered_per_block
20261004T065352Z,2026-10-04T06:53:52.230119+00:00,20812aef948eaa8d0f8bc34d3ad2eeddd8c87d07,atlas-47,npu:0,2.7.1+cpu,2.7.1.post10,3.9.9,2269432872142670802,1791096831510207213,1024,1024,3072,fp32,"N(1,1)",30,10000,256,0.5,320000,160277,160277,0,0,160277,160277,160277,160277,160277,160277,0,0,0,0,0,160277,160277,0,40799723,160277,160277,0,159723,160277,1.0,1.0,1.0,1.0,,,,,1.0,1.0,0.0,0.0,1.0,1.0,0.0,0.0,2.3850339620223437e-06,5.39,linear_centered_per_block
20261004T065352Z,2026-10-04T06:53:52.230119+00:00,20812aef948eaa8d0f8bc34d3ad2eeddd8c87d07,atlas-47,npu:0,2.7.1+cpu,2.7.1.post10,3.9.9,5456524201287305330,1791096831510207213,1024,1024,3072,fp32,"N(1e-6,1)",23,10000,256,0.5,320000,159603,159603,0,0,159603,159603,159131,159603,159131,159056,0,0,0,0,0,159603,159131,0,40800397,159603,159131,0,160397,159056,0.9970426621053489,0.9970426621053489,0.996572746126326,0.9995286901986413,,,,,0.9970426621053489,0.9970426621053489,0.0,0.0,0.996572746126326,0.9995286901986413,0.0,0.0,2.3850339620223437e-06,5.39,linear_centered_per_block
20261004T065352Z,2026-10-04T06:53:52.230119+00:00,20812aef948eaa8d0f8bc34d3ad2eeddd8c87d07,atlas-47,npu:0,2.7.1+cpu,2.7.1.post10,3.9.9,8041125543001816339,1791096831510207213,1024,1024,3072,fp32,"N(1e-6,1)",24,10000,256,0.5,320000,160150,160150,0,0,160150,160150,159882,160150,159882,159881,0,0,0,0,0,160150,159882,0,40799850,160150,159882,0,159850,159881,0.9983265688417109,0.9983265688417109,0.9983203246955978,0.9999937453872231,,,,,0.9983265688417109,0.9983265688417109,0.0,0.0,0.9983203246955978,0.9999937453872231,0.0,0.0,2.3850339620223437e-06,5.39,linear_centered_per_block
20261004T065352Z,2026-10-04T06:53:52.230119+00:00,20812aef948eaa8d0f8bc34d3ad2eeddd8c87d07,atlas-47,npu:0,2.7.1+cpu,2.7.1.post10,3.9.9,2154526203418753051,1791096831510207213,1024,1024,3072,fp32,"N(1e-6,1)",25,10000,256,0.5,320000,159890,159890,0,0,159890,159890,159762,159890,159762,159720,0,0,0,0,0,159890,159762,0,40800110,159890,159762,0,160110,159720,0.9991994496216149,0.9991994496216149,0.9989367690287072,0.9997371089495625,,,,,0.9991994496216149,0.9991994496216149,0.0,0.0,0.9989367690287072,0.9997371089495625,0.0,0.0,2.3850339620223437e-06,5.39,linear_centered_per_block
20261004T065352Z,2026-10-04T06:53:52.230119+00:00,20812aef948eaa8d0f8bc34d3ad2eeddd8c87d07,atlas-47,npu:0,2.7.1+cpu,2.7.1.post10,3.9.9,243336066217947432,1791096831510207213,1024,1024,3072,fp32,"N(1e-6,1)",26,10000,256,0.5,320000,160227,160227,0,0,160227,160227,159871,160227,159871,159836,0,0,0,0,0,160227,159871,0,40799773,160227,159871,0,159773,159836,0.9977781522465002,0.9977781522465002,0.9975597121583754,0.9997810734905017,,,,,0.9977781522465002,0.9977781522465002,0.0,0.0,0.9975597121583754,0.9997810734905017,0.0,0.0,2.3850339620223437e-06,5.39,linear_centered_per_block
20261004T065352Z,2026-10-04T06:53:52.230119+00:00,20812aef948eaa8d0f8bc34d3ad2eeddd8c87d07,atlas-47,npu:0,2.7.1+cpu,2.7.1.post10,3.9.9,6785406556249961252,1791096831510207213,1024,1024,3072,fp32,"N(1e-6,1)",27,10000,256,0.5,320000,159882,159882,0,0,159882,159882,159537,159882,159537,159498,0,0,0,0,0,159882,159537,0,40800118,159882,159537,0,160118,159498,0.9978421585919616,0.9978421585919616,0.9975982286936615,0.9997555426014028,,,,,0.9978421585919616,0.9978421585919616,0.0,0.0,0.9975982286936615,0.9997555426014028,0.0,0.0,2.3850339620223437e-06,5.39,linear_centered_per_block
20261004T065352Z,2026-10-04T06:53:52.230119+00:00,20812aef948eaa8d0f8bc34d3ad2eeddd8c87d07,atlas-47,npu:0,2.7.1+cpu,2.7.1.post10,3.9.9,2153609071880066483,1791096831510207213,1024,1024,3072,fp32,"N(1e-6,1)",28,10000,256,0.5,320000,159984,159984,0,0,159984,159984,159647,159984,159647,159617,0,0,0,0,0,159984,159647,0,40800016,159984,159647,0,160016,159617,0.9978935393539354,0.9978935393539354,0.9977060206020602,0.9998120854134435,,,,,0.9978935393539354,0.9978935393539354,0.0,0.0,0.9977060206020602,0.9998120854134435,0.0,0.0,2.3850339620223437e-06,5.39,linear_centered_per_block
20261004T065352Z,2026-10-04T06:53:52.230119+00:00,20812aef948eaa8d0f8bc34d3ad2eeddd8c87d07,atlas-47,npu:0,2.7.1+cpu,2.7.1.post10,3.9.9,5638224692087858096,1791096831510207213,1024,1024,3072,fp32,"N(1e-6,1)",29,10000,256,0.5,320000,159461,159461,0,0,159461,159461,159066,159461,159066,159033,0,0,0,0,0,159461,159066,0,40800539,159461,159066,0,160539,159033,0.9975229052871862,0.9975229052871862,0.9973159581339638,0.9997925389460979,,,,,0.9975229052871862,0.9975229052871862,0.0,0.0,0.9973159581339638,0.9997925389460979,0.0,0.0,2.3850339620223437e-06,5.39,linear_centered_per_block
20261004T065352Z,2026-10-04T06:53:52.230119+00:00,20812aef948eaa8d0f8bc34d3ad2eeddd8c87d07,atlas-47,npu:0,2.7.1+cpu,2.7.1.post10,3.9.9,6513632332163524671,1791096831510207213,1024,1024,3072,fp32,"N(1e-6,1)",30,10000,256,0.5,320000,159620,157276,2344,0,157276,157276,157276,157276,157276,155075,2344,2344,2344,2344,0,159620,159620,0,40800380,159620,159620,0,160380,155075,1.0,1.0,0.9860054935273023,0.9860054935273023,1.0,1.0,0.0,0.0,1.0,1.0,0.0,0.0,0.9715261245457962,0.9715261245457962,0.01468487658188197,0.0,2.3850339620223437e-06,5.39,linear_centered_per_block
20261004T065352Z,2026-10-04T06:53:52.230119+00:00,20812aef948eaa8d0f8bc34d3ad2eeddd8c87d07,atlas-47,npu:0,2.7.1+cpu,2.7.1.post10,3.9.9,5793832602553831236,1791096831510207213,1024,1024,3072,fp32,TruncN,23,10000,256,0.5,320000,160600,160600,0,0,160600,160600,160600,160600,160600,160600,0,0,0,0,0,160600,160600,0,40799400,160600,160600,0,159400,160600,1.0,1.0,1.0,1.0,,,,,1.0,1.0,0.0,0.0,1.0,1.0,0.0,0.0,2.3850339620223437e-06,5.39,linear_centered_per_block
20261004T065352Z,2026-10-04T06:53:52.230119+00:00,20812aef948eaa8d0f8bc34d3ad2eeddd8c87d07,atlas-47,npu:0,2.7.1+cpu,2.7.1.post10,3.9.9,4580452725656666815,1791096831510207213,1024,1024,3072,fp32,TruncN,24,10000,256,0.5,320000,159935,159935,0,0,159935,159935,159935,159935,159935,159935,0,0,0,0,0,159935,159935,0,40800065,159935,159935,0,160065,159935,1.0,1.0,1.0,1.0,,,,,1.0,1.0,0.0,0.0,1.0,1.0,0.0,0.0,2.3850339620223437e-06,5.39,linear_centered_per_block
20261004T065352Z,2026-10-04T06:53:52.230119+00:00,20812aef948eaa8d0f8bc34d3ad2eeddd8c87d07,atlas-47,npu:0,2.7.1+cpu,2.7.1.post10,3.9.9,3308271667558834480,1791096831510207213,1024,1024,3072,fp32,TruncN,25,10000,256,0.5,320000,159901,159901,0,0,159901,159901,159901,159901,159901,159901,0,0,0,0,0,159901,159901,0,40800099,159901,159901,0,160099,159901,1.0,1.0,1.0,1.0,,,,,1.0,1.0,0.0,0.0,1.0,1.0,0.0,0.0,2.3850339620223437e-06,5.39,linear_centered_per_block
20261004T065352Z,2026-10-04T06:53:52.230119+00:00,20812aef948eaa8d0f8bc34d3ad2eeddd8c87d07,atlas-47,npu:0,2.7.1+cpu,2.7.1.post10,3.9.9,8514501904738247202,1791096831510207213,1024,1024,3072,fp32,TruncN,26,10000,256,0.5,320000,159821,159821,0,0,159821,159821,159821,159821,159821,159821,0,0,0,0,0,159821,159821,0,40800179,159821,159821,0,160179,159821,1.0,1.0,1.0,1.0,,,,,1.0,1.0,0.0,0.0,1.0,1.0,0.0,0.0,2.3850339620223437e-06,5.39,linear_centered_per_block
20261004T065352Z,2026-10-04T06:53:52.230119+00:00,20812aef948eaa8d0f8bc34d3ad2eeddd8c87d07,atlas-47,npu:0,2.7.1+cpu,2.7.1.post10,3.9.9,58685561968691978,1791096831510207213,1024,1024,3072,fp32,TruncN,27,10000,256,0.5,320000,160422,160422,0,0,160422,160422,160422,160422,160422,160422,0,0,0,0,0,160422,160422,0,40799578,160422,160422,0,159578,160422,1.0,1.0,1.0,1.0,,,,,1.0,1.0,0.0,0.0,1.0,1.0,0.0,0.0,2.3850339620223437e-06,5.39,linear_centered_per_block
20261004T065352Z,2026-10-04T06:53:52.230119+00:00,20812aef948eaa8d0f8bc34d3ad2eeddd8c87d07,atlas-47,npu:0,2.7.1+cpu,2.7.1.post10,3.9.9,7856127407624551415,1791096831510207213,1024,1024,3072,fp32,TruncN,28,10000,256,0.5,320000,159601,159601,0,0,159601,159601,159601,159601,159601,159601,0,0,0,0,0,159601,159601,0,40800399,159601,159601,0,160399,159601,1.0,1.0,1.0,1.0,,,,,1.0,1.0,0.0,0.0,1.0,1.0,0.0,0.0,2.3850339620223437e-06,5.39,linear_centered_per_block
20261004T065352Z,2026-10-04T06:53:52.230119+00:00,20812aef948eaa8d0f8bc34d3ad2eeddd8c87d07,atlas-47,npu:0,2.7.1+cpu,2.7.1.post10,3.9.9,1201106416684525370,1791096831510207213,1024,1024,3072,fp32,TruncN,29,10000,256,0.5,320000,160544,160544,0,0,160544,160544,160544,160544,160544,160544,0,0,0,0,0,160544,160544,0,40799456,160544,160544,0,159456,160544,1.0,1.0,1.0,1.0,,,,,1.0,1.0,0.0,0.0,1.0,1.0,0.0,0.0,2.3850339620223437e-06,5.39,linear_centered_per_block
20261004T065352Z,2026-10-04T06:53:52.230119+00:00,20812aef948eaa8d0f8bc34d3ad2eeddd8c87d07,atlas-47,npu:0,2.7.1+cpu,2.7.1.post10,3.9.9,2648152270167274189,1791096831510207213,1024,1024,3072,fp32,TruncN,30,10000,256,0.5,320000,159965,159965,0,0,159965,159965,159965,159965,159965,159965,0,0,0,0,0,159965,159965,0,40800035,159965,159965,0,160035,159965,1.0,1.0,1.0,1.0,,,,,1.0,1.0,0.0,0.0,1.0,1.0,0.0,0.0,2.3850339620223437e-06,5.39,linear_centered_per_block
20261004T065352Z,2026-10-04T06:53:52.230119+00:00,20812aef948eaa8d0f8bc34d3ad2eeddd8c87d07,atlas-47,npu:0,2.7.1+cpu,2.7.1.post10,3.9.9,8509717423545620482,1791096831510207213,1024,1024,3072,fp32,"U(-1,1)",23,10000,256,0.5,320000,159856,159856,0,0,159856,159856,159659,159856,159659,159453,0,0,0,0,0,159856,159659,0,40800144,159856,159659,0,160144,159453,0.9987676408767892,0.9987676408767892,0.9974789810829747,0.9987097501550178,,,,,0.9987676408767892,0.9987676408767892,0.0,0.0,0.9974789810829747,0.9987097501550178,0.0,0.0,2.3850339620223437e-06,5.39,linear_centered_per_block
20261004T065352Z,2026-10-04T06:53:52.230119+00:00,20812aef948eaa8d0f8bc34d3ad2eeddd8c87d07,atlas-47,npu:0,2.7.1+cpu,2.7.1.post10,3.9.9,2495312080827988343,1791096831510207213,1024,1024,3072,fp32,"U(-1,1)",24,10000,256,0.5,320000,160427,160427,0,0,160427,160427,160371,160427,160371,160197,0,0,0,0,0,160427,160371,0,40799573,160427,160371,0,159573,160197,0.9996509315763557,0.9996509315763557,0.9985663261171748,0.9989150158070973,,,,,0.9996509315763557,0.9996509315763557,0.0,0.0,0.9985663261171748,0.9989150158070973,0.0,0.0,2.3850339620223437e-06,5.39,linear_centered_per_block
20261004T065352Z,2026-10-04T06:53:52.230119+00:00,20812aef948eaa8d0f8bc34d3ad2eeddd8c87d07,atlas-47,npu:0,2.7.1+cpu,2.7.1.post10,3.9.9,7525075388504779757,1791096831510207213,1024,1024,3072,fp32,"U(-1,1)",25,10000,256,0.5,320000,159584,159584,0,0,159584,159584,159507,159584,159507,159503,0,0,0,0,0,159584,159507,0,40800416,159584,159507,0,160416,159503,0.9995174954882695,0.9995174954882695,0.999492430318829,0.9999749227306639,,,,,0.9995174954882695,0.9995174954882695,0.0,0.0,0.999492430318829,0.9999749227306639,0.0,0.0,2.3850339620223437e-06,5.39,linear_centered_per_block
20261004T065352Z,2026-10-04T06:53:52.230119+00:00,20812aef948eaa8d0f8bc34d3ad2eeddd8c87d07,atlas-47,npu:0,2.7.1+cpu,2.7.1.post10,3.9.9,3349163156741802786,1791096831510207213,1024,1024,3072,fp32,"U(-1,1)",26,10000,256,0.5,320000,159775,159775,0,0,159775,159775,159700,159775,159700,159579,0,0,0,0,0,159775,159700,0,40800225,159775,159700,0,160225,159579,0.9995305898920357,0.9995305898920357,0.9987732749178533,0.9992423293675642,,,,,0.9995305898920357,0.9995305898920357,0.0,0.0,0.9987732749178533,0.9992423293675642,0.0,0.0,2.3850339620223437e-06,5.39,linear_centered_per_block
20261004T065352Z,2026-10-04T06:53:52.230119+00:00,20812aef948eaa8d0f8bc34d3ad2eeddd8c87d07,atlas-47,npu:0,2.7.1+cpu,2.7.1.post10,3.9.9,6379281604251223450,1791096831510207213,1024,1024,3072,fp32,"U(-1,1)",27,10000,256,0.5,320000,160611,160611,0,0,160611,160611,160485,160611,160485,160362,0,0,0,0,0,160611,160485,0,40799389,160611,160485,0,159389,160362,0.9992154958253171,0.9992154958253171,0.9984496703214599,0.9992335732311431,,,,,0.9992154958253171,0.9992154958253171,0.0,0.0,0.9984496703214599,0.9992335732311431,0.0,0.0,2.3850339620223437e-06,5.39,linear_centered_per_block
20261004T065352Z,2026-10-04T06:53:52.230119+00:00,20812aef948eaa8d0f8bc34d3ad2eeddd8c87d07,atlas-47,npu:0,2.7.1+cpu,2.7.1.post10,3.9.9,5147530189457946845,1791096831510207213,1024,1024,3072,fp32,"U(-1,1)",28,10000,256,0.5,320000,160117,160117,0,0,160117,160117,159986,160117,159986,159876,0,0,0,0,0,160117,159986,0,40799883,160117,159986,0,159883,159876,0.99918184827345,0.99918184827345,0.9984948506404692,0.9993124398384858,,,,,0.99918184827345,0.99918184827345,0.0,0.0,0.9984948506404692,0.9993124398384858,0.0,0.0,2.3850339620223437e-06,5.39,linear_centered_per_block
20261004T065352Z,2026-10-04T06:53:52.230119+00:00,20812aef948eaa8d0f8bc34d3ad2eeddd8c87d07,atlas-47,npu:0,2.7.1+cpu,2.7.1.post10,3.9.9,1500249013385285753,1791096831510207213,1024,1024,3072,fp32,"U(-1,1)",29,10000,256,0.5,320000,159776,159776,0,0,159776,159776,159656,159776,159656,159524,0,0,0,0,0,159776,159656,0,40800224,159776,159656,0,160224,159524,0.9992489485279391,0.9992489485279391,0.9984227919086721,0.9991732224282207,,,,,0.9992489485279391,0.9992489485279391,0.0,0.0,0.9984227919086721,0.9991732224282207,0.0,0.0,2.3850339620223437e-06,5.39,linear_centered_per_block
20261004T065352Z,2026-10-04T06:53:52.230119+00:00,20812aef948eaa8d0f8bc34d3ad2eeddd8c87d07,atlas-47,npu:0,2.7.1+cpu,2.7.1.post10,3.9.9,5413381026791383891,1791096831510207213,1024,1024,3072,fp32,"U(-1,1)",30,10000,256,0.5,320000,160385,153431,6954,0,153431,153431,153431,153431,153431,146866,6954,6954,6954,6954,0,160385,160385,0,40799615,160385,160385,0,159615,146866,1.0,1.0,0.9572120366809836,0.9572120366809836,1.0,1.0,0.0,0.0,1.0,1.0,0.0,0.0,0.9157090750381893,0.9157090750381893,0.043358169404869536,0.0,2.3850339620223437e-06,5.39,linear_centered_per_block
20261004T065352Z,2026-10-04T06:53:52.230119+00:00,20812aef948eaa8d0f8bc34d3ad2eeddd8c87d07,atlas-47,npu:0,2.7.1+cpu,2.7.1.post10,3.9.9,8995649691437176709,1791096831510207213,1024,1024,4096,bf16,"N(1,1)",7,10000,256,0.5,320000,160167,160167,0,0,160167,160167,0,160167,0,0,0,0,0,0,0,160167,0,0,40799833,160167,0,0,159833,0,0.0,0.0,0.0,,,,,,0.0,0.0,0.0,0.0,0.0,,0.0,0.0,0.008,5.39,linear_centered_per_block
20261004T065352Z,2026-10-04T06:53:52.230119+00:00,20812aef948eaa8d0f8bc34d3ad2eeddd8c87d07,atlas-47,npu:0,2.7.1+cpu,2.7.1.post10,3.9.9,920334391877574557,1791096831510207213,1024,1024,4096,bf16,"N(1,1)",8,10000,256,0.5,320000,159938,159938,0,0,159938,159938,0,159938,0,0,0,0,0,0,0,159938,0,0,40800062,159938,0,0,160062,0,0.0,0.0,0.0,,,,,,0.0,0.0,0.0,0.0,0.0,,0.0,0.0,0.008,5.39,linear_centered_per_block
20261004T065352Z,2026-10-04T06:53:52.230119+00:00,20812aef948eaa8d0f8bc34d3ad2eeddd8c87d07,atlas-47,npu:0,2.7.1+cpu,2.7.1.post10,3.9.9,3153124704502932020,1791096831510207213,1024,1024,4096,bf16,"N(1,1)",9,10000,256,0.5,320000,160456,160456,0,0,160456,160456,160456,160456,160456,157173,0,0,0,0,0,160456,160456,0,40799544,160456,160456,0,159544,157173,1.0,1.0,0.9795395622475943,0.9795395622475943,,,,,1.0,1.0,0.0,0.0,0.9795395622475943,0.9795395622475943,0.0,0.0,0.008,5.39,linear_centered_per_block
20261004T065352Z,2026-10-04T06:53:52.230119+00:00,20812aef948eaa8d0f8bc34d3ad2eeddd8c87d07,atlas-47,npu:0,2.7.1+cpu,2.7.1.post10,3.9.9,8191639060820842741,1791096831510207213,1024,1024,4096,bf16,"N(1,1)",10,10000,256,0.5,320000,159276,159276,0,0,159276,159276,0,159276,0,0,0,0,0,0,0,159276,0,0,40800724,159276,0,0,160724,0,0.0,0.0,0.0,,,,,,0.0,0.0,0.0,0.0,0.0,,0.0,0.0,0.008,5.39,linear_centered_per_block
20261004T065352Z,2026-10-04T06:53:52.230119+00:00,20812aef948eaa8d0f8bc34d3ad2eeddd8c87d07,atlas-47,npu:0,2.7.1+cpu,2.7.1.post10,3.9.9,6750228052185475478,1791096831510207213,1024,1024,4096,bf16,"N(1,1)",11,10000,256,0.5,320000,159408,159408,0,0,159408,159408,159408,159408,159408,159408,0,0,0,0,0,159408,159408,0,40800592,159408,159408,0,160592,159408,1.0,1.0,1.0,1.0,,,,,1.0,1.0,0.0,0.0,1.0,1.0,0.0,0.0,0.008,5.39,linear_centered_per_block
20261004T065352Z,2026-10-04T06:53:52.230119+00:00,20812aef948eaa8d0f8bc34d3ad2eeddd8c87d07,atlas-47,npu:0,2.7.1+cpu,2.7.1.post10,3.9.9,6121333126541643313,1791096831510207213,1024,1024,4096,bf16,"N(1,1)",12,10000,256,0.5,320000,160476,160476,0,0,160476,160476,160476,160476,160476,160476,0,0,0,0,0,160476,160476,0,40799524,160476,160476,0,159524,160476,1.0,1.0,1.0,1.0,,,,,1.0,1.0,0.0,0.0,1.0,1.0,0.0,0.0,0.008,5.39,linear_centered_per_block
20261004T065352Z,2026-10-04T06:53:52.230119+00:00,20812aef948eaa8d0f8bc34d3ad2eeddd8c87d07,atlas-47,npu:0,2.7.1+cpu,2.7.1.post10,3.9.9,2012005875972219850,1791096831510207213,1024,1024,4096,bf16,"N(1,1)",13,10000,256,0.5,320000,159861,159861,0,0,159861,159861,159861,159861,159861,159861,0,0,0,0,0,159861,159861,0,40800139,159861,159861,0,160139,159861,1.0,1.0,1.0,1.0,,,,,1.0,1.0,0.0,0.0,1.0,1.0,0.0,0.0,0.008,5.39,linear_centered_per_block
20261004T065352Z,2026-10-04T06:53:52.230119+00:00,20812aef948eaa8d0f8bc34d3ad2eeddd8c87d07,atlas-47,npu:0,2.7.1+cpu,2.7.1.post10,3.9.9,5040443880300708555,1791096831510207213,1024,1024,4096,bf16,"N(1,1)",14,10000,256,0.5,320000,160335,160335,0,0,160335,160335,0,160335,0,0,0,0,0,0,0,160335,0,0,40799665,160335,0,0,159665,0,0.0,0.0,0.0,,,,,,0.0,0.0,0.0,0.0,0.0,,0.0,0.0,0.008,5.39,linear_centered_per_block
20261004T065352Z,2026-10-04T06:53:52.230119+00:00,20812aef948eaa8d0f8bc34d3ad2eeddd8c87d07,atlas-47,npu:0,2.7.1+cpu,2.7.1.post10,3.9.9,4913843232623662752,1791096831510207213,1024,1024,4096,bf16,"N(1e-6,1)",7,10000,256,0.5,320000,159850,159850,0,0,159850,159850,0,159850,0,0,0,0,0,0,0,159850,0,0,40800150,159850,0,0,160150,0,0.0,0.0,0.0,,,,,,0.0,0.0,0.0,0.0,0.0,,0.0,0.0,0.008,5.39,linear_centered_per_block
20261004T065352Z,2026-10-04T06:53:52.230119+00:00,20812aef948eaa8d0f8bc34d3ad2eeddd8c87d07,atlas-47,npu:0,2.7.1+cpu,2.7.1.post10,3.9.9,1827059085764792029,1791096831510207213,1024,1024,4096,bf16,"N(1e-6,1)",8,10000,256,0.5,320000,160007,160007,0,0,160007,160007,0,160007,0,0,0,0,0,0,0,160007,0,0,40799993,160007,0,0,159993,0,0.0,0.0,0.0,,,,,,0.0,0.0,0.0,0.0,0.0,,0.0,0.0,0.008,5.39,linear_centered_per_block
20261004T065352Z,2026-10-04T06:53:52.230119+00:00,20812aef948eaa8d0f8bc34d3ad2eeddd8c87d07,atlas-47,npu:0,2.7.1+cpu,2.7.1.post10,3.9.9,3305024836162008524,1791096831510207213,1024,1024,4096,bf16,"N(1e-6,1)",9,10000,256,0.5,320000,159758,159758,0,0,159758,159758,0,159758,0,0,0,0,0,0,0,159758,0,0,40800242,159758,0,0,160242,0,0.0,0.0,0.0,,,,,,0.0,0.0,0.0,0.0,0.0,,0.0,0.0,0.008,5.39,linear_centered_per_block
20261004T065352Z,2026-10-04T06:53:52.230119+00:00,20812aef948eaa8d0f8bc34d3ad2eeddd8c87d07,atlas-47,npu:0,2.7.1+cpu,2.7.1.post10,3.9.9,802621708480453353,1791096831510207213,1024,1024,4096,bf16,"N(1e-6,1)",10,10000,256,0.5,320000,159677,159677,0,0,159677,159677,154947,159677,154947,154836,0,0,0,0,0,159677,154947,0,40800323,159677,154947,0,160323,154836,0.9703776999818383,0.9703776999818383,0.9696825466410316,0.9992836260140564,,,,,0.9703776999818383,0.9703776999818383,0.0,0.0,0.9696825466410316,0.9992836260140564,0.0,0.0,0.008,5.39,linear_centered_per_block
20261004T065352Z,2026-10-04T06:53:52.230119+00:00,20812aef948eaa8d0f8bc34d3ad2eeddd8c87d07,atlas-47,npu:0,2.7.1+cpu,2.7.1.post10,3.9.9,4193620930544991361,1791096831510207213,1024,1024,4096,bf16,"N(1e-6,1)",11,10000,256,0.5,320000,159983,159983,0,0,159983,159983,155967,159983,155967,155967,0,0,0,0,0,159983,155967,0,40800017,159983,155967,0,160017,155967,0.9748973328416144,0.9748973328416144,0.9748973328416144,1.0,,,,,0.9748973328416144,0.9748973328416144,0.0,0.0,0.9748973328416144,1.0,0.0,0.0,0.008,5.39,linear_centered_per_block
20261004T065352Z,2026-10-04T06:53:52.230119+00:00,20812aef948eaa8d0f8bc34d3ad2eeddd8c87d07,atlas-47,npu:0,2.7.1+cpu,2.7.1.post10,3.9.9,555548537165518730,1791096831510207213,1024,1024,4096,bf16,"N(1e-6,1)",12,10000,256,0.5,320000,160067,160067,0,0,160067,160067,156111,160067,156111,156111,0,0,0,0,0,160067,156111,0,40799933,160067,156111,0,159933,156111,0.9752853492599973,0.9752853492599973,0.9752853492599973,1.0,,,,,0.9752853492599973,0.9752853492599973,0.0,0.0,0.9752853492599973,1.0,0.0,0.0,0.008,5.39,linear_centered_per_block
20261004T065352Z,2026-10-04T06:53:52.230119+00:00,20812aef948eaa8d0f8bc34d3ad2eeddd8c87d07,atlas-47,npu:0,2.7.1+cpu,2.7.1.post10,3.9.9,8992420896441394167,1791096831510207213,1024,1024,4096,bf16,"N(1e-6,1)",13,10000,256,0.5,320000,160140,160140,0,0,160140,160140,156229,160140,156229,156229,0,0,0,0,0,160140,156229,0,40799860,160140,156229,0,159860,156229,0.975577619582865,0.975577619582865,0.975577619582865,1.0,,,,,0.975577619582865,0.975577619582865,0.0,0.0,0.975577619582865,1.0,0.0,0.0,0.008,5.39,linear_centered_per_block
20261004T065352Z,2026-10-04T06:53:52.230119+00:00,20812aef948eaa8d0f8bc34d3ad2eeddd8c87d07,atlas-47,npu:0,2.7.1+cpu,2.7.1.post10,3.9.9,2006817240715740635,1791096831510207213,1024,1024,4096,bf16,"N(1e-6,1)",14,10000,256,0.5,320000,159883,157907,1976,11,157896,157907,2051,157907,2051,78,1976,1976,1976,1976,0,159883,4027,0,40800117,159883,4027,0,160117,78,0.012988657880904583,0.012988657880904583,0.0004939616356462981,0.03803022915650902,1.0,1.0,0.0,0.0,0.025187168116685327,0.025187168116685327,0.0,0.0,0.00048785674524496036,0.01936925751179538,0.012359037546205662,6.880031022685338e-05,0.008,5.39,linear_centered_per_block
20261004T065352Z,2026-10-04T06:53:52.230119+00:00,20812aef948eaa8d0f8bc34d3ad2eeddd8c87d07,atlas-47,npu:0,2.7.1+cpu,2.7.1.post10,3.9.9,1964513253106480438,1791096831510207213,1024,1024,4096,bf16,TruncN,7,10000,256,0.5,320000,159841,159841,0,0,159841,159841,0,159841,0,0,0,0,0,0,0,159841,0,0,40800159,159841,0,0,160159,0,0.0,0.0,0.0,,,,,,0.0,0.0,0.0,0.0,0.0,,0.0,0.0,0.008,5.39,linear_centered_per_block
20261004T065352Z,2026-10-04T06:53:52.230119+00:00,20812aef948eaa8d0f8bc34d3ad2eeddd8c87d07,atlas-47,npu:0,2.7.1+cpu,2.7.1.post10,3.9.9,7332876205619274637,1791096831510207213,1024,1024,4096,bf16,TruncN,8,10000,256,0.5,320000,159854,159854,0,0,159854,159854,0,159854,0,0,0,0,0,0,0,159854,0,0,40800146,159854,0,0,160146,0,0.0,0.0,0.0,,,,,,0.0,0.0,0.0,0.0,0.0,,0.0,0.0,0.008,5.39,linear_centered_per_block
20261004T065352Z,2026-10-04T06:53:52.230119+00:00,20812aef948eaa8d0f8bc34d3ad2eeddd8c87d07,atlas-47,npu:0,2.7.1+cpu,2.7.1.post10,3.9.9,7578073757855333333,1791096831510207213,1024,1024,4096,bf16,TruncN,9,10000,256,0.5,320000,159812,159812,0,0,159812,159812,159812,159812,159812,156030,0,0,0,0,0,159812,159812,0,40800188,159812,159812,0,160188,156030,1.0,1.0,0.9763346932645859,0.9763346932645859,,,,,1.0,1.0,0.0,0.0,0.9763346932645859,0.9763346932645859,0.0,0.0,0.008,5.39,linear_centered_per_block
20261004T065352Z,2026-10-04T06:53:52.230119+00:00,20812aef948eaa8d0f8bc34d3ad2eeddd8c87d07,atlas-47,npu:0,2.7.1+cpu,2.7.1.post10,3.9.9,4014696871277518708,1791096831510207213,1024,1024,4096,bf16,TruncN,10,10000,256,0.5,320000,160081,160081,0,0,160081,160081,0,160081,0,0,0,0,0,0,0,160081,0,0,40799919,160081,0,0,159919,0,0.0,0.0,0.0,,,,,,0.0,0.0,0.0,0.0,0.0,,0.0,0.0,0.008,5.39,linear_centered_per_block
20261004T065352Z,2026-10-04T06:53:52.230119+00:00,20812aef948eaa8d0f8bc34d3ad2eeddd8c87d07,atlas-47,npu:0,2.7.1+cpu,2.7.1.post10,3.9.9,7998202611818188699,1791096831510207213,1024,1024,4096,bf16,TruncN,11,10000,256,0.5,320000,160168,160168,0,0,160168,160168,160168,160168,160168,160168,0,0,0,0,0,160168,160168,0,40799832,160168,160168,0,159832,160168,1.0,1.0,1.0,1.0,,,,,1.0,1.0,0.0,0.0,1.0,1.0,0.0,0.0,0.008,5.39,linear_centered_per_block
20261004T065352Z,2026-10-04T06:53:52.230119+00:00,20812aef948eaa8d0f8bc34d3ad2eeddd8c87d07,atlas-47,npu:0,2.7.1+cpu,2.7.1.post10,3.9.9,495819317065647576,1791096831510207213,1024,1024,4096,bf16,TruncN,12,10000,256,0.5,320000,159966,159966,0,0,159966,159966,159966,159966,159966,159966,0,0,0,0,0,159966,159966,0,40800034,159966,159966,0,160034,159966,1.0,1.0,1.0,1.0,,,,,1.0,1.0,0.0,0.0,1.0,1.0,0.0,0.0,0.008,5.39,linear_centered_per_block
20261004T065352Z,2026-10-04T06:53:52.230119+00:00,20812aef948eaa8d0f8bc34d3ad2eeddd8c87d07,atlas-47,npu:0,2.7.1+cpu,2.7.1.post10,3.9.9,2961624506620683812,1791096831510207213,1024,1024,4096,bf16,TruncN,13,10000,256,0.5,320000,160281,160281,0,0,160281,160281,160281,160281,160281,160281,0,0,0,0,0,160281,160281,0,40799719,160281,160281,0,159719,160281,1.0,1.0,1.0,1.0,,,,,1.0,1.0,0.0,0.0,1.0,1.0,0.0,0.0,0.008,5.39,linear_centered_per_block
20261004T065352Z,2026-10-04T06:53:52.230119+00:00,20812aef948eaa8d0f8bc34d3ad2eeddd8c87d07,atlas-47,npu:0,2.7.1+cpu,2.7.1.post10,3.9.9,6369763143833329579,1791096831510207213,1024,1024,4096,bf16,TruncN,14,10000,256,0.5,320000,160341,160341,0,0,160341,160341,0,160341,0,0,0,0,0,0,0,160341,0,0,40799659,160341,0,0,159659,0,0.0,0.0,0.0,,,,,,0.0,0.0,0.0,0.0,0.0,,0.0,0.0,0.008,5.39,linear_centered_per_block
20261004T065352Z,2026-10-04T06:53:52.230119+00:00,20812aef948eaa8d0f8bc34d3ad2eeddd8c87d07,atlas-47,npu:0,2.7.1+cpu,2.7.1.post10,3.9.9,6911212459173040383,1791096831510207213,1024,1024,4096,bf16,"U(-1,1)",7,10000,256,0.5,320000,160185,160185,0,0,160185,160185,0,160185,0,0,0,0,0,0,0,160185,0,0,40799815,160185,0,0,159815,0,0.0,0.0,0.0,,,,,,0.0,0.0,0.0,0.0,0.0,,0.0,0.0,0.008,5.39,linear_centered_per_block
20261004T065352Z,2026-10-04T06:53:52.230119+00:00,20812aef948eaa8d0f8bc34d3ad2eeddd8c87d07,atlas-47,npu:0,2.7.1+cpu,2.7.1.post10,3.9.9,1931068259081857060,1791096831510207213,1024,1024,4096,bf16,"U(-1,1)",8,10000,256,0.5,320000,159509,159509,0,0,159509,159509,21398,159509,21398,15384,0,0,0,0,0,159509,21398,0,40800491,159509,21398,0,160491,15384,0.13414917026625456,0.13414917026625456,0.09644596856603703,0.7189456958594261,,,,,0.13414917026625456,0.13414917026625456,0.0,0.0,0.09644596856603703,0.7189456958594261,0.0,0.0,0.008,5.39,linear_centered_per_block
20261004T065352Z,2026-10-04T06:53:52.230119+00:00,20812aef948eaa8d0f8bc34d3ad2eeddd8c87d07,atlas-47,npu:0,2.7.1+cpu,2.7.1.post10,3.9.9,1360254548087873268,1791096831510207213,1024,1024,4096,bf16,"U(-1,1)",9,10000,256,0.5,320000,159651,159651,0,0,159651,159651,110200,159651,110200,96529,0,0,0,0,0,159651,110200,0,40800349,159651,110200,0,160349,96529,0.6902556200712805,0.6902556200712805,0.6046250884742345,0.8759437386569873,,,,,0.6902556200712805,0.6902556200712805,0.0,0.0,0.6046250884742345,0.8759437386569873,0.0,0.0,0.008,5.39,linear_centered_per_block
20261004T065352Z,2026-10-04T06:53:52.230119+00:00,20812aef948eaa8d0f8bc34d3ad2eeddd8c87d07,atlas-47,npu:0,2.7.1+cpu,2.7.1.post10,3.9.9,6829530007338484578,1791096831510207213,1024,1024,4096,bf16,"U(-1,1)",10,10000,256,0.5,320000,160489,160489,0,0,160489,160489,148718,160489,148718,148718,0,0,0,0,0,160489,148718,0,40799511,160489,148718,0,159511,148718,0.9266554094050059,0.9266554094050059,0.9266554094050059,1.0,,,,,0.9266554094050059,0.9266554094050059,0.0,0.0,0.9266554094050059,1.0,0.0,0.0,0.008,5.39,linear_centered_per_block
20261004T065352Z,2026-10-04T06:53:52.230119+00:00,20812aef948eaa8d0f8bc34d3ad2eeddd8c87d07,atlas-47,npu:0,2.7.1+cpu,2.7.1.post10,3.9.9,8643896736231387176,1791096831510207213,1024,1024,4096,bf16,"U(-1,1)",11,10000,256,0.5,320000,159725,159725,0,0,159725,159725,147989,159725,147989,147989,0,0,0,0,0,159725,147989,0,40800275,159725,147989,0,160275,147989,0.9265237126310847,0.9265237126310847,0.9265237126310847,1.0,,,,,0.9265237126310847,0.9265237126310847,0.0,0.0,0.9265237126310847,1.0,0.0,0.0,0.008,5.39,linear_centered_per_block
20261004T065352Z,2026-10-04T06:53:52.230119+00:00,20812aef948eaa8d0f8bc34d3ad2eeddd8c87d07,atlas-47,npu:0,2.7.1+cpu,2.7.1.post10,3.9.9,5784579742069910067,1791096831510207213,1024,1024,4096,bf16,"U(-1,1)",12,10000,256,0.5,320000,160877,160877,0,0,160877,160877,148860,160877,148860,148860,0,0,0,0,0,160877,148860,0,40799123,160877,148860,0,159123,148860,0.9253031819340242,0.9253031819340242,0.9253031819340242,1.0,,,,,0.9253031819340242,0.9253031819340242,0.0,0.0,0.9253031819340242,1.0,0.0,0.0,0.008,5.39,linear_centered_per_block
20261004T065352Z,2026-10-04T06:53:52.230119+00:00,20812aef948eaa8d0f8bc34d3ad2eeddd8c87d07,atlas-47,npu:0,2.7.1+cpu,2.7.1.post10,3.9.9,1456121363268659645,1791096831510207213,1024,1024,4096,bf16,"U(-1,1)",13,10000,256,0.5,320000,160282,160282,0,0,160282,160282,148411,160282,148411,148411,0,0,0,0,0,160282,148411,0,40799718,160282,148411,0,159718,148411,0.9259367864139454,0.9259367864139454,0.9259367864139454,1.0,,,,,0.9259367864139454,0.9259367864139454,0.0,0.0,0.9259367864139454,1.0,0.0,0.0,0.008,5.39,linear_centered_per_block
20261004T065352Z,2026-10-04T06:53:52.230119+00:00,20812aef948eaa8d0f8bc34d3ad2eeddd8c87d07,atlas-47,npu:0,2.7.1+cpu,2.7.1.post10,3.9.9,5204623024858244779,1791096831510207213,1024,1024,4096,bf16,"U(-1,1)",14,10000,256,0.5,320000,160198,154258,5940,24,154234,154258,6164,154258,6164,338,5940,5940,5940,5940,0,160198,12104,0,40799802,160198,12104,0,159802,338,0.03995902967755319,0.03995902967755319,0.0021911343333895165,0.05483452303698897,1.0,1.0,0.0,0.0,0.07555649883269454,0.07555649883269454,0.0,0.0,0.0021098890123472202,0.027924653007270324,0.037079114595687836,0.00014981460442702155,0.008,5.39,linear_centered_per_block
20261004T065352Z,2026-10-04T06:53:52.230119+00:00,20812aef948eaa8d0f8bc34d3ad2eeddd8c87d07,atlas-47,npu:0,2.7.1+cpu,2.7.1.post10,3.9.9,1131099258335383542,1791096831510207213,1024,1024,4096,fp32,"N(1,1)",23,10000,256,0.5,320000,160654,160654,0,0,160654,160654,160654,160654,160654,160654,0,0,0,0,0,160654,160654,0,40799346,160654,160654,0,159346,160654,1.0,1.0,1.0,1.0,,,,,1.0,1.0,0.0,0.0,1.0,1.0,0.0,0.0,2.754e-06,5.39,linear_centered_per_block
20261004T065352Z,2026-10-04T06:53:52.230119+00:00,20812aef948eaa8d0f8bc34d3ad2eeddd8c87d07,atlas-47,npu:0,2.7.1+cpu,2.7.1.post10,3.9.9,1544394641620392467,1791096831510207213,1024,1024,4096,fp32,"N(1,1)",24,10000,256,0.5,320000,160103,160103,0,0,160103,160103,160103,160103,160103,160103,0,0,0,0,0,160103,160103,0,40799897,160103,160103,0,159897,160103,1.0,1.0,1.0,1.0,,,,,1.0,1.0,0.0,0.0,1.0,1.0,0.0,0.0,2.754e-06,5.39,linear_centered_per_block
20261004T065352Z,2026-10-04T06:53:52.230119+00:00,20812aef948eaa8d0f8bc34d3ad2eeddd8c87d07,atlas-47,npu:0,2.7.1+cpu,2.7.1.post10,3.9.9,2714481322942032240,1791096831510207213,1024,1024,4096,fp32,"N(1,1)",25,10000,256,0.5,320000,160217,160217,0,0,160217,160217,160217,160217,160217,160217,0,0,0,0,0,160217,160217,0,40799783,160217,160217,0,159783,160217,1.0,1.0,1.0,1.0,,,,,1.0,1.0,0.0,0.0,1.0,1.0,0.0,0.0,2.754e-06,5.39,linear_centered_per_block
20261004T065352Z,2026-10-04T06:53:52.230119+00:00,20812aef948eaa8d0f8bc34d3ad2eeddd8c87d07,atlas-47,npu:0,2.7.1+cpu,2.7.1.post10,3.9.9,2397626847187285223,1791096831510207213,1024,1024,4096,fp32,"N(1,1)",26,10000,256,0.5,320000,160161,160161,0,0,160161,160161,160161,160161,160161,160161,0,0,0,0,0,160161,160161,0,40799839,160161,160161,0,159839,160161,1.0,1.0,1.0,1.0,,,,,1.0,1.0,0.0,0.0,1.0,1.0,0.0,0.0,2.754e-06,5.39,linear_centered_per_block
20261004T065352Z,2026-10-04T06:53:52.230119+00:00,20812aef948eaa8d0f8bc34d3ad2eeddd8c87d07,atlas-47,npu:0,2.7.1+cpu,2.7.1.post10,3.9.9,2321338062056760654,1791096831510207213,1024,1024,4096,fp32,"N(1,1)",27,10000,256,0.5,320000,160055,160055,0,0,160055,160055,160055,160055,160055,160055,0,0,0,0,0,160055,160055,0,40799945,160055,160055,0,159945,160055,1.0,1.0,1.0,1.0,,,,,1.0,1.0,0.0,0.0,1.0,1.0,0.0,0.0,2.754e-06,5.39,linear_centered_per_block
20261004T065352Z,2026-10-04T06:53:52.230119+00:00,20812aef948eaa8d0f8bc34d3ad2eeddd8c87d07,atlas-47,npu:0,2.7.1+cpu,2.7.1.post10,3.9.9,3823892241193015505,1791096831510207213,1024,1024,4096,fp32,"N(1,1)",28,10000,256,0.5,320000,159823,159823,0,0,159823,159823,159823,159823,159823,159823,0,0,0,0,0,159823,159823,0,40800177,159823,159823,0,160177,159823,1.0,1.0,1.0,1.0,,,,,1.0,1.0,0.0,0.0,1.0,1.0,0.0,0.0,2.754e-06,5.39,linear_centered_per_block
20261004T065352Z,2026-10-04T06:53:52.230119+00:00,20812aef948eaa8d0f8bc34d3ad2eeddd8c87d07,atlas-47,npu:0,2.7.1+cpu,2.7.1.post10,3.9.9,1059233169371340757,1791096831510207213,1024,1024,4096,fp32,"N(1,1)",29,10000,256,0.5,320000,159472,159472,0,0,159472,159472,159472,159472,159472,159472,0,0,0,0,0,159472,159472,0,40800528,159472,159472,0,160528,159472,1.0,1.0,1.0,1.0,,,,,1.0,1.0,0.0,0.0,1.0,1.0,0.0,0.0,2.754e-06,5.39,linear_centered_per_block
20261004T065352Z,2026-10-04T06:53:52.230119+00:00,20812aef948eaa8d0f8bc34d3ad2eeddd8c87d07,atlas-47,npu:0,2.7.1+cpu,2.7.1.post10,3.9.9,9206242003720669969,1791096831510207213,1024,1024,4096,fp32,"N(1,1)",30,10000,256,0.5,320000,159889,159889,0,0,159889,159889,159889,159889,159889,159889,0,0,0,0,0,159889,159889,0,40800111,159889,159889,0,160111,159889,1.0,1.0,1.0,1.0,,,,,1.0,1.0,0.0,0.0,1.0,1.0,0.0,0.0,2.754e-06,5.39,linear_centered_per_block
20261004T065352Z,2026-10-04T06:53:52.230119+00:00,20812aef948eaa8d0f8bc34d3ad2eeddd8c87d07,atlas-47,npu:0,2.7.1+cpu,2.7.1.post10,3.9.9,3961460641714790058,1791096831510207213,1024,1024,4096,fp32,"N(1e-6,1)",23,10000,256,0.5,320000,160465,160465,0,0,160465,160465,159627,160465,159627,159577,0,0,0,0,0,160465,159627,0,40799535,160465,159627,0,159535,159577,0.9947776773751286,0.9947776773751286,0.9944660829464369,0.9996867697820544,,,,,0.9947776773751286,0.9947776773751286,0.0,0.0,0.9944660829464369,0.9996867697820544,0.0,0.0,2.754e-06,5.39,linear_centered_per_block
20261004T065352Z,2026-10-04T06:53:52.230119+00:00,20812aef948eaa8d0f8bc34d3ad2eeddd8c87d07,atlas-47,npu:0,2.7.1+cpu,2.7.1.post10,3.9.9,7552717908261478867,1791096831510207213,1024,1024,4096,fp32,"N(1e-6,1)",24,10000,256,0.5,320000,160032,160032,0,0,160032,160032,159788,160032,159788,159771,0,0,0,0,0,160032,159788,0,40799968,160032,159788,0,159968,159771,0.9984753049390122,0.9984753049390122,0.998369076184763,0.9998936090319673,,,,,0.9984753049390122,0.9984753049390122,0.0,0.0,0.998369076184763,0.9998936090319673,0.0,0.0,2.754e-06,5.39,linear_centered_per_block
20261004T065352Z,2026-10-04T06:53:52.230119+00:00,20812aef948eaa8d0f8bc34d3ad2eeddd8c87d07,atlas-47,npu:0,2.7.1+cpu,2.7.1.post10,3.9.9,1734488956833633744,1791096831510207213,1024,1024,4096,fp32,"N(1e-6,1)",25,10000,256,0.5,320000,160141,160141,0,0,160141,160141,159908,160141,159908,159860,0,0,0,0,0,160141,159908,0,40799859,160141,159908,0,159859,159860,0.9985450321903823,0.9985450321903823,0.9982452963326068,0.9996998274007555,,,,,0.9985450321903823,0.9985450321903823,0.0,0.0,0.9982452963326068,0.9996998274007555,0.0,0.0,2.754e-06,5.39,linear_centered_per_block
20261004T065352Z,2026-10-04T06:53:52.230119+00:00,20812aef948eaa8d0f8bc34d3ad2eeddd8c87d07,atlas-47,npu:0,2.7.1+cpu,2.7.1.post10,3.9.9,8245639368065851590,1791096831510207213,1024,1024,4096,fp32,"N(1e-6,1)",26,10000,256,0.5,320000,160406,160406,0,0,160406,160406,160016,160406,160016,159969,0,0,0,0,0,160406,160016,0,40799594,160406,160016,0,159594,159969,0.9975686695011409,0.9975686695011409,0.9972756630051245,0.9997062793720628,,,,,0.9975686695011409,0.9975686695011409,0.0,0.0,0.9972756630051245,0.9997062793720628,0.0,0.0,2.754e-06,5.39,linear_centered_per_block
20261004T065352Z,2026-10-04T06:53:52.230119+00:00,20812aef948eaa8d0f8bc34d3ad2eeddd8c87d07,atlas-47,npu:0,2.7.1+cpu,2.7.1.post10,3.9.9,7156307247165502639,1791096831510207213,1024,1024,4096,fp32,"N(1e-6,1)",27,10000,256,0.5,320000,159591,159591,0,0,159591,159591,159152,159591,159152,159103,0,0,0,0,0,159591,159152,0,40800409,159591,159152,0,160409,159103,0.997249218314316,0.997249218314316,0.9969421834564606,0.999692118226601,,,,,0.997249218314316,0.997249218314316,0.0,0.0,0.9969421834564606,0.999692118226601,0.0,0.0,2.754e-06,5.39,linear_centered_per_block
20261004T065352Z,2026-10-04T06:53:52.230119+00:00,20812aef948eaa8d0f8bc34d3ad2eeddd8c87d07,atlas-47,npu:0,2.7.1+cpu,2.7.1.post10,3.9.9,2554981222062396516,1791096831510207213,1024,1024,4096,fp32,"N(1e-6,1)",28,10000,256,0.5,320000,160097,160097,0,0,160097,160097,159679,160097,159679,159631,0,0,0,0,0,160097,159679,0,40799903,160097,159679,0,159903,159631,0.9973890828685109,0.9973890828685109,0.997089264633316,0.9996993969150608,,,,,0.9973890828685109,0.9973890828685109,0.0,0.0,0.997089264633316,0.9996993969150608,0.0,0.0,2.754e-06,5.39,linear_centered_per_block
20261004T065352Z,2026-10-04T06:53:52.230119+00:00,20812aef948eaa8d0f8bc34d3ad2eeddd8c87d07,atlas-47,npu:0,2.7.1+cpu,2.7.1.post10,3.9.9,5862657886903684899,1791096831510207213,1024,1024,4096,fp32,"N(1e-6,1)",29,10000,256,0.5,320000,159889,159889,0,0,159889,159889,159453,159889,159453,159412,0,0,0,0,0,159889,159453,0,40800111,159889,159453,0,160111,159412,0.9972731082188269,0.9972731082188269,0.9970166803219733,0.9997428709400262,,,,,0.9972731082188269,0.9972731082188269,0.0,0.0,0.9970166803219733,0.9997428709400262,0.0,0.0,2.754e-06,5.39,linear_centered_per_block
20261004T065352Z,2026-10-04T06:53:52.230119+00:00,20812aef948eaa8d0f8bc34d3ad2eeddd8c87d07,atlas-47,npu:0,2.7.1+cpu,2.7.1.post10,3.9.9,4237719874073121807,1791096831510207213,1024,1024,4096,fp32,"N(1e-6,1)",30,10000,256,0.5,320000,159396,157389,2007,0,157389,157389,157389,157389,157389,155513,2007,2007,2007,2007,0,159396,159396,0,40800604,159396,159396,0,160604,155513,1.0,1.0,0.9880804884712401,0.9880804884712401,1.0,1.0,0.0,0.0,1.0,1.0,0.0,0.0,0.975639288313383,0.975639288313383,0.012591282089889333,0.0,2.754e-06,5.39,linear_centered_per_block
20261004T065352Z,2026-10-04T06:53:52.230119+00:00,20812aef948eaa8d0f8bc34d3ad2eeddd8c87d07,atlas-47,npu:0,2.7.1+cpu,2.7.1.post10,3.9.9,5004638980519272094,1791096831510207213,1024,1024,4096,fp32,TruncN,23,10000,256,0.5,320000,160240,160240,0,0,160240,160240,160240,160240,160240,160240,0,0,0,0,0,160240,160240,0,40799760,160240,160240,0,159760,160240,1.0,1.0,1.0,1.0,,,,,1.0,1.0,0.0,0.0,1.0,1.0,0.0,0.0,2.754e-06,5.39,linear_centered_per_block
20261004T065352Z,2026-10-04T06:53:52.230119+00:00,20812aef948eaa8d0f8bc34d3ad2eeddd8c87d07,atlas-47,npu:0,2.7.1+cpu,2.7.1.post10,3.9.9,8668561736126263166,1791096831510207213,1024,1024,4096,fp32,TruncN,24,10000,256,0.5,320000,159626,159626,0,0,159626,159626,159626,159626,159626,159626,0,0,0,0,0,159626,159626,0,40800374,159626,159626,0,160374,159626,1.0,1.0,1.0,1.0,,,,,1.0,1.0,0.0,0.0,1.0,1.0,0.0,0.0,2.754e-06,5.39,linear_centered_per_block
20261004T065352Z,2026-10-04T06:53:52.230119+00:00,20812aef948eaa8d0f8bc34d3ad2eeddd8c87d07,atlas-47,npu:0,2.7.1+cpu,2.7.1.post10,3.9.9,2910493730601887882,1791096831510207213,1024,1024,4096,fp32,TruncN,25,10000,256,0.5,320000,160222,160222,0,0,160222,160222,160222,160222,160222,160222,0,0,0,0,0,160222,160222,0,40799778,160222,160222,0,159778,160222,1.0,1.0,1.0,1.0,,,,,1.0,1.0,0.0,0.0,1.0,1.0,0.0,0.0,2.754e-06,5.39,linear_centered_per_block
20261004T065352Z,2026-10-04T06:53:52.230119+00:00,20812aef948eaa8d0f8bc34d3ad2eeddd8c87d07,atlas-47,npu:0,2.7.1+cpu,2.7.1.post10,3.9.9,1524829007584139188,1791096831510207213,1024,1024,4096,fp32,TruncN,26,10000,256,0.5,320000,160144,160144,0,0,160144,160144,160144,160144,160144,160144,0,0,0,0,0,160144,160144,0,40799856,160144,160144,0,159856,160144,1.0,1.0,1.0,1.0,,,,,1.0,1.0,0.0,0.0,1.0,1.0,0.0,0.0,2.754e-06,5.39,linear_centered_per_block
20261004T065352Z,2026-10-04T06:53:52.230119+00:00,20812aef948eaa8d0f8bc34d3ad2eeddd8c87d07,atlas-47,npu:0,2.7.1+cpu,2.7.1.post10,3.9.9,461937217439687379,1791096831510207213,1024,1024,4096,fp32,TruncN,27,10000,256,0.5,320000,159852,159852,0,0,159852,159852,159852,159852,159852,159852,0,0,0,0,0,159852,159852,0,40800148,159852,159852,0,160148,159852,1.0,1.0,1.0,1.0,,,,,1.0,1.0,0.0,0.0,1.0,1.0,0.0,0.0,2.754e-06,5.39,linear_centered_per_block
20261004T065352Z,2026-10-04T06:53:52.230119+00:00,20812aef948eaa8d0f8bc34d3ad2eeddd8c87d07,atlas-47,npu:0,2.7.1+cpu,2.7.1.post10,3.9.9,3784815173512215229,1791096831510207213,1024,1024,4096,fp32,TruncN,28,10000,256,0.5,320000,159900,159900,0,0,159900,159900,159900,159900,159900,159900,0,0,0,0,0,159900,159900,0,40800100,159900,159900,0,160100,159900,1.0,1.0,1.0,1.0,,,,,1.0,1.0,0.0,0.0,1.0,1.0,0.0,0.0,2.754e-06,5.39,linear_centered_per_block
20261004T065352Z,2026-10-04T06:53:52.230119+00:00,20812aef948eaa8d0f8bc34d3ad2eeddd8c87d07,atlas-47,npu:0,2.7.1+cpu,2.7.1.post10,3.9.9,1591900795661015445,1791096831510207213,1024,1024,4096,fp32,TruncN,29,10000,256,0.5,320000,160130,160130,0,0,160130,160130,160130,160130,160130,160130,0,0,0,0,0,160130,160130,0,40799870,160130,160130,0,159870,160130,1.0,1.0,1.0,1.0,,,,,1.0,1.0,0.0,0.0,1.0,1.0,0.0,0.0,2.754e-06,5.39,linear_centered_per_block
20261004T065352Z,2026-10-04T06:53:52.230119+00:00,20812aef948eaa8d0f8bc34d3ad2eeddd8c87d07,atlas-47,npu:0,2.7.1+cpu,2.7.1.post10,3.9.9,5597279828364218344,1791096831510207213,1024,1024,4096,fp32,TruncN,30,10000,256,0.5,320000,159978,159978,0,0,159978,159978,159978,159978,159978,159978,0,0,0,0,0,159978,159978,0,40800022,159978,159978,0,160022,159978,1.0,1.0,1.0,1.0,,,,,1.0,1.0,0.0,0.0,1.0,1.0,0.0,0.0,2.754e-06,5.39,linear_centered_per_block
20261004T065352Z,2026-10-04T06:53:52.230119+00:00,20812aef948eaa8d0f8bc34d3ad2eeddd8c87d07,atlas-47,npu:0,2.7.1+cpu,2.7.1.post10,3.9.9,6236112314470026907,1791096831510207213,1024,1024,4096,fp32,"U(-1,1)",23,10000,256,0.5,320000,159743,159743,0,0,159743,159743,159578,159743,159578,159334,0,0,0,0,0,159743,159578,0,40800257,159743,159578,0,160257,159334,0.9989670908897417,0.9989670908897417,0.997439637417602,0.9984709671759265,,,,,0.9989670908897417,0.9989670908897417,0.0,0.0,0.997439637417602,0.9984709671759265,0.0,0.0,2.754e-06,5.39,linear_centered_per_block
20261004T065352Z,2026-10-04T06:53:52.230119+00:00,20812aef948eaa8d0f8bc34d3ad2eeddd8c87d07,atlas-47,npu:0,2.7.1+cpu,2.7.1.post10,3.9.9,2887289537641112831,1791096831510207213,1024,1024,4096,fp32,"U(-1,1)",24,10000,256,0.5,320000,160375,160375,0,0,160375,160375,160317,160375,160317,160129,0,0,0,0,0,160375,160317,0,40799625,160375,160317,0,159625,160129,0.9996383476227592,0.9996383476227592,0.9984660950896337,0.9988273233655819,,,,,0.9996383476227592,0.9996383476227592,0.0,0.0,0.9984660950896337,0.9988273233655819,0.0,0.0,2.754e-06,5.39,linear_centered_per_block
20261004T065352Z,2026-10-04T06:53:52.230119+00:00,20812aef948eaa8d0f8bc34d3ad2eeddd8c87d07,atlas-47,npu:0,2.7.1+cpu,2.7.1.post10,3.9.9,3101918146757948888,1791096831510207213,1024,1024,4096,fp32,"U(-1,1)",25,10000,256,0.5,320000,160186,160186,0,0,160186,160186,160146,160186,160146,160136,0,0,0,0,0,160186,160146,0,40799814,160186,160146,0,159814,160136,0.9997502902875407,0.9997502902875407,0.9996878628594259,0.9999375569792565,,,,,0.9997502902875407,0.9997502902875407,0.0,0.0,0.9996878628594259,0.9999375569792565,0.0,0.0,2.754e-06,5.39,linear_centered_per_block
20261004T065352Z,2026-10-04T06:53:52.230119+00:00,20812aef948eaa8d0f8bc34d3ad2eeddd8c87d07,atlas-47,npu:0,2.7.1+cpu,2.7.1.post10,3.9.9,2114826337192034371,1791096831510207213,1024,1024,4096,fp32,"U(-1,1)",26,10000,256,0.5,320000,160275,160275,0,0,160275,160275,160156,160275,160156,160000,0,0,0,0,0,160275,160156,0,40799725,160275,160156,0,159725,160000,0.9992575261269693,0.9992575261269693,0.9982841990329122,0.9990259496990435,,,,,0.9992575261269693,0.9992575261269693,0.0,0.0,0.9982841990329122,0.9990259496990435,0.0,0.0,2.754e-06,5.39,linear_centered_per_block
20261004T065352Z,2026-10-04T06:53:52.230119+00:00,20812aef948eaa8d0f8bc34d3ad2eeddd8c87d07,atlas-47,npu:0,2.7.1+cpu,2.7.1.post10,3.9.9,6590881295114829272,1791096831510207213,1024,1024,4096,fp32,"U(-1,1)",27,10000,256,0.5,320000,159713,159713,0,0,159713,159713,159590,159713,159590,159464,0,0,0,0,0,159713,159590,0,40800287,159713,159590,0,160287,159464,0.9992298685767596,0.9992298685767596,0.9984409534602694,0.9992104768469202,,,,,0.9992298685767596,0.9992298685767596,0.0,0.0,0.9984409534602694,0.9992104768469202,0.0,0.0,2.754e-06,5.39,linear_centered_per_block
20261004T065352Z,2026-10-04T06:53:52.230119+00:00,20812aef948eaa8d0f8bc34d3ad2eeddd8c87d07,atlas-47,npu:0,2.7.1+cpu,2.7.1.post10,3.9.9,989833355658348550,1791096831510207213,1024,1024,4096,fp32,"U(-1,1)",28,10000,256,0.5,320000,160075,160075,0,0,160075,160075,159935,160075,159935,159797,0,0,0,0,0,160075,159935,0,40799925,160075,159935,0,159925,159797,0.9991254099640794,0.9991254099640794,0.998263314071529,0.999137149466971,,,,,0.9991254099640794,0.9991254099640794,0.0,0.0,0.998263314071529,0.999137149466971,0.0,0.0,2.754e-06,5.39,linear_centered_per_block
20261004T065352Z,2026-10-04T06:53:52.230119+00:00,20812aef948eaa8d0f8bc34d3ad2eeddd8c87d07,atlas-47,npu:0,2.7.1+cpu,2.7.1.post10,3.9.9,4025706231924038051,1791096831510207213,1024,1024,4096,fp32,"U(-1,1)",29,10000,256,0.5,320000,159581,159581,0,0,159581,159581,159428,159581,159428,159303,0,0,0,0,0,159581,159428,0,40800419,159581,159428,0,160419,159303,0.9990412392452735,0.9990412392452735,0.9982579379750722,0.9992159470105627,,,,,0.9990412392452735,0.9990412392452735,0.0,0.0,0.9982579379750722,0.9992159470105627,0.0,0.0,2.754e-06,5.39,linear_centered_per_block
20261004T065352Z,2026-10-04T06:53:52.230119+00:00,20812aef948eaa8d0f8bc34d3ad2eeddd8c87d07,atlas-47,npu:0,2.7.1+cpu,2.7.1.post10,3.9.9,478885796035706614,1791096831510207213,1024,1024,4096,fp32,"U(-1,1)",30,10000,256,0.5,320000,159833,153717,6116,0,153717,153717,153717,153717,153717,148054,6116,6116,6116,6116,0,159833,159833,0,40800167,159833,159833,0,160167,148054,1.0,1.0,0.9631595724610811,0.9631595724610811,1.0,1.0,0.0,0.0,1.0,1.0,0.0,0.0,0.9263043301445885,0.9263043301445885,0.03826493903011268,0.0,2.754e-06,5.39,linear_centered_per_block
20261004T065352Z,2026-10-04T06:53:52.230119+00:00,20812aef948eaa8d0f8bc34d3ad2eeddd8c87d07,atlas-47,npu:0,2.7.1+cpu,2.7.1.post10,3.9.9,7068726542737587099,1791096831510207213,1024,1024,6144,bf16,"N(1,1)",7,10000,256,0.5,320000,160121,160121,0,0,160121,160121,0,160121,0,0,0,0,0,0,0,160121,0,0,40799879,160121,0,0,159879,0,0.0,0.0,0.0,,,,,,0.0,0.0,0.0,0.0,0.0,,0.0,0.0,0.008,5.39,linear_centered_per_block
20261004T065352Z,2026-10-04T06:53:52.230119+00:00,20812aef948eaa8d0f8bc34d3ad2eeddd8c87d07,atlas-47,npu:0,2.7.1+cpu,2.7.1.post10,3.9.9,4331394151208573833,1791096831510207213,1024,1024,6144,bf16,"N(1,1)",8,10000,256,0.5,320000,159731,159731,0,0,159731,159731,0,159731,0,0,0,0,0,0,0,159731,0,0,40800269,159731,0,0,160269,0,0.0,0.0,0.0,,,,,,0.0,0.0,0.0,0.0,0.0,,0.0,0.0,0.008,5.39,linear_centered_per_block
20261004T065352Z,2026-10-04T06:53:52.230119+00:00,20812aef948eaa8d0f8bc34d3ad2eeddd8c87d07,atlas-47,npu:0,2.7.1+cpu,2.7.1.post10,3.9.9,4692034754379434907,1791096831510207213,1024,1024,6144,bf16,"N(1,1)",9,10000,256,0.5,320000,160048,160048,0,0,160048,160048,160048,160048,160048,158997,0,0,0,0,0,160048,160048,0,40799952,160048,160048,0,159952,158997,1.0,1.0,0.9934332200339898,0.9934332200339898,,,,,1.0,1.0,0.0,0.0,0.9934332200339898,0.9934332200339898,0.0,0.0,0.008,5.39,linear_centered_per_block
20261004T065352Z,2026-10-04T06:53:52.230119+00:00,20812aef948eaa8d0f8bc34d3ad2eeddd8c87d07,atlas-47,npu:0,2.7.1+cpu,2.7.1.post10,3.9.9,756541247770486054,1791096831510207213,1024,1024,6144,bf16,"N(1,1)",10,10000,256,0.5,320000,160357,160357,0,0,160357,160357,0,160357,0,0,0,0,0,0,0,160357,0,0,40799643,160357,0,0,159643,0,0.0,0.0,0.0,,,,,,0.0,0.0,0.0,0.0,0.0,,0.0,0.0,0.008,5.39,linear_centered_per_block
20261004T065352Z,2026-10-04T06:53:52.230119+00:00,20812aef948eaa8d0f8bc34d3ad2eeddd8c87d07,atlas-47,npu:0,2.7.1+cpu,2.7.1.post10,3.9.9,5790919699999294151,1791096831510207213,1024,1024,6144,bf16,"N(1,1)",11,10000,256,0.5,320000,160096,160096,0,0,160096,160096,160096,160096,160096,160096,0,0,0,0,0,160096,160096,0,40799904,160096,160096,0,159904,160096,1.0,1.0,1.0,1.0,,,,,1.0,1.0,0.0,0.0,1.0,1.0,0.0,0.0,0.008,5.39,linear_centered_per_block
20261004T065352Z,2026-10-04T06:53:52.230119+00:00,20812aef948eaa8d0f8bc34d3ad2eeddd8c87d07,atlas-47,npu:0,2.7.1+cpu,2.7.1.post10,3.9.9,20141324359365164,1791096831510207213,1024,1024,6144,bf16,"N(1,1)",12,10000,256,0.5,320000,160161,160161,0,0,160161,160161,160161,160161,160161,160161,0,0,0,0,0,160161,160161,0,40799839,160161,160161,0,159839,160161,1.0,1.0,1.0,1.0,,,,,1.0,1.0,0.0,0.0,1.0,1.0,0.0,0.0,0.008,5.39,linear_centered_per_block
20261004T065352Z,2026-10-04T06:53:52.230119+00:00,20812aef948eaa8d0f8bc34d3ad2eeddd8c87d07,atlas-47,npu:0,2.7.1+cpu,2.7.1.post10,3.9.9,5272027665197755535,1791096831510207213,1024,1024,6144,bf16,"N(1,1)",13,10000,256,0.5,320000,160536,160536,0,0,160536,160536,160536,160536,160536,160536,0,0,0,0,0,160536,160536,0,40799464,160536,160536,0,159464,160536,1.0,1.0,1.0,1.0,,,,,1.0,1.0,0.0,0.0,1.0,1.0,0.0,0.0,0.008,5.39,linear_centered_per_block
20261004T065352Z,2026-10-04T06:53:52.230119+00:00,20812aef948eaa8d0f8bc34d3ad2eeddd8c87d07,atlas-47,npu:0,2.7.1+cpu,2.7.1.post10,3.9.9,2397691548988096280,1791096831510207213,1024,1024,6144,bf16,"N(1,1)",14,10000,256,0.5,320000,160051,160051,0,0,160051,160051,0,160051,0,0,0,0,0,0,0,160051,0,0,40799949,160051,0,0,159949,0,0.0,0.0,0.0,,,,,,0.0,0.0,0.0,0.0,0.0,,0.0,0.0,0.008,5.39,linear_centered_per_block
20261004T065352Z,2026-10-04T06:53:52.230119+00:00,20812aef948eaa8d0f8bc34d3ad2eeddd8c87d07,atlas-47,npu:0,2.7.1+cpu,2.7.1.post10,3.9.9,6195516034162951891,1791096831510207213,1024,1024,6144,bf16,"N(1e-6,1)",7,10000,256,0.5,320000,160125,160125,0,0,160125,160125,0,160125,0,0,0,0,0,0,0,160125,0,0,40799875,160125,0,0,159875,0,0.0,0.0,0.0,,,,,,0.0,0.0,0.0,0.0,0.0,,0.0,0.0,0.008,5.39,linear_centered_per_block
20261004T065352Z,2026-10-04T06:53:52.230119+00:00,20812aef948eaa8d0f8bc34d3ad2eeddd8c87d07,atlas-47,npu:0,2.7.1+cpu,2.7.1.post10,3.9.9,5312075457955020891,1791096831510207213,1024,1024,6144,bf16,"N(1e-6,1)",8,10000,256,0.5,320000,159997,159997,0,0,159997,159997,0,159997,0,0,0,0,0,0,0,159997,0,0,40800003,159997,0,0,160003,0,0.0,0.0,0.0,,,,,,0.0,0.0,0.0,0.0,0.0,,0.0,0.0,0.008,5.39,linear_centered_per_block
20261004T065352Z,2026-10-04T06:53:52.230119+00:00,20812aef948eaa8d0f8bc34d3ad2eeddd8c87d07,atlas-47,npu:0,2.7.1+cpu,2.7.1.post10,3.9.9,2193951932071938246,1791096831510207213,1024,1024,6144,bf16,"N(1e-6,1)",9,10000,256,0.5,320000,160129,160129,0,0,160129,160129,0,160129,0,0,0,0,0,0,0,160129,0,0,40799871,160129,0,0,159871,0,0.0,0.0,0.0,,,,,,0.0,0.0,0.0,0.0,0.0,,0.0,0.0,0.008,5.39,linear_centered_per_block
20261004T065352Z,2026-10-04T06:53:52.230119+00:00,20812aef948eaa8d0f8bc34d3ad2eeddd8c87d07,atlas-47,npu:0,2.7.1+cpu,2.7.1.post10,3.9.9,1977979110629743139,1791096831510207213,1024,1024,6144,bf16,"N(1e-6,1)",10,10000,256,0.5,320000,159691,159691,0,0,159691,159691,154783,159691,154783,154693,0,0,0,0,0,159691,154783,0,40800309,159691,154783,0,160309,154693,0.9692656442755071,0.9692656442755071,0.9687020558453513,0.9994185407958238,,,,,0.9692656442755071,0.9692656442755071,0.0,0.0,0.9687020558453513,0.9994185407958238,0.0,0.0,0.008,5.39,linear_centered_per_block
20261004T065352Z,2026-10-04T06:53:52.230119+00:00,20812aef948eaa8d0f8bc34d3ad2eeddd8c87d07,atlas-47,npu:0,2.7.1+cpu,2.7.1.post10,3.9.9,8378339190348856188,1791096831510207213,1024,1024,6144,bf16,"N(1e-6,1)",11,10000,256,0.5,320000,160133,160133,0,0,160133,160133,156840,160133,156840,156840,0,0,0,0,0,160133,156840,0,40799867,160133,156840,0,159867,156840,0.9794358439547126,0.9794358439547126,0.9794358439547126,1.0,,,,,0.9794358439547126,0.9794358439547126,0.0,0.0,0.9794358439547126,1.0,0.0,0.0,0.008,5.39,linear_centered_per_block
20261004T065352Z,2026-10-04T06:53:52.230119+00:00,20812aef948eaa8d0f8bc34d3ad2eeddd8c87d07,atlas-47,npu:0,2.7.1+cpu,2.7.1.post10,3.9.9,4852377789412557983,1791096831510207213,1024,1024,6144,bf16,"N(1e-6,1)",12,10000,256,0.5,320000,159615,159615,0,0,159615,159615,156467,159615,156467,156467,0,0,0,0,0,159615,156467,0,40800385,159615,156467,0,160385,156467,0.9802775428374526,0.9802775428374526,0.9802775428374526,1.0,,,,,0.9802775428374526,0.9802775428374526,0.0,0.0,0.9802775428374526,1.0,0.0,0.0,0.008,5.39,linear_centered_per_block
20261004T065352Z,2026-10-04T06:53:52.230119+00:00,20812aef948eaa8d0f8bc34d3ad2eeddd8c87d07,atlas-47,npu:0,2.7.1+cpu,2.7.1.post10,3.9.9,3715511498560769106,1791096831510207213,1024,1024,6144,bf16,"N(1e-6,1)",13,10000,256,0.5,320000,160514,160514,0,0,160514,160514,157169,160514,157169,157169,0,0,0,0,0,160514,157169,0,40799486,160514,157169,0,159486,157169,0.9791606962632543,0.9791606962632543,0.9791606962632543,1.0,,,,,0.9791606962632543,0.9791606962632543,0.0,0.0,0.9791606962632543,1.0,0.0,0.0,0.008,5.39,linear_centered_per_block
20261004T065352Z,2026-10-04T06:53:52.230119+00:00,20812aef948eaa8d0f8bc34d3ad2eeddd8c87d07,atlas-47,npu:0,2.7.1+cpu,2.7.1.post10,3.9.9,75300139051149261,1791096831510207213,1024,1024,6144,bf16,"N(1e-6,1)",14,10000,256,0.5,320000,160051,158417,1634,8,158409,158417,1573,158417,1573,80,1634,1634,1634,1634,0,160051,3207,0,40799949,160051,3207,0,159949,80,0.009929489890605174,0.009929489890605174,0.0005049963072145035,0.0508582326764145,1.0,1.0,0.0,0.0,0.020037363090514897,0.020037363090514897,0.0,0.0,0.0004998406757845936,0.024945431867789213,0.010209245802900325,4.9984067578459363e-05,0.008,5.39,linear_centered_per_block
20261004T065352Z,2026-10-04T06:53:52.230119+00:00,20812aef948eaa8d0f8bc34d3ad2eeddd8c87d07,atlas-47,npu:0,2.7.1+cpu,2.7.1.post10,3.9.9,5954085190702151700,1791096831510207213,1024,1024,6144,bf16,TruncN,7,10000,256,0.5,320000,160126,160126,0,0,160126,160126,0,160126,0,0,0,0,0,0,0,160126,0,0,40799874,160126,0,0,159874,0,0.0,0.0,0.0,,,,,,0.0,0.0,0.0,0.0,0.0,,0.0,0.0,0.008,5.39,linear_centered_per_block
20261004T065352Z,2026-10-04T06:53:52.230119+00:00,20812aef948eaa8d0f8bc34d3ad2eeddd8c87d07,atlas-47,npu:0,2.7.1+cpu,2.7.1.post10,3.9.9,7746625607226592483,1791096831510207213,1024,1024,6144,bf16,TruncN,8,10000,256,0.5,320000,159385,159385,0,0,159385,159385,0,159385,0,0,0,0,0,0,0,159385,0,0,40800615,159385,0,0,160615,0,0.0,0.0,0.0,,,,,,0.0,0.0,0.0,0.0,0.0,,0.0,0.0,0.008,5.39,linear_centered_per_block
20261004T065352Z,2026-10-04T06:53:52.230119+00:00,20812aef948eaa8d0f8bc34d3ad2eeddd8c87d07,atlas-47,npu:0,2.7.1+cpu,2.7.1.post10,3.9.9,8467055242898904802,1791096831510207213,1024,1024,6144,bf16,TruncN,9,10000,256,0.5,320000,159774,159774,0,0,159774,159774,159774,159774,159774,158789,0,0,0,0,0,159774,159774,0,40800226,159774,159774,0,160226,158789,1.0,1.0,0.9938350419968205,0.9938350419968205,,,,,1.0,1.0,0.0,0.0,0.9938350419968205,0.9938350419968205,0.0,0.0,0.008,5.39,linear_centered_per_block
20261004T065352Z,2026-10-04T06:53:52.230119+00:00,20812aef948eaa8d0f8bc34d3ad2eeddd8c87d07,atlas-47,npu:0,2.7.1+cpu,2.7.1.post10,3.9.9,8194928865484513274,1791096831510207213,1024,1024,6144,bf16,TruncN,10,10000,256,0.5,320000,159794,159794,0,0,159794,159794,0,159794,0,0,0,0,0,0,0,159794,0,0,40800206,159794,0,0,160206,0,0.0,0.0,0.0,,,,,,0.0,0.0,0.0,0.0,0.0,,0.0,0.0,0.008,5.39,linear_centered_per_block
20261004T065352Z,2026-10-04T06:53:52.230119+00:00,20812aef948eaa8d0f8bc34d3ad2eeddd8c87d07,atlas-47,npu:0,2.7.1+cpu,2.7.1.post10,3.9.9,1362610289540038184,1791096831510207213,1024,1024,6144,bf16,TruncN,11,10000,256,0.5,320000,160069,160069,0,0,160069,160069,160069,160069,160069,160069,0,0,0,0,0,160069,160069,0,40799931,160069,160069,0,159931,160069,1.0,1.0,1.0,1.0,,,,,1.0,1.0,0.0,0.0,1.0,1.0,0.0,0.0,0.008,5.39,linear_centered_per_block
20261004T065352Z,2026-10-04T06:53:52.230119+00:00,20812aef948eaa8d0f8bc34d3ad2eeddd8c87d07,atlas-47,npu:0,2.7.1+cpu,2.7.1.post10,3.9.9,3028404854605462288,1791096831510207213,1024,1024,6144,bf16,TruncN,12,10000,256,0.5,320000,160096,160096,0,0,160096,160096,160096,160096,160096,160096,0,0,0,0,0,160096,160096,0,40799904,160096,160096,0,159904,160096,1.0,1.0,1.0,1.0,,,,,1.0,1.0,0.0,0.0,1.0,1.0,0.0,0.0,0.008,5.39,linear_centered_per_block
20261004T065352Z,2026-10-04T06:53:52.230119+00:00,20812aef948eaa8d0f8bc34d3ad2eeddd8c87d07,atlas-47,npu:0,2.7.1+cpu,2.7.1.post10,3.9.9,8222116491430193363,1791096831510207213,1024,1024,6144,bf16,TruncN,13,10000,256,0.5,320000,160344,160344,0,0,160344,160344,160344,160344,160344,160344,0,0,0,0,0,160344,160344,0,40799656,160344,160344,0,159656,160344,1.0,1.0,1.0,1.0,,,,,1.0,1.0,0.0,0.0,1.0,1.0,0.0,0.0,0.008,5.39,linear_centered_per_block
20261004T065352Z,2026-10-04T06:53:52.230119+00:00,20812aef948eaa8d0f8bc34d3ad2eeddd8c87d07,atlas-47,npu:0,2.7.1+cpu,2.7.1.post10,3.9.9,1851059469591717468,1791096831510207213,1024,1024,6144,bf16,TruncN,14,10000,256,0.5,320000,160115,160115,0,0,160115,160115,0,160115,0,0,0,0,0,0,0,160115,0,0,40799885,160115,0,0,159885,0,0.0,0.0,0.0,,,,,,0.0,0.0,0.0,0.0,0.0,,0.0,0.0,0.008,5.39,linear_centered_per_block
20261004T065352Z,2026-10-04T06:53:52.230119+00:00,20812aef948eaa8d0f8bc34d3ad2eeddd8c87d07,atlas-47,npu:0,2.7.1+cpu,2.7.1.post10,3.9.9,922729305402572313,1791096831510207213,1024,1024,6144,bf16,"U(-1,1)",7,10000,256,0.5,320000,159760,159760,0,0,159760,159760,0,159760,0,0,0,0,0,0,0,159760,0,0,40800240,159760,0,0,160240,0,0.0,0.0,0.0,,,,,,0.0,0.0,0.0,0.0,0.0,,0.0,0.0,0.008,5.39,linear_centered_per_block
20261004T065352Z,2026-10-04T06:53:52.230119+00:00,20812aef948eaa8d0f8bc34d3ad2eeddd8c87d07,atlas-47,npu:0,2.7.1+cpu,2.7.1.post10,3.9.9,1288723176694272352,1791096831510207213,1024,1024,6144,bf16,"U(-1,1)",8,10000,256,0.5,320000,160297,160297,0,0,160297,160297,35598,160297,35598,23443,0,0,0,0,0,160297,35598,0,40799703,160297,35598,0,159703,23443,0.22207527277491157,0.22207527277491157,0.14624727848930422,0.6585482330468004,,,,,0.22207527277491157,0.22207527277491157,0.0,0.0,0.14624727848930422,0.6585482330468004,0.0,0.0,0.008,5.39,linear_centered_per_block
20261004T065352Z,2026-10-04T06:53:52.230119+00:00,20812aef948eaa8d0f8bc34d3ad2eeddd8c87d07,atlas-47,npu:0,2.7.1+cpu,2.7.1.post10,3.9.9,8336021016038484348,1791096831510207213,1024,1024,6144,bf16,"U(-1,1)",9,10000,256,0.5,320000,160048,160048,0,0,160048,160048,96298,160048,96298,82765,0,0,0,0,0,160048,96298,0,40799952,160048,96298,0,159952,82765,0.6016819954013796,0.6016819954013796,0.5171261121663501,0.8594674863444723,,,,,0.6016819954013796,0.6016819954013796,0.0,0.0,0.5171261121663501,0.8594674863444723,0.0,0.0,0.008,5.39,linear_centered_per_block
20261004T065352Z,2026-10-04T06:53:52.230119+00:00,20812aef948eaa8d0f8bc34d3ad2eeddd8c87d07,atlas-47,npu:0,2.7.1+cpu,2.7.1.post10,3.9.9,2811297712832099471,1791096831510207213,1024,1024,6144,bf16,"U(-1,1)",10,10000,256,0.5,320000,160095,160095,0,0,160095,160095,150321,160095,150321,150319,0,0,0,0,0,160095,150321,0,40799905,160095,150321,0,159905,150319,0.9389487491801742,0.9389487491801742,0.9389362565976451,0.999986695139069,,,,,0.9389487491801742,0.9389487491801742,0.0,0.0,0.9389362565976451,0.999986695139069,0.0,0.0,0.008,5.39,linear_centered_per_block
20261004T065352Z,2026-10-04T06:53:52.230119+00:00,20812aef948eaa8d0f8bc34d3ad2eeddd8c87d07,atlas-47,npu:0,2.7.1+cpu,2.7.1.post10,3.9.9,9040082863097952336,1791096831510207213,1024,1024,6144,bf16,"U(-1,1)",11,10000,256,0.5,320000,159844,159844,0,0,159844,159844,149998,159844,149998,149998,0,0,0,0,0,159844,149998,0,40800156,159844,149998,0,160156,149998,0.9384024423813218,0.9384024423813218,0.9384024423813218,1.0,,,,,0.9384024423813218,0.9384024423813218,0.0,0.0,0.9384024423813218,1.0,0.0,0.0,0.008,5.39,linear_centered_per_block
20261004T065352Z,2026-10-04T06:53:52.230119+00:00,20812aef948eaa8d0f8bc34d3ad2eeddd8c87d07,atlas-47,npu:0,2.7.1+cpu,2.7.1.post10,3.9.9,3377459067431695541,1791096831510207213,1024,1024,6144,bf16,"U(-1,1)",12,10000,256,0.5,320000,159848,159848,0,0,159848,159848,150128,159848,150128,150128,0,0,0,0,0,159848,150128,0,40800152,159848,150128,0,160152,150128,0.9391922326209899,0.9391922326209899,0.9391922326209899,1.0,,,,,0.9391922326209899,0.9391922326209899,0.0,0.0,0.9391922326209899,1.0,0.0,0.0,0.008,5.39,linear_centered_per_block
20261004T065352Z,2026-10-04T06:53:52.230119+00:00,20812aef948eaa8d0f8bc34d3ad2eeddd8c87d07,atlas-47,npu:0,2.7.1+cpu,2.7.1.post10,3.9.9,6141680156798913301,1791096831510207213,1024,1024,6144,bf16,"U(-1,1)",13,10000,256,0.5,320000,160344,160344,0,0,160344,160344,150573,160344,150573,150573,0,0,0,0,0,160344,150573,0,40799656,160344,150573,0,159656,150573,0.9390622661278252,0.9390622661278252,0.9390622661278252,1.0,,,,,0.9390622661278252,0.9390622661278252,0.0,0.0,0.9390622661278252,1.0,0.0,0.0,0.008,5.39,linear_centered_per_block
20261004T065352Z,2026-10-04T06:53:52.230119+00:00,20812aef948eaa8d0f8bc34d3ad2eeddd8c87d07,atlas-47,npu:0,2.7.1+cpu,2.7.1.post10,3.9.9,6387690814586007184,1791096831510207213,1024,1024,6144,bf16,"U(-1,1)",14,10000,256,0.5,320000,160364,155473,4891,39,155434,155473,5017,155473,5017,287,4891,4891,4891,4891,0,160364,9908,0,40799636,160364,9908,0,159636,287,0.0322692686189885,0.0322692686189885,0.0018459796877914494,0.05720550129559498,1.0,1.0,0.0,0.0,0.06178444039809434,0.06178444039809434,0.0,0.0,0.0017896784814546906,0.028966491723859508,0.03049936394702053,0.0002431967274450625,0.008,5.39,linear_centered_per_block
20261004T065352Z,2026-10-04T06:53:52.230119+00:00,20812aef948eaa8d0f8bc34d3ad2eeddd8c87d07,atlas-47,npu:0,2.7.1+cpu,2.7.1.post10,3.9.9,4692371446933044691,1791096831510207213,1024,1024,6144,fp32,"N(1,1)",23,10000,256,0.5,320000,159795,159795,0,0,159795,159795,159795,159795,159795,159795,0,0,0,0,0,159795,159795,0,40800205,159795,159795,0,160205,159795,1.0,1.0,1.0,1.0,,,,,1.0,1.0,0.0,0.0,1.0,1.0,0.0,0.0,3.372947375812436e-06,5.39,linear_centered_per_block
20261004T065352Z,2026-10-04T06:53:52.230119+00:00,20812aef948eaa8d0f8bc34d3ad2eeddd8c87d07,atlas-47,npu:0,2.7.1+cpu,2.7.1.post10,3.9.9,1254783258374640342,1791096831510207213,1024,1024,6144,fp32,"N(1,1)",24,10000,256,0.5,320000,159900,159900,0,0,159900,159900,159900,159900,159900,159900,0,0,0,0,0,159900,159900,0,40800100,159900,159900,0,160100,159900,1.0,1.0,1.0,1.0,,,,,1.0,1.0,0.0,0.0,1.0,1.0,0.0,0.0,3.372947375812436e-06,5.39,linear_centered_per_block
20261004T065352Z,2026-10-04T06:53:52.230119+00:00,20812aef948eaa8d0f8bc34d3ad2eeddd8c87d07,atlas-47,npu:0,2.7.1+cpu,2.7.1.post10,3.9.9,4138809615490558950,1791096831510207213,1024,1024,6144,fp32,"N(1,1)",25,10000,256,0.5,320000,160115,160115,0,0,160115,160115,160115,160115,160115,160115,0,0,0,0,0,160115,160115,0,40799885,160115,160115,0,159885,160115,1.0,1.0,1.0,1.0,,,,,1.0,1.0,0.0,0.0,1.0,1.0,0.0,0.0,3.372947375812436e-06,5.39,linear_centered_per_block
20261004T065352Z,2026-10-04T06:53:52.230119+00:00,20812aef948eaa8d0f8bc34d3ad2eeddd8c87d07,atlas-47,npu:0,2.7.1+cpu,2.7.1.post10,3.9.9,7885808415954618000,1791096831510207213,1024,1024,6144,fp32,"N(1,1)",26,10000,256,0.5,320000,160193,160193,0,0,160193,160193,160193,160193,160193,160193,0,0,0,0,0,160193,160193,0,40799807,160193,160193,0,159807,160193,1.0,1.0,1.0,1.0,,,,,1.0,1.0,0.0,0.0,1.0,1.0,0.0,0.0,3.372947375812436e-06,5.39,linear_centered_per_block
20261004T065352Z,2026-10-04T06:53:52.230119+00:00,20812aef948eaa8d0f8bc34d3ad2eeddd8c87d07,atlas-47,npu:0,2.7.1+cpu,2.7.1.post10,3.9.9,6216186156130083168,1791096831510207213,1024,1024,6144,fp32,"N(1,1)",27,10000,256,0.5,320000,159583,159583,0,0,159583,159583,159583,159583,159583,159583,0,0,0,0,0,159583,159583,0,40800417,159583,159583,0,160417,159583,1.0,1.0,1.0,1.0,,,,,1.0,1.0,0.0,0.0,1.0,1.0,0.0,0.0,3.372947375812436e-06,5.39,linear_centered_per_block
20261004T065352Z,2026-10-04T06:53:52.230119+00:00,20812aef948eaa8d0f8bc34d3ad2eeddd8c87d07,atlas-47,npu:0,2.7.1+cpu,2.7.1.post10,3.9.9,5485343372847737408,1791096831510207213,1024,1024,6144,fp32,"N(1,1)",28,10000,256,0.5,320000,159565,159565,0,0,159565,159565,159565,159565,159565,159565,0,0,0,0,0,159565,159565,0,40800435,159565,159565,0,160435,159565,1.0,1.0,1.0,1.0,,,,,1.0,1.0,0.0,0.0,1.0,1.0,0.0,0.0,3.372947375812436e-06,5.39,linear_centered_per_block
20261004T065352Z,2026-10-04T06:53:52.230119+00:00,20812aef948eaa8d0f8bc34d3ad2eeddd8c87d07,atlas-47,npu:0,2.7.1+cpu,2.7.1.post10,3.9.9,3756843123876237711,1791096831510207213,1024,1024,6144,fp32,"N(1,1)",29,10000,256,0.5,320000,159813,159813,0,0,159813,159813,159813,159813,159813,159813,0,0,0,0,0,159813,159813,0,40800187,159813,159813,0,160187,159813,1.0,1.0,1.0,1.0,,,,,1.0,1.0,0.0,0.0,1.0,1.0,0.0,0.0,3.372947375812436e-06,5.39,linear_centered_per_block
20261004T065352Z,2026-10-04T06:53:52.230119+00:00,20812aef948eaa8d0f8bc34d3ad2eeddd8c87d07,atlas-47,npu:0,2.7.1+cpu,2.7.1.post10,3.9.9,3125744783749923250,1791096831510207213,1024,1024,6144,fp32,"N(1,1)",30,10000,256,0.5,320000,159711,159711,0,0,159711,159711,159711,159711,159711,159711,0,0,0,0,0,159711,159711,0,40800289,159711,159711,0,160289,159711,1.0,1.0,1.0,1.0,,,,,1.0,1.0,0.0,0.0,1.0,1.0,0.0,0.0,3.372947375812436e-06,5.39,linear_centered_per_block
20261004T065352Z,2026-10-04T06:53:52.230119+00:00,20812aef948eaa8d0f8bc34d3ad2eeddd8c87d07,atlas-47,npu:0,2.7.1+cpu,2.7.1.post10,3.9.9,4392232029452882973,1791096831510207213,1024,1024,6144,fp32,"N(1e-6,1)",23,10000,256,0.5,320000,159895,159895,0,0,159895,159895,159077,159895,159077,159034,0,0,0,0,0,159895,159077,0,40800105,159895,159077,0,160105,159034,0.9948841427186591,0.9948841427186591,0.9946152162356546,0.9997296906529543,,,,,0.9948841427186591,0.9948841427186591,0.0,0.0,0.9946152162356546,0.9997296906529543,0.0,0.0,3.372947375812436e-06,5.39,linear_centered_per_block
20261004T065352Z,2026-10-04T06:53:52.230119+00:00,20812aef948eaa8d0f8bc34d3ad2eeddd8c87d07,atlas-47,npu:0,2.7.1+cpu,2.7.1.post10,3.9.9,466690466457667580,1791096831510207213,1024,1024,6144,fp32,"N(1e-6,1)",24,10000,256,0.5,320000,160021,160021,0,0,160021,160021,159826,160021,159826,159780,0,0,0,0,0,160021,159826,0,40799979,160021,159826,0,159979,159780,0.9987814099399454,0.9987814099399454,0.9984939476693684,0.9997121870033662,,,,,0.9987814099399454,0.9987814099399454,0.0,0.0,0.9984939476693684,0.9997121870033662,0.0,0.0,3.372947375812436e-06,5.39,linear_centered_per_block
20261004T065352Z,2026-10-04T06:53:52.230119+00:00,20812aef948eaa8d0f8bc34d3ad2eeddd8c87d07,atlas-47,npu:0,2.7.1+cpu,2.7.1.post10,3.9.9,3115530162387486572,1791096831510207213,1024,1024,6144,fp32,"N(1e-6,1)",25,10000,256,0.5,320000,159801,159801,0,0,159801,159801,159390,159801,159390,159321,0,0,0,0,0,159801,159390,0,40800199,159801,159390,0,160199,159321,0.9974280511386037,0.9974280511386037,0.9969962641034787,0.9995670995670995,,,,,0.9974280511386037,0.9974280511386037,0.0,0.0,0.9969962641034787,0.9995670995670995,0.0,0.0,3.372947375812436e-06,5.39,linear_centered_per_block
20261004T065352Z,2026-10-04T06:53:52.230119+00:00,20812aef948eaa8d0f8bc34d3ad2eeddd8c87d07,atlas-47,npu:0,2.7.1+cpu,2.7.1.post10,3.9.9,2460664694201826742,1791096831510207213,1024,1024,6144,fp32,"N(1e-6,1)",26,10000,256,0.5,320000,160206,160206,0,0,160206,160206,159692,160206,159692,159646,0,0,0,0,0,160206,159692,0,40799794,160206,159692,0,159794,159646,0.9967916307753767,0.9967916307753767,0.9965045004556633,0.999711945495078,,,,,0.9967916307753767,0.9967916307753767,0.0,0.0,0.9965045004556633,0.999711945495078,0.0,0.0,3.372947375812436e-06,5.39,linear_centered_per_block
20261004T065352Z,2026-10-04T06:53:52.230119+00:00,20812aef948eaa8d0f8bc34d3ad2eeddd8c87d07,atlas-47,npu:0,2.7.1+cpu,2.7.1.post10,3.9.9,517126378949250581,1791096831510207213,1024,1024,6144,fp32,"N(1e-6,1)",27,10000,256,0.5,320000,160197,160197,0,0,160197,160197,159677,160197,159677,159628,0,0,0,0,0,160197,159677,0,40799803,160197,159677,0,159803,159628,0.996753996641635,0.996753996641635,0.9964481232482506,0.9996931305072114,,,,,0.996753996641635,0.996753996641635,0.0,0.0,0.9964481232482506,0.9996931305072114,0.0,0.0,3.372947375812436e-06,5.39,linear_centered_per_block
20261004T065352Z,2026-10-04T06:53:52.230119+00:00,20812aef948eaa8d0f8bc34d3ad2eeddd8c87d07,atlas-47,npu:0,2.7.1+cpu,2.7.1.post10,3.9.9,8549647498981039322,1791096831510207213,1024,1024,6144,fp32,"N(1e-6,1)",28,10000,256,0.5,320000,159606,159606,0,0,159606,159606,159077,159606,159077,159030,0,0,0,0,0,159606,159077,0,40800394,159606,159077,0,160394,159030,0.996685588261093,0.996685588261093,0.9963911131160482,0.9997045455974151,,,,,0.996685588261093,0.996685588261093,0.0,0.0,0.9963911131160482,0.9997045455974151,0.0,0.0,3.372947375812436e-06,5.39,linear_centered_per_block
20261004T065352Z,2026-10-04T06:53:52.230119+00:00,20812aef948eaa8d0f8bc34d3ad2eeddd8c87d07,atlas-47,npu:0,2.7.1+cpu,2.7.1.post10,3.9.9,8311041204026626374,1791096831510207213,1024,1024,6144,fp32,"N(1e-6,1)",29,10000,256,0.5,320000,160088,160088,0,0,160088,160088,159545,160088,159545,159503,0,0,0,0,0,160088,159545,0,40799912,160088,159545,0,159912,159503,0.9966081155364549,0.9966081155364549,0.9963457598320924,0.9997367513867561,,,,,0.9966081155364549,0.9966081155364549,0.0,0.0,0.9963457598320924,0.9997367513867561,0.0,0.0,3.372947375812436e-06,5.39,linear_centered_per_block
20261004T065352Z,2026-10-04T06:53:52.230119+00:00,20812aef948eaa8d0f8bc34d3ad2eeddd8c87d07,atlas-47,npu:0,2.7.1+cpu,2.7.1.post10,3.9.9,4508209671546418449,1791096831510207213,1024,1024,6144,fp32,"N(1e-6,1)",30,10000,256,0.5,320000,160196,158588,1608,0,158588,158588,158588,158588,158588,157015,1608,1608,1608,1608,0,160196,160196,0,40799804,160196,160196,0,159804,157015,1.0,1.0,0.9900812167377103,0.9900812167377103,1.0,1.0,0.0,0.0,1.0,1.0,0.0,0.0,0.9801430747334515,0.9801430747334515,0.010037703812829283,0.0,3.372947375812436e-06,5.39,linear_centered_per_block
20261004T065352Z,2026-10-04T06:53:52.230119+00:00,20812aef948eaa8d0f8bc34d3ad2eeddd8c87d07,atlas-47,npu:0,2.7.1+cpu,2.7.1.post10,3.9.9,8372583687739984843,1791096831510207213,1024,1024,6144,fp32,TruncN,23,10000,256,0.5,320000,159932,159932,0,0,159932,159932,159932,159932,159932,159932,0,0,0,0,0,159932,159932,0,40800068,159932,159932,0,160068,159932,1.0,1.0,1.0,1.0,,,,,1.0,1.0,0.0,0.0,1.0,1.0,0.0,0.0,3.372947375812436e-06,5.39,linear_centered_per_block
20261004T065352Z,2026-10-04T06:53:52.230119+00:00,20812aef948eaa8d0f8bc34d3ad2eeddd8c87d07,atlas-47,npu:0,2.7.1+cpu,2.7.1.post10,3.9.9,6805509699890194904,1791096831510207213,1024,1024,6144,fp32,TruncN,24,10000,256,0.5,320000,159993,159993,0,0,159993,159993,159993,159993,159993,159993,0,0,0,0,0,159993,159993,0,40800007,159993,159993,0,160007,159993,1.0,1.0,1.0,1.0,,,,,1.0,1.0,0.0,0.0,1.0,1.0,0.0,0.0,3.372947375812436e-06,5.39,linear_centered_per_block
20261004T065352Z,2026-10-04T06:53:52.230119+00:00,20812aef948eaa8d0f8bc34d3ad2eeddd8c87d07,atlas-47,npu:0,2.7.1+cpu,2.7.1.post10,3.9.9,2709985462296741790,1791096831510207213,1024,1024,6144,fp32,TruncN,25,10000,256,0.5,320000,159714,159714,0,0,159714,159714,159714,159714,159714,159714,0,0,0,0,0,159714,159714,0,40800286,159714,159714,0,160286,159714,1.0,1.0,1.0,1.0,,,,,1.0,1.0,0.0,0.0,1.0,1.0,0.0,0.0,3.372947375812436e-06,5.39,linear_centered_per_block
20261004T065352Z,2026-10-04T06:53:52.230119+00:00,20812aef948eaa8d0f8bc34d3ad2eeddd8c87d07,atlas-47,npu:0,2.7.1+cpu,2.7.1.post10,3.9.9,9052879305059863990,1791096831510207213,1024,1024,6144,fp32,TruncN,26,10000,256,0.5,320000,160164,160164,0,0,160164,160164,160164,160164,160164,160164,0,0,0,0,0,160164,160164,0,40799836,160164,160164,0,159836,160164,1.0,1.0,1.0,1.0,,,,,1.0,1.0,0.0,0.0,1.0,1.0,0.0,0.0,3.372947375812436e-06,5.39,linear_centered_per_block
20261004T065352Z,2026-10-04T06:53:52.230119+00:00,20812aef948eaa8d0f8bc34d3ad2eeddd8c87d07,atlas-47,npu:0,2.7.1+cpu,2.7.1.post10,3.9.9,2083219174886815343,1791096831510207213,1024,1024,6144,fp32,TruncN,27,10000,256,0.5,320000,159644,159644,0,0,159644,159644,159644,159644,159644,159644,0,0,0,0,0,159644,159644,0,40800356,159644,159644,0,160356,159644,1.0,1.0,1.0,1.0,,,,,1.0,1.0,0.0,0.0,1.0,1.0,0.0,0.0,3.372947375812436e-06,5.39,linear_centered_per_block
20261004T065352Z,2026-10-04T06:53:52.230119+00:00,20812aef948eaa8d0f8bc34d3ad2eeddd8c87d07,atlas-47,npu:0,2.7.1+cpu,2.7.1.post10,3.9.9,3046260302031563331,1791096831510207213,1024,1024,6144,fp32,TruncN,28,10000,256,0.5,320000,160422,160422,0,0,160422,160422,160422,160422,160422,160422,0,0,0,0,0,160422,160422,0,40799578,160422,160422,0,159578,160422,1.0,1.0,1.0,1.0,,,,,1.0,1.0,0.0,0.0,1.0,1.0,0.0,0.0,3.372947375812436e-06,5.39,linear_centered_per_block
20261004T065352Z,2026-10-04T06:53:52.230119+00:00,20812aef948eaa8d0f8bc34d3ad2eeddd8c87d07,atlas-47,npu:0,2.7.1+cpu,2.7.1.post10,3.9.9,4412062294884721087,1791096831510207213,1024,1024,6144,fp32,TruncN,29,10000,256,0.5,320000,160006,160006,0,0,160006,160006,160006,160006,160006,160006,0,0,0,0,0,160006,160006,0,40799994,160006,160006,0,159994,160006,1.0,1.0,1.0,1.0,,,,,1.0,1.0,0.0,0.0,1.0,1.0,0.0,0.0,3.372947375812436e-06,5.39,linear_centered_per_block
20261004T065352Z,2026-10-04T06:53:52.230119+00:00,20812aef948eaa8d0f8bc34d3ad2eeddd8c87d07,atlas-47,npu:0,2.7.1+cpu,2.7.1.post10,3.9.9,2129252209994966055,1791096831510207213,1024,1024,6144,fp32,TruncN,30,10000,256,0.5,320000,159409,159409,0,0,159409,159409,159409,159409,159409,159409,0,0,0,0,0,159409,159409,0,40800591,159409,159409,0,160591,159409,1.0,1.0,1.0,1.0,,,,,1.0,1.0,0.0,0.0,1.0,1.0,0.0,0.0,3.372947375812436e-06,5.39,linear_centered_per_block
20261004T065352Z,2026-10-04T06:53:52.230119+00:00,20812aef948eaa8d0f8bc34d3ad2eeddd8c87d07,atlas-47,npu:0,2.7.1+cpu,2.7.1.post10,3.9.9,4795676474739548248,1791096831510207213,1024,1024,6144,fp32,"U(-1,1)",23,10000,256,0.5,320000,160262,160262,0,0,160262,160262,160049,160262,160049,159735,0,0,0,0,0,160262,160049,0,40799738,160262,160049,0,159738,159735,0.9986709263580886,0.9986709263580886,0.9967116346981817,0.9980381008316204,,,,,0.9986709263580886,0.9986709263580886,0.0,0.0,0.9967116346981817,0.9980381008316204,0.0,0.0,3.372947375812436e-06,5.39,linear_centered_per_block
20261004T065352Z,2026-10-04T06:53:52.230119+00:00,20812aef948eaa8d0f8bc34d3ad2eeddd8c87d07,atlas-47,npu:0,2.7.1+cpu,2.7.1.post10,3.9.9,8592611160235940385,1791096831510207213,1024,1024,6144,fp32,"U(-1,1)",24,10000,256,0.5,320000,160025,160025,0,0,160025,160025,159880,160025,159880,159701,0,0,0,0,0,160025,159880,0,40799975,160025,159880,0,159975,159701,0.9990938915794407,0.9990938915794407,0.9979753163568192,0.9988804103077308,,,,,0.9990938915794407,0.9990938915794407,0.0,0.0,0.9979753163568192,0.9988804103077308,0.0,0.0,3.372947375812436e-06,5.39,linear_centered_per_block
20261004T065352Z,2026-10-04T06:53:52.230119+00:00,20812aef948eaa8d0f8bc34d3ad2eeddd8c87d07,atlas-47,npu:0,2.7.1+cpu,2.7.1.post10,3.9.9,3480658343832194903,1791096831510207213,1024,1024,6144,fp32,"U(-1,1)",25,10000,256,0.5,320000,159891,159891,0,0,159891,159891,159853,159891,159853,159806,0,0,0,0,0,159891,159853,0,40800109,159891,159853,0,160109,159806,0.9997623380928258,0.9997623380928258,0.9994683878392154,0.9997059798690047,,,,,0.9997623380928258,0.9997623380928258,0.0,0.0,0.9994683878392154,0.9997059798690047,0.0,0.0,3.372947375812436e-06,5.39,linear_centered_per_block
20261004T065352Z,2026-10-04T06:53:52.230119+00:00,20812aef948eaa8d0f8bc34d3ad2eeddd8c87d07,atlas-47,npu:0,2.7.1+cpu,2.7.1.post10,3.9.9,8490681520910750117,1791096831510207213,1024,1024,6144,fp32,"U(-1,1)",26,10000,256,0.5,320000,159916,159916,0,0,159916,159916,159768,159916,159768,159599,0,0,0,0,0,159916,159768,0,40800084,159916,159768,0,160084,159599,0.999074514119913,0.999074514119913,0.9980177092973811,0.9989422162135095,,,,,0.999074514119913,0.999074514119913,0.0,0.0,0.9980177092973811,0.9989422162135095,0.0,0.0,3.372947375812436e-06,5.39,linear_centered_per_block
20261004T065352Z,2026-10-04T06:53:52.230119+00:00,20812aef948eaa8d0f8bc34d3ad2eeddd8c87d07,atlas-47,npu:0,2.7.1+cpu,2.7.1.post10,3.9.9,2379469337897858825,1791096831510207213,1024,1024,6144,fp32,"U(-1,1)",27,10000,256,0.5,320000,159908,159908,0,0,159908,159908,159740,159908,159740,159568,0,0,0,0,0,159908,159740,0,40800092,159908,159740,0,160092,159568,0.998949395902644,0.998949395902644,0.9978737774220177,0.9989232502817078,,,,,0.998949395902644,0.998949395902644,0.0,0.0,0.9978737774220177,0.9989232502817078,0.0,0.0,3.372947375812436e-06,5.39,linear_centered_per_block
20261004T065352Z,2026-10-04T06:53:52.230119+00:00,20812aef948eaa8d0f8bc34d3ad2eeddd8c87d07,atlas-47,npu:0,2.7.1+cpu,2.7.1.post10,3.9.9,6860527040719054013,1791096831510207213,1024,1024,6144,fp32,"U(-1,1)",28,10000,256,0.5,320000,160107,160107,0,0,160107,160107,159934,160107,159934,159767,0,0,0,0,0,160107,159934,0,40799893,160107,159934,0,159893,159767,0.998919472602697,0.998919472602697,0.9978764201440287,0.9989558192754511,,,,,0.998919472602697,0.998919472602697,0.0,0.0,0.9978764201440287,0.9989558192754511,0.0,0.0,3.372947375812436e-06,5.39,linear_centered_per_block
20261004T065352Z,2026-10-04T06:53:52.230119+00:00,20812aef948eaa8d0f8bc34d3ad2eeddd8c87d07,atlas-47,npu:0,2.7.1+cpu,2.7.1.post10,3.9.9,1126835906374304910,1791096831510207213,1024,1024,6144,fp32,"U(-1,1)",29,10000,256,0.5,320000,160074,160074,0,0,160074,160074,159890,160074,159890,159721,0,0,0,0,0,160074,159890,0,40799926,160074,159890,0,159926,159721,0.9988505316291215,0.9988505316291215,0.9977947699189125,0.9989430233285383,,,,,0.9988505316291215,0.9988505316291215,0.0,0.0,0.9977947699189125,0.9989430233285383,0.0,0.0,3.372947375812436e-06,5.39,linear_centered_per_block
20261004T065352Z,2026-10-04T06:53:52.230119+00:00,20812aef948eaa8d0f8bc34d3ad2eeddd8c87d07,atlas-47,npu:0,2.7.1+cpu,2.7.1.post10,3.9.9,7493360262494156173,1791096831510207213,1024,1024,6144,fp32,"U(-1,1)",30,10000,256,0.5,320000,159587,154730,4857,0,154730,154730,154730,154730,154730,150106,4857,4857,4857,4857,0,159587,159587,0,40800413,159587,159587,0,160413,150106,1.0,1.0,0.9701156853874491,0.9701156853874491,1.0,1.0,0.0,0.0,1.0,1.0,0.0,0.0,0.9405903989673344,0.9405903989673344,0.030434809852932884,0.0,3.372947375812436e-06,5.39,linear_centered_per_block
20261004T065352Z,2026-10-04T06:53:52.230119+00:00,20812aef948eaa8d0f8bc34d3ad2eeddd8c87d07,atlas-47,npu:0,2.7.1+cpu,2.7.1.post10,3.9.9,3604234798837009124,1791096831510207213,1024,1024,8192,bf16,"N(1,1)",7,10000,256,0.5,320000,160071,160071,0,0,160071,160071,0,160071,0,0,0,0,0,0,0,160071,0,0,40799929,160071,0,0,159929,0,0.0,0.0,0.0,,,,,,0.0,0.0,0.0,0.0,0.0,,0.0,0.0,0.008,5.39,linear_centered_per_block
20261004T065352Z,2026-10-04T06:53:52.230119+00:00,20812aef948eaa8d0f8bc34d3ad2eeddd8c87d07,atlas-47,npu:0,2.7.1+cpu,2.7.1.post10,3.9.9,6214486863445956877,1791096831510207213,1024,1024,8192,bf16,"N(1,1)",8,10000,256,0.5,320000,159764,159764,0,0,159764,159764,85618,159764,85618,33990,0,0,0,0,0,159764,85618,0,40800236,159764,85618,0,160236,33990,0.5359029568613706,0.5359029568613706,0.21275130817956486,0.3969959587937116,,,,,0.5359029568613706,0.5359029568613706,0.0,0.0,0.21275130817956486,0.3969959587937116,0.0,0.0,0.008,5.39,linear_centered_per_block
20261004T065352Z,2026-10-04T06:53:52.230119+00:00,20812aef948eaa8d0f8bc34d3ad2eeddd8c87d07,atlas-47,npu:0,2.7.1+cpu,2.7.1.post10,3.9.9,8402350382925964409,1791096831510207213,1024,1024,8192,bf16,"N(1,1)",9,10000,256,0.5,320000,160433,160433,0,0,160433,160433,73563,160433,73563,72201,0,0,0,0,0,160433,73563,0,40799567,160433,73563,0,159567,72201,0.45852785898163095,0.45852785898163095,0.450038333759264,0.9814852575343583,,,,,0.45852785898163095,0.45852785898163095,0.0,0.0,0.450038333759264,0.9814852575343583,0.0,0.0,0.008,5.39,linear_centered_per_block
20261004T065352Z,2026-10-04T06:53:52.230119+00:00,20812aef948eaa8d0f8bc34d3ad2eeddd8c87d07,atlas-47,npu:0,2.7.1+cpu,2.7.1.post10,3.9.9,2261234290095201602,1791096831510207213,1024,1024,8192,bf16,"N(1,1)",10,10000,256,0.5,320000,160222,160222,0,0,160222,160222,0,160222,0,0,0,0,0,0,0,160222,0,0,40799778,160222,0,0,159778,0,0.0,0.0,0.0,,,,,,0.0,0.0,0.0,0.0,0.0,,0.0,0.0,0.008,5.39,linear_centered_per_block
20261004T065352Z,2026-10-04T06:53:52.230119+00:00,20812aef948eaa8d0f8bc34d3ad2eeddd8c87d07,atlas-47,npu:0,2.7.1+cpu,2.7.1.post10,3.9.9,4026860251227582445,1791096831510207213,1024,1024,8192,bf16,"N(1,1)",11,10000,256,0.5,320000,160292,160292,0,0,160292,160292,160292,160292,160292,160292,0,0,0,0,0,160292,160292,0,40799708,160292,160292,0,159708,160292,1.0,1.0,1.0,1.0,,,,,1.0,1.0,0.0,0.0,1.0,1.0,0.0,0.0,0.008,5.39,linear_centered_per_block
20261004T065352Z,2026-10-04T06:53:52.230119+00:00,20812aef948eaa8d0f8bc34d3ad2eeddd8c87d07,atlas-47,npu:0,2.7.1+cpu,2.7.1.post10,3.9.9,5095316092285647891,1791096831510207213,1024,1024,8192,bf16,"N(1,1)",12,10000,256,0.5,320000,160409,160409,0,0,160409,160409,160409,160409,160409,160409,0,0,0,0,0,160409,160409,0,40799591,160409,160409,0,159591,160409,1.0,1.0,1.0,1.0,,,,,1.0,1.0,0.0,0.0,1.0,1.0,0.0,0.0,0.008,5.39,linear_centered_per_block
20261004T065352Z,2026-10-04T06:53:52.230119+00:00,20812aef948eaa8d0f8bc34d3ad2eeddd8c87d07,atlas-47,npu:0,2.7.1+cpu,2.7.1.post10,3.9.9,451144588214988965,1791096831510207213,1024,1024,8192,bf16,"N(1,1)",13,10000,256,0.5,320000,159825,159825,0,0,159825,159825,159825,159825,159825,159825,0,0,0,0,0,159825,159825,0,40800175,159825,159825,0,160175,159825,1.0,1.0,1.0,1.0,,,,,1.0,1.0,0.0,0.0,1.0,1.0,0.0,0.0,0.008,5.39,linear_centered_per_block
20261004T065352Z,2026-10-04T06:53:52.230119+00:00,20812aef948eaa8d0f8bc34d3ad2eeddd8c87d07,atlas-47,npu:0,2.7.1+cpu,2.7.1.post10,3.9.9,6404759344446900011,1791096831510207213,1024,1024,8192,bf16,"N(1,1)",14,10000,256,0.5,320000,160156,160156,0,0,160156,160156,0,160156,0,0,0,0,0,0,0,160156,0,0,40799844,160156,0,0,159844,0,0.0,0.0,0.0,,,,,,0.0,0.0,0.0,0.0,0.0,,0.0,0.0,0.008,5.39,linear_centered_per_block
20261004T065352Z,2026-10-04T06:53:52.230119+00:00,20812aef948eaa8d0f8bc34d3ad2eeddd8c87d07,atlas-47,npu:0,2.7.1+cpu,2.7.1.post10,3.9.9,7436088630755238700,1791096831510207213,1024,1024,8192,bf16,"N(1e-6,1)",7,10000,256,0.5,320000,160034,160034,0,0,160034,160034,0,160034,0,0,0,0,0,0,0,160034,0,0,40799966,160034,0,0,159966,0,0.0,0.0,0.0,,,,,,0.0,0.0,0.0,0.0,0.0,,0.0,0.0,0.008,5.39,linear_centered_per_block
20261004T065352Z,2026-10-04T06:53:52.230119+00:00,20812aef948eaa8d0f8bc34d3ad2eeddd8c87d07,atlas-47,npu:0,2.7.1+cpu,2.7.1.post10,3.9.9,3884163990492504479,1791096831510207213,1024,1024,8192,bf16,"N(1e-6,1)",8,10000,256,0.5,320000,159732,159732,0,0,159732,159732,0,159732,0,0,0,0,0,0,0,159732,0,0,40800268,159732,0,0,160268,0,0.0,0.0,0.0,,,,,,0.0,0.0,0.0,0.0,0.0,,0.0,0.0,0.008,5.39,linear_centered_per_block
20261004T065352Z,2026-10-04T06:53:52.230119+00:00,20812aef948eaa8d0f8bc34d3ad2eeddd8c87d07,atlas-47,npu:0,2.7.1+cpu,2.7.1.post10,3.9.9,5985313325115207206,1791096831510207213,1024,1024,8192,bf16,"N(1e-6,1)",9,10000,256,0.5,320000,160029,160029,0,0,160029,160029,0,160029,0,0,0,0,0,0,0,160029,0,0,40799971,160029,0,0,159971,0,0.0,0.0,0.0,,,,,,0.0,0.0,0.0,0.0,0.0,,0.0,0.0,0.008,5.39,linear_centered_per_block
20261004T065352Z,2026-10-04T06:53:52.230119+00:00,20812aef948eaa8d0f8bc34d3ad2eeddd8c87d07,atlas-47,npu:0,2.7.1+cpu,2.7.1.post10,3.9.9,678923200651620204,1791096831510207213,1024,1024,8192,bf16,"N(1e-6,1)",10,10000,256,0.5,320000,160245,160245,0,0,160245,160245,155224,160245,155224,155140,0,0,0,0,0,160245,155224,0,40799755,160245,155224,0,159755,155140,0.9686667290711098,0.9686667290711098,0.9681425317482605,0.9994588465701181,,,,,0.9686667290711098,0.9686667290711098,0.0,0.0,0.9681425317482605,0.9994588465701181,0.0,0.0,0.008,5.39,linear_centered_per_block
20261004T065352Z,2026-10-04T06:53:52.230119+00:00,20812aef948eaa8d0f8bc34d3ad2eeddd8c87d07,atlas-47,npu:0,2.7.1+cpu,2.7.1.post10,3.9.9,7965763976768352863,1791096831510207213,1024,1024,8192,bf16,"N(1e-6,1)",11,10000,256,0.5,320000,159674,159674,0,0,159674,159674,156777,159674,156777,156777,0,0,0,0,0,159674,156777,0,40800326,159674,156777,0,160326,156777,0.9818567831957614,0.9818567831957614,0.9818567831957614,1.0,,,,,0.9818567831957614,0.9818567831957614,0.0,0.0,0.9818567831957614,1.0,0.0,0.0,0.008,5.39,linear_centered_per_block
20261004T065352Z,2026-10-04T06:53:52.230119+00:00,20812aef948eaa8d0f8bc34d3ad2eeddd8c87d07,atlas-47,npu:0,2.7.1+cpu,2.7.1.post10,3.9.9,8164367136524777806,1791096831510207213,1024,1024,8192,bf16,"N(1e-6,1)",12,10000,256,0.5,320000,160419,160419,0,0,160419,160419,157586,160419,157586,157586,0,0,0,0,0,160419,157586,0,40799581,160419,157586,0,159581,157586,0.9823399971325092,0.9823399971325092,0.9823399971325092,1.0,,,,,0.9823399971325092,0.9823399971325092,0.0,0.0,0.9823399971325092,1.0,0.0,0.0,0.008,5.39,linear_centered_per_block
20261004T065352Z,2026-10-04T06:53:52.230119+00:00,20812aef948eaa8d0f8bc34d3ad2eeddd8c87d07,atlas-47,npu:0,2.7.1+cpu,2.7.1.post10,3.9.9,7350416025379421693,1791096831510207213,1024,1024,8192,bf16,"N(1e-6,1)",13,10000,256,0.5,320000,159619,159619,0,0,159619,159619,156805,159619,156805,156805,0,0,0,0,0,159619,156805,0,40800381,159619,156805,0,160381,156805,0.9823705198002745,0.9823705198002745,0.9823705198002745,1.0,,,,,0.9823705198002745,0.9823705198002745,0.0,0.0,0.9823705198002745,1.0,0.0,0.0,0.008,5.39,linear_centered_per_block
20261004T065352Z,2026-10-04T06:53:52.230119+00:00,20812aef948eaa8d0f8bc34d3ad2eeddd8c87d07,atlas-47,npu:0,2.7.1+cpu,2.7.1.post10,3.9.9,7306436255597566197,1791096831510207213,1024,1024,8192,bf16,"N(1e-6,1)",14,10000,256,0.5,320000,160218,158814,1404,8,158806,158814,1376,158814,1376,75,1404,1404,1404,1404,0,160218,2780,0,40799782,160218,2780,0,159782,75,0.00866422355711713,0.00866422355711713,0.00047225055725565754,0.05450581395348837,1.0,1.0,0.0,0.0,0.017351358773670875,0.017351358773670875,0.0,0.0,0.00046811219713140844,0.02697841726618705,0.008763060330299966,4.9931967694016905e-05,0.008,5.39,linear_centered_per_block
20261004T065352Z,2026-10-04T06:53:52.230119+00:00,20812aef948eaa8d0f8bc34d3ad2eeddd8c87d07,atlas-47,npu:0,2.7.1+cpu,2.7.1.post10,3.9.9,2584522048856986479,1791096831510207213,1024,1024,8192,bf16,TruncN,7,10000,256,0.5,320000,159815,159815,0,0,159815,159815,0,159815,0,0,0,0,0,0,0,159815,0,0,40800185,159815,0,0,160185,0,0.0,0.0,0.0,,,,,,0.0,0.0,0.0,0.0,0.0,,0.0,0.0,0.008,5.39,linear_centered_per_block
20261004T065352Z,2026-10-04T06:53:52.230119+00:00,20812aef948eaa8d0f8bc34d3ad2eeddd8c87d07,atlas-47,npu:0,2.7.1+cpu,2.7.1.post10,3.9.9,3885254903143518422,1791096831510207213,1024,1024,8192,bf16,TruncN,8,10000,256,0.5,320000,160421,160421,0,0,160421,160421,90673,160421,90673,34353,0,0,0,0,0,160421,90673,0,40799579,160421,90673,0,159579,34353,0.5652190174603076,0.5652190174603076,0.21414278679225288,0.3788669173844474,,,,,0.5652190174603076,0.5652190174603076,0.0,0.0,0.21414278679225288,0.3788669173844474,0.0,0.0,0.008,5.39,linear_centered_per_block
20261004T065352Z,2026-10-04T06:53:52.230119+00:00,20812aef948eaa8d0f8bc34d3ad2eeddd8c87d07,atlas-47,npu:0,2.7.1+cpu,2.7.1.post10,3.9.9,8289510907272503551,1791096831510207213,1024,1024,8192,bf16,TruncN,9,10000,256,0.5,320000,159964,159964,0,0,159964,159964,69685,159964,69685,68268,0,0,0,0,0,159964,69685,0,40800036,159964,69685,0,160036,68268,0.43562926658498163,0.43562926658498163,0.42677102348028306,0.9796656382291742,,,,,0.43562926658498163,0.43562926658498163,0.0,0.0,0.42677102348028306,0.9796656382291742,0.0,0.0,0.008,5.39,linear_centered_per_block
20261004T065352Z,2026-10-04T06:53:52.230119+00:00,20812aef948eaa8d0f8bc34d3ad2eeddd8c87d07,atlas-47,npu:0,2.7.1+cpu,2.7.1.post10,3.9.9,7362926898896526479,1791096831510207213,1024,1024,8192,bf16,TruncN,10,10000,256,0.5,320000,160422,160422,0,0,160422,160422,0,160422,0,0,0,0,0,0,0,160422,0,0,40799578,160422,0,0,159578,0,0.0,0.0,0.0,,,,,,0.0,0.0,0.0,0.0,0.0,,0.0,0.0,0.008,5.39,linear_centered_per_block
20261004T065352Z,2026-10-04T06:53:52.230119+00:00,20812aef948eaa8d0f8bc34d3ad2eeddd8c87d07,atlas-47,npu:0,2.7.1+cpu,2.7.1.post10,3.9.9,5919690218676424511,1791096831510207213,1024,1024,8192,bf16,TruncN,11,10000,256,0.5,320000,160166,160166,0,0,160166,160166,160166,160166,160166,160166,0,0,0,0,0,160166,160166,0,40799834,160166,160166,0,159834,160166,1.0,1.0,1.0,1.0,,,,,1.0,1.0,0.0,0.0,1.0,1.0,0.0,0.0,0.008,5.39,linear_centered_per_block
20261004T065352Z,2026-10-04T06:53:52.230119+00:00,20812aef948eaa8d0f8bc34d3ad2eeddd8c87d07,atlas-47,npu:0,2.7.1+cpu,2.7.1.post10,3.9.9,3004657320799442281,1791096831510207213,1024,1024,8192,bf16,TruncN,12,10000,256,0.5,320000,160499,160499,0,0,160499,160499,160499,160499,160499,160499,0,0,0,0,0,160499,160499,0,40799501,160499,160499,0,159501,160499,1.0,1.0,1.0,1.0,,,,,1.0,1.0,0.0,0.0,1.0,1.0,0.0,0.0,0.008,5.39,linear_centered_per_block
20261004T065352Z,2026-10-04T06:53:52.230119+00:00,20812aef948eaa8d0f8bc34d3ad2eeddd8c87d07,atlas-47,npu:0,2.7.1+cpu,2.7.1.post10,3.9.9,3052643038630849566,1791096831510207213,1024,1024,8192,bf16,TruncN,13,10000,256,0.5,320000,160017,160017,0,0,160017,160017,160017,160017,160017,160017,0,0,0,0,0,160017,160017,0,40799983,160017,160017,0,159983,160017,1.0,1.0,1.0,1.0,,,,,1.0,1.0,0.0,0.0,1.0,1.0,0.0,0.0,0.008,5.39,linear_centered_per_block
20261004T065352Z,2026-10-04T06:53:52.230119+00:00,20812aef948eaa8d0f8bc34d3ad2eeddd8c87d07,atlas-47,npu:0,2.7.1+cpu,2.7.1.post10,3.9.9,384163604173309151,1791096831510207213,1024,1024,8192,bf16,TruncN,14,10000,256,0.5,320000,159912,159912,0,0,159912,159912,0,159912,0,0,0,0,0,0,0,159912,0,0,40800088,159912,0,0,160088,0,0.0,0.0,0.0,,,,,,0.0,0.0,0.0,0.0,0.0,,0.0,0.0,0.008,5.39,linear_centered_per_block
20261004T065352Z,2026-10-04T06:53:52.230119+00:00,20812aef948eaa8d0f8bc34d3ad2eeddd8c87d07,atlas-47,npu:0,2.7.1+cpu,2.7.1.post10,3.9.9,2764833643434814922,1791096831510207213,1024,1024,8192,bf16,"U(-1,1)",7,10000,256,0.5,320000,160073,160073,0,0,160073,160073,2,160073,2,1,0,0,0,0,0,160073,2,0,40799927,160073,2,0,159927,1,1.2494299475864137e-05,1.2494299475864137e-05,6.2471497379320685e-06,0.5,,,,,1.2494299475864137e-05,1.2494299475864137e-05,0.0,0.0,6.2471497379320685e-06,0.5,0.0,0.0,0.008,5.39,linear_centered_per_block
20261004T065352Z,2026-10-04T06:53:52.230119+00:00,20812aef948eaa8d0f8bc34d3ad2eeddd8c87d07,atlas-47,npu:0,2.7.1+cpu,2.7.1.post10,3.9.9,6045424253913173893,1791096831510207213,1024,1024,8192,bf16,"U(-1,1)",8,10000,256,0.5,320000,159708,159708,0,0,159708,159708,41658,159708,41658,26493,0,0,0,0,0,159708,41658,0,40800292,159708,41658,0,160292,26493,0.26083853031783005,0.26083853031783005,0.16588398827860845,0.6359642805703586,,,,,0.26083853031783005,0.26083853031783005,0.0,0.0,0.16588398827860845,0.6359642805703586,0.0,0.0,0.008,5.39,linear_centered_per_block
20261004T065352Z,2026-10-04T06:53:52.230119+00:00,20812aef948eaa8d0f8bc34d3ad2eeddd8c87d07,atlas-47,npu:0,2.7.1+cpu,2.7.1.post10,3.9.9,5523009112452211662,1791096831510207213,1024,1024,8192,bf16,"U(-1,1)",9,10000,256,0.5,320000,160287,160287,0,0,160287,160287,85551,160287,85551,72001,0,0,0,0,0,160287,85551,0,40799713,160287,85551,0,159713,72001,0.5337363604035261,0.5337363604035261,0.44920049660920724,0.8416149431333356,,,,,0.5337363604035261,0.5337363604035261,0.0,0.0,0.44920049660920724,0.8416149431333356,0.0,0.0,0.008,5.39,linear_centered_per_block
20261004T065352Z,2026-10-04T06:53:52.230119+00:00,20812aef948eaa8d0f8bc34d3ad2eeddd8c87d07,atlas-47,npu:0,2.7.1+cpu,2.7.1.post10,3.9.9,4966694866175992905,1791096831510207213,1024,1024,8192,bf16,"U(-1,1)",10,10000,256,0.5,320000,159929,159929,0,0,159929,159929,151471,159929,151471,151467,0,0,0,0,0,159929,151471,0,40800071,159929,151471,0,160071,151467,0.9471140318516341,0.9471140318516341,0.9470890207529591,0.9999735923047977,,,,,0.9471140318516341,0.9471140318516341,0.0,0.0,0.9470890207529591,0.9999735923047977,0.0,0.0,0.008,5.39,linear_centered_per_block
20261004T065352Z,2026-10-04T06:53:52.230119+00:00,20812aef948eaa8d0f8bc34d3ad2eeddd8c87d07,atlas-47,npu:0,2.7.1+cpu,2.7.1.post10,3.9.9,1200744163685269095,1791096831510207213,1024,1024,8192,bf16,"U(-1,1)",11,10000,256,0.5,320000,160451,160451,0,0,160451,160451,151891,160451,151891,151891,0,0,0,0,0,160451,151891,0,40799549,160451,151891,0,159549,151891,0.9466503792435074,0.9466503792435074,0.9466503792435074,1.0,,,,,0.9466503792435074,0.9466503792435074,0.0,0.0,0.9466503792435074,1.0,0.0,0.0,0.008,5.39,linear_centered_per_block
20261004T065352Z,2026-10-04T06:53:52.230119+00:00,20812aef948eaa8d0f8bc34d3ad2eeddd8c87d07,atlas-47,npu:0,2.7.1+cpu,2.7.1.post10,3.9.9,2891049905614955188,1791096831510207213,1024,1024,8192,bf16,"U(-1,1)",12,10000,256,0.5,320000,159961,159961,0,0,159961,159961,151347,159961,151347,151347,0,0,0,0,0,159961,151347,0,40800039,159961,151347,0,160039,151347,0.9461493739098905,0.9461493739098905,0.9461493739098905,1.0,,,,,0.9461493739098905,0.9461493739098905,0.0,0.0,0.9461493739098905,1.0,0.0,0.0,0.008,5.39,linear_centered_per_block
20261004T065352Z,2026-10-04T06:53:52.230119+00:00,20812aef948eaa8d0f8bc34d3ad2eeddd8c87d07,atlas-47,npu:0,2.7.1+cpu,2.7.1.post10,3.9.9,4609273029818925751,1791096831510207213,1024,1024,8192,bf16,"U(-1,1)",13,10000,256,0.5,320000,160103,160103,0,0,160103,160103,151699,160103,151699,151699,0,0,0,0,0,160103,151699,0,40799897,160103,151699,0,159897,151699,0.9475087912156549,0.9475087912156549,0.9475087912156549,1.0,,,,,0.9475087912156549,0.9475087912156549,0.0,0.0,0.9475087912156549,1.0,0.0,0.0,0.008,5.39,linear_centered_per_block
20261004T065352Z,2026-10-04T06:53:52.230119+00:00,20812aef948eaa8d0f8bc34d3ad2eeddd8c87d07,atlas-47,npu:0,2.7.1+cpu,2.7.1.post10,3.9.9,7197755240789760552,1791096831510207213,1024,1024,8192,bf16,"U(-1,1)",14,10000,256,0.5,320000,159869,155706,4163,27,155679,155706,4391,155706,4391,265,4163,4163,4163,4163,0,159869,8554,0,40800131,159869,8554,0,160131,265,0.028200583150296072,0.028200583150296072,0.001701925423554648,0.06035071737645183,1.0,1.0,0.0,0.0,0.05350630828991237,0.05350630828991237,0.0,0.0,0.0016576071658670536,0.030979658639233108,0.02604007030756432,0.00016888827727702056,0.008,5.39,linear_centered_per_block
20261004T065352Z,2026-10-04T06:53:52.230119+00:00,20812aef948eaa8d0f8bc34d3ad2eeddd8c87d07,atlas-47,npu:0,2.7.1+cpu,2.7.1.post10,3.9.9,1633680652650890780,1791096831510207213,1024,1024,8192,fp32,"N(1,1)",23,10000,256,0.5,320000,159622,159622,0,0,159622,159622,159622,159622,159622,159622,0,0,0,0,0,159622,159622,0,40800378,159622,159622,0,160378,159622,1.0,1.0,1.0,1.0,,,,,1.0,1.0,0.0,0.0,1.0,1.0,0.0,0.0,3.894744150775504e-06,5.39,linear_centered_per_block
20261004T065352Z,2026-10-04T06:53:52.230119+00:00,20812aef948eaa8d0f8bc34d3ad2eeddd8c87d07,atlas-47,npu:0,2.7.1+cpu,2.7.1.post10,3.9.9,6402660503010597522,1791096831510207213,1024,1024,8192,fp32,"N(1,1)",24,10000,256,0.5,320000,159852,159852,0,0,159852,159852,159852,159852,159852,159852,0,0,0,0,0,159852,159852,0,40800148,159852,159852,0,160148,159852,1.0,1.0,1.0,1.0,,,,,1.0,1.0,0.0,0.0,1.0,1.0,0.0,0.0,3.894744150775504e-06,5.39,linear_centered_per_block
20261004T065352Z,2026-10-04T06:53:52.230119+00:00,20812aef948eaa8d0f8bc34d3ad2eeddd8c87d07,atlas-47,npu:0,2.7.1+cpu,2.7.1.post10,3.9.9,3092860082154385976,1791096831510207213,1024,1024,8192,fp32,"N(1,1)",25,10000,256,0.5,320000,159991,159991,0,0,159991,159991,159991,159991,159991,159991,0,0,0,0,0,159991,159991,0,40800009,159991,159991,0,160009,159991,1.0,1.0,1.0,1.0,,,,,1.0,1.0,0.0,0.0,1.0,1.0,0.0,0.0,3.894744150775504e-06,5.39,linear_centered_per_block
20261004T065352Z,2026-10-04T06:53:52.230119+00:00,20812aef948eaa8d0f8bc34d3ad2eeddd8c87d07,atlas-47,npu:0,2.7.1+cpu,2.7.1.post10,3.9.9,5878722162760858667,1791096831510207213,1024,1024,8192,fp32,"N(1,1)",26,10000,256,0.5,320000,160151,160151,0,0,160151,160151,160151,160151,160151,160151,0,0,0,0,0,160151,160151,0,40799849,160151,160151,0,159849,160151,1.0,1.0,1.0,1.0,,,,,1.0,1.0,0.0,0.0,1.0,1.0,0.0,0.0,3.894744150775504e-06,5.39,linear_centered_per_block
20261004T065352Z,2026-10-04T06:53:52.230119+00:00,20812aef948eaa8d0f8bc34d3ad2eeddd8c87d07,atlas-47,npu:0,2.7.1+cpu,2.7.1.post10,3.9.9,1682675019182550930,1791096831510207213,1024,1024,8192,fp32,"N(1,1)",27,10000,256,0.5,320000,159860,159860,0,0,159860,159860,159860,159860,159860,159860,0,0,0,0,0,159860,159860,0,40800140,159860,159860,0,160140,159860,1.0,1.0,1.0,1.0,,,,,1.0,1.0,0.0,0.0,1.0,1.0,0.0,0.0,3.894744150775504e-06,5.39,linear_centered_per_block
20261004T065352Z,2026-10-04T06:53:52.230119+00:00,20812aef948eaa8d0f8bc34d3ad2eeddd8c87d07,atlas-47,npu:0,2.7.1+cpu,2.7.1.post10,3.9.9,3608193349474597039,1791096831510207213,1024,1024,8192,fp32,"N(1,1)",28,10000,256,0.5,320000,160276,160276,0,0,160276,160276,160276,160276,160276,160276,0,0,0,0,0,160276,160276,0,40799724,160276,160276,0,159724,160276,1.0,1.0,1.0,1.0,,,,,1.0,1.0,0.0,0.0,1.0,1.0,0.0,0.0,3.894744150775504e-06,5.39,linear_centered_per_block
20261004T065352Z,2026-10-04T06:53:52.230119+00:00,20812aef948eaa8d0f8bc34d3ad2eeddd8c87d07,atlas-47,npu:0,2.7.1+cpu,2.7.1.post10,3.9.9,1404361387235928243,1791096831510207213,1024,1024,8192,fp32,"N(1,1)",29,10000,256,0.5,320000,160140,160140,0,0,160140,160140,160140,160140,160140,160140,0,0,0,0,0,160140,160140,0,40799860,160140,160140,0,159860,160140,1.0,1.0,1.0,1.0,,,,,1.0,1.0,0.0,0.0,1.0,1.0,0.0,0.0,3.894744150775504e-06,5.39,linear_centered_per_block
20261004T065352Z,2026-10-04T06:53:52.230119+00:00,20812aef948eaa8d0f8bc34d3ad2eeddd8c87d07,atlas-47,npu:0,2.7.1+cpu,2.7.1.post10,3.9.9,540078219777196355,1791096831510207213,1024,1024,8192,fp32,"N(1,1)",30,10000,256,0.5,320000,160144,160144,0,0,160144,160144,160144,160144,160144,160144,0,0,0,0,0,160144,160144,0,40799856,160144,160144,0,159856,160144,1.0,1.0,1.0,1.0,,,,,1.0,1.0,0.0,0.0,1.0,1.0,0.0,0.0,3.894744150775504e-06,5.39,linear_centered_per_block
20261004T065352Z,2026-10-04T06:53:52.230119+00:00,20812aef948eaa8d0f8bc34d3ad2eeddd8c87d07,atlas-47,npu:0,2.7.1+cpu,2.7.1.post10,3.9.9,6080170277271262809,1791096831510207213,1024,1024,8192,fp32,"N(1e-6,1)",23,10000,256,0.5,320000,160014,160014,0,0,160014,160014,159303,160014,159303,159199,0,0,0,0,0,160014,159303,0,40799986,160014,159303,0,159986,159199,0.9955566387941055,0.9955566387941055,0.9949066956641294,0.9993471560485364,,,,,0.9955566387941055,0.9955566387941055,0.0,0.0,0.9949066956641294,0.9993471560485364,0.0,0.0,3.894744150775504e-06,5.39,linear_centered_per_block
20261004T065352Z,2026-10-04T06:53:52.230119+00:00,20812aef948eaa8d0f8bc34d3ad2eeddd8c87d07,atlas-47,npu:0,2.7.1+cpu,2.7.1.post10,3.9.9,7328147271767984828,1791096831510207213,1024,1024,8192,fp32,"N(1e-6,1)",24,10000,256,0.5,320000,160057,160057,0,0,160057,160057,159683,160057,159683,159600,0,0,0,0,0,160057,159683,0,40799943,160057,159683,0,159943,159600,0.997663332437819,0.997663332437819,0.9971447671766933,0.999480220186244,,,,,0.997663332437819,0.997663332437819,0.0,0.0,0.9971447671766933,0.999480220186244,0.0,0.0,3.894744150775504e-06,5.39,linear_centered_per_block
20261004T065352Z,2026-10-04T06:53:52.230119+00:00,20812aef948eaa8d0f8bc34d3ad2eeddd8c87d07,atlas-47,npu:0,2.7.1+cpu,2.7.1.post10,3.9.9,7869982809633931461,1791096831510207213,1024,1024,8192,fp32,"N(1e-6,1)",25,10000,256,0.5,320000,160341,160341,0,0,160341,160341,159812,160341,159812,159759,0,0,0,0,0,160341,159812,0,40799659,160341,159812,0,159659,159759,0.9967007814595145,0.9967007814595145,0.9963702359346642,0.99966836032338,,,,,0.9967007814595145,0.9967007814595145,0.0,0.0,0.9963702359346642,0.99966836032338,0.0,0.0,3.894744150775504e-06,5.39,linear_centered_per_block
20261004T065352Z,2026-10-04T06:53:52.230119+00:00,20812aef948eaa8d0f8bc34d3ad2eeddd8c87d07,atlas-47,npu:0,2.7.1+cpu,2.7.1.post10,3.9.9,3864757555067194914,1791096831510207213,1024,1024,8192,fp32,"N(1e-6,1)",26,10000,256,0.5,320000,160322,160322,0,0,160322,160322,159711,160322,159711,159651,0,0,0,0,0,160322,159711,0,40799678,160322,159711,0,159678,159651,0.9961889197989047,0.9961889197989047,0.9958146729706465,0.999624321430584,,,,,0.9961889197989047,0.9961889197989047,0.0,0.0,0.9958146729706465,0.999624321430584,0.0,0.0,3.894744150775504e-06,5.39,linear_centered_per_block
20261004T065352Z,2026-10-04T06:53:52.230119+00:00,20812aef948eaa8d0f8bc34d3ad2eeddd8c87d07,atlas-47,npu:0,2.7.1+cpu,2.7.1.post10,3.9.9,6224976587037746490,1791096831510207213,1024,1024,8192,fp32,"N(1e-6,1)",27,10000,256,0.5,320000,159809,159809,0,0,159809,159809,159215,159809,159215,159157,0,0,0,0,0,159809,159215,0,40800191,159809,159215,0,160191,159157,0.9962830629063445,0.9962830629063445,0.9959201296547754,0.9996357127155104,,,,,0.9962830629063445,0.9962830629063445,0.0,0.0,0.9959201296547754,0.9996357127155104,0.0,0.0,3.894744150775504e-06,5.39,linear_centered_per_block
20261004T065352Z,2026-10-04T06:53:52.230119+00:00,20812aef948eaa8d0f8bc34d3ad2eeddd8c87d07,atlas-47,npu:0,2.7.1+cpu,2.7.1.post10,3.9.9,9061040489386430857,1791096831510207213,1024,1024,8192,fp32,"N(1e-6,1)",28,10000,256,0.5,320000,159780,159780,0,0,159780,159780,159177,159780,159177,159121,0,0,0,0,0,159780,159177,0,40800220,159780,159177,0,160220,159121,0.9962260608336463,0.9962260608336463,0.9958755789210164,0.9996481903792633,,,,,0.9962260608336463,0.9962260608336463,0.0,0.0,0.9958755789210164,0.9996481903792633,0.0,0.0,3.894744150775504e-06,5.39,linear_centered_per_block
20261004T065352Z,2026-10-04T06:53:52.230119+00:00,20812aef948eaa8d0f8bc34d3ad2eeddd8c87d07,atlas-47,npu:0,2.7.1+cpu,2.7.1.post10,3.9.9,9139415949899037971,1791096831510207213,1024,1024,8192,fp32,"N(1e-6,1)",29,10000,256,0.5,320000,160037,160037,0,0,160037,160037,159389,160037,159389,159331,0,0,0,0,0,160037,159389,0,40799963,160037,159389,0,159963,159331,0.99595093634597,0.99595093634597,0.9955885201547142,0.999636110396577,,,,,0.99595093634597,0.99595093634597,0.0,0.0,0.9955885201547142,0.999636110396577,0.0,0.0,3.894744150775504e-06,5.39,linear_centered_per_block
20261004T065352Z,2026-10-04T06:53:52.230119+00:00,20812aef948eaa8d0f8bc34d3ad2eeddd8c87d07,atlas-47,npu:0,2.7.1+cpu,2.7.1.post10,3.9.9,9068247241266387216,1791096831510207213,1024,1024,8192,fp32,"N(1e-6,1)",30,10000,256,0.5,320000,159848,158413,1435,0,158413,158413,158413,158413,158413,157059,1435,1435,1435,1435,0,159848,159848,0,40800152,159848,159848,0,160152,157059,1.0,1.0,0.9914527216831952,0.9914527216831952,1.0,1.0,0.0,0.0,1.0,1.0,0.0,0.0,0.9825521745658375,0.9825521745658375,0.00897727841449377,0.0,3.894744150775504e-06,5.39,linear_centered_per_block
20261004T065352Z,2026-10-04T06:53:52.230119+00:00,20812aef948eaa8d0f8bc34d3ad2eeddd8c87d07,atlas-47,npu:0,2.7.1+cpu,2.7.1.post10,3.9.9,2262313235807782556,1791096831510207213,1024,1024,8192,fp32,TruncN,23,10000,256,0.5,320000,160344,160344,0,0,160344,160344,160344,160344,160344,160344,0,0,0,0,0,160344,160344,0,40799656,160344,160344,0,159656,160344,1.0,1.0,1.0,1.0,,,,,1.0,1.0,0.0,0.0,1.0,1.0,0.0,0.0,3.894744150775504e-06,5.39,linear_centered_per_block
20261004T065352Z,2026-10-04T06:53:52.230119+00:00,20812aef948eaa8d0f8bc34d3ad2eeddd8c87d07,atlas-47,npu:0,2.7.1+cpu,2.7.1.post10,3.9.9,8644959340837898242,1791096831510207213,1024,1024,8192,fp32,TruncN,24,10000,256,0.5,320000,159686,159686,0,0,159686,159686,159686,159686,159686,159686,0,0,0,0,0,159686,159686,0,40800314,159686,159686,0,160314,159686,1.0,1.0,1.0,1.0,,,,,1.0,1.0,0.0,0.0,1.0,1.0,0.0,0.0,3.894744150775504e-06,5.39,linear_centered_per_block
20261004T065352Z,2026-10-04T06:53:52.230119+00:00,20812aef948eaa8d0f8bc34d3ad2eeddd8c87d07,atlas-47,npu:0,2.7.1+cpu,2.7.1.post10,3.9.9,6387069100644913820,1791096831510207213,1024,1024,8192,fp32,TruncN,25,10000,256,0.5,320000,159789,159789,0,0,159789,159789,159789,159789,159789,159789,0,0,0,0,0,159789,159789,0,40800211,159789,159789,0,160211,159789,1.0,1.0,1.0,1.0,,,,,1.0,1.0,0.0,0.0,1.0,1.0,0.0,0.0,3.894744150775504e-06,5.39,linear_centered_per_block
20261004T065352Z,2026-10-04T06:53:52.230119+00:00,20812aef948eaa8d0f8bc34d3ad2eeddd8c87d07,atlas-47,npu:0,2.7.1+cpu,2.7.1.post10,3.9.9,6274279679942141718,1791096831510207213,1024,1024,8192,fp32,TruncN,26,10000,256,0.5,320000,159763,159763,0,0,159763,159763,159763,159763,159763,159763,0,0,0,0,0,159763,159763,0,40800237,159763,159763,0,160237,159763,1.0,1.0,1.0,1.0,,,,,1.0,1.0,0.0,0.0,1.0,1.0,0.0,0.0,3.894744150775504e-06,5.39,linear_centered_per_block
20261004T065352Z,2026-10-04T06:53:52.230119+00:00,20812aef948eaa8d0f8bc34d3ad2eeddd8c87d07,atlas-47,npu:0,2.7.1+cpu,2.7.1.post10,3.9.9,2688265798342375669,1791096831510207213,1024,1024,8192,fp32,TruncN,27,10000,256,0.5,320000,160446,160446,0,0,160446,160446,160446,160446,160446,160446,0,0,0,0,0,160446,160446,0,40799554,160446,160446,0,159554,160446,1.0,1.0,1.0,1.0,,,,,1.0,1.0,0.0,0.0,1.0,1.0,0.0,0.0,3.894744150775504e-06,5.39,linear_centered_per_block
20261004T065352Z,2026-10-04T06:53:52.230119+00:00,20812aef948eaa8d0f8bc34d3ad2eeddd8c87d07,atlas-47,npu:0,2.7.1+cpu,2.7.1.post10,3.9.9,8172245042824037583,1791096831510207213,1024,1024,8192,fp32,TruncN,28,10000,256,0.5,320000,159894,159894,0,0,159894,159894,159894,159894,159894,159894,0,0,0,0,0,159894,159894,0,40800106,159894,159894,0,160106,159894,1.0,1.0,1.0,1.0,,,,,1.0,1.0,0.0,0.0,1.0,1.0,0.0,0.0,3.894744150775504e-06,5.39,linear_centered_per_block
20261004T065352Z,2026-10-04T06:53:52.230119+00:00,20812aef948eaa8d0f8bc34d3ad2eeddd8c87d07,atlas-47,npu:0,2.7.1+cpu,2.7.1.post10,3.9.9,1367548179054082024,1791096831510207213,1024,1024,8192,fp32,TruncN,29,10000,256,0.5,320000,159665,159665,0,0,159665,159665,159665,159665,159665,159665,0,0,0,0,0,159665,159665,0,40800335,159665,159665,0,160335,159665,1.0,1.0,1.0,1.0,,,,,1.0,1.0,0.0,0.0,1.0,1.0,0.0,0.0,3.894744150775504e-06,5.39,linear_centered_per_block
20261004T065352Z,2026-10-04T06:53:52.230119+00:00,20812aef948eaa8d0f8bc34d3ad2eeddd8c87d07,atlas-47,npu:0,2.7.1+cpu,2.7.1.post10,3.9.9,9144770804187073898,1791096831510207213,1024,1024,8192,fp32,TruncN,30,10000,256,0.5,320000,159936,159936,0,0,159936,159936,159936,159936,159936,159936,0,0,0,0,0,159936,159936,0,40800064,159936,159936,0,160064,159936,1.0,1.0,1.0,1.0,,,,,1.0,1.0,0.0,0.0,1.0,1.0,0.0,0.0,3.894744150775504e-06,5.39,linear_centered_per_block
20261004T065352Z,2026-10-04T06:53:52.230119+00:00,20812aef948eaa8d0f8bc34d3ad2eeddd8c87d07,atlas-47,npu:0,2.7.1+cpu,2.7.1.post10,3.9.9,5722908160234337379,1791096831510207213,1024,1024,8192,fp32,"U(-1,1)",23,10000,256,0.5,320000,159498,159498,0,0,159498,159498,159134,159498,159134,158848,0,0,0,0,0,159498,159134,0,40800502,159498,159134,0,160502,158848,0.9977178397221281,0.9977178397221281,0.9959247137895146,0.9982027725061897,,,,,0.9977178397221281,0.9977178397221281,0.0,0.0,0.9959247137895146,0.9982027725061897,0.0,0.0,3.894744150775504e-06,5.39,linear_centered_per_block
20261004T065352Z,2026-10-04T06:53:52.230119+00:00,20812aef948eaa8d0f8bc34d3ad2eeddd8c87d07,atlas-47,npu:0,2.7.1+cpu,2.7.1.post10,3.9.9,500988253833564081,1791096831510207213,1024,1024,8192,fp32,"U(-1,1)",24,10000,256,0.5,320000,160262,160262,0,0,160262,160262,160034,160262,160034,159898,0,0,0,0,0,160262,160034,0,40799738,160262,160034,0,159738,159898,0.9985773296227427,0.9985773296227427,0.9977287192222736,0.9991501805866253,,,,,0.9985773296227427,0.9985773296227427,0.0,0.0,0.9977287192222736,0.9991501805866253,0.0,0.0,3.894744150775504e-06,5.39,linear_centered_per_block
20261004T065352Z,2026-10-04T06:53:52.230119+00:00,20812aef948eaa8d0f8bc34d3ad2eeddd8c87d07,atlas-47,npu:0,2.7.1+cpu,2.7.1.post10,3.9.9,7493686328570937955,1791096831510207213,1024,1024,8192,fp32,"U(-1,1)",25,10000,256,0.5,320000,160143,160143,0,0,160143,160143,160114,160143,160114,160020,0,0,0,0,0,160143,160114,0,40799857,160143,160114,0,159857,160020,0.9998189118475362,0.9998189118475362,0.9992319364567918,0.9994129182957143,,,,,0.9998189118475362,0.9998189118475362,0.0,0.0,0.9992319364567918,0.9994129182957143,0.0,0.0,3.894744150775504e-06,5.39,linear_centered_per_block
20261004T065352Z,2026-10-04T06:53:52.230119+00:00,20812aef948eaa8d0f8bc34d3ad2eeddd8c87d07,atlas-47,npu:0,2.7.1+cpu,2.7.1.post10,3.9.9,3126921296777679538,1791096831510207213,1024,1024,8192,fp32,"U(-1,1)",26,10000,256,0.5,320000,160150,160150,0,0,160150,160150,159950,160150,159950,159749,0,0,0,0,0,160150,159950,0,40799850,160150,159950,0,159850,159749,0.9987511707773962,0.9987511707773962,0.9974960974086794,0.998743357299156,,,,,0.9987511707773962,0.9987511707773962,0.0,0.0,0.9974960974086794,0.998743357299156,0.0,0.0,3.894744150775504e-06,5.39,linear_centered_per_block
20261004T065352Z,2026-10-04T06:53:52.230119+00:00,20812aef948eaa8d0f8bc34d3ad2eeddd8c87d07,atlas-47,npu:0,2.7.1+cpu,2.7.1.post10,3.9.9,3559899396072848803,1791096831510207213,1024,1024,8192,fp32,"U(-1,1)",27,10000,256,0.5,320000,160081,160081,0,0,160081,160081,159887,160081,159887,159665,0,0,0,0,0,160081,159887,0,40799919,160081,159887,0,159919,159665,0.9987881135175317,0.9987881135175317,0.9974013155839856,0.998611519385566,,,,,0.9987881135175317,0.9987881135175317,0.0,0.0,0.9974013155839856,0.998611519385566,0.0,0.0,3.894744150775504e-06,5.39,linear_centered_per_block
20261004T065352Z,2026-10-04T06:53:52.230119+00:00,20812aef948eaa8d0f8bc34d3ad2eeddd8c87d07,atlas-47,npu:0,2.7.1+cpu,2.7.1.post10,3.9.9,2260650335068674398,1791096831510207213,1024,1024,8192,fp32,"U(-1,1)",28,10000,256,0.5,320000,160915,160915,0,0,160915,160915,160695,160915,160695,160490,0,0,0,0,0,160915,160695,0,40799085,160915,160695,0,159085,160490,0.9986328185688096,0.9986328185688096,0.9973588540533822,0.9987242913594075,,,,,0.9986328185688096,0.9986328185688096,0.0,0.0,0.9973588540533822,0.9987242913594075,0.0,0.0,3.894744150775504e-06,5.39,linear_centered_per_block
20261004T065352Z,2026-10-04T06:53:52.230119+00:00,20812aef948eaa8d0f8bc34d3ad2eeddd8c87d07,atlas-47,npu:0,2.7.1+cpu,2.7.1.post10,3.9.9,508981169691885544,1791096831510207213,1024,1024,8192,fp32,"U(-1,1)",29,10000,256,0.5,320000,159517,159517,0,0,159517,159517,159310,159517,159310,159108,0,0,0,0,0,159517,159310,0,40800483,159517,159310,0,160483,159108,0.9987023326667377,0.9987023326667377,0.9974360099550518,0.9987320318875149,,,,,0.9987023326667377,0.9987023326667377,0.0,0.0,0.9974360099550518,0.9987320318875149,0.0,0.0,3.894744150775504e-06,5.39,linear_centered_per_block
20261004T065352Z,2026-10-04T06:53:52.230119+00:00,20812aef948eaa8d0f8bc34d3ad2eeddd8c87d07,atlas-47,npu:0,2.7.1+cpu,2.7.1.post10,3.9.9,5203207602394557990,1791096831510207213,1024,1024,8192,fp32,"U(-1,1)",30,10000,256,0.5,320000,160391,156121,4270,0,156121,156121,156121,156121,156121,152173,4270,4270,4270,4270,0,160391,160391,0,40799609,160391,160391,0,159609,152173,1.0,1.0,0.9747119221629377,0.9747119221629377,1.0,1.0,0.0,0.0,1.0,1.0,0.0,0.0,0.948762711124689,0.948762711124689,0.026622441408807228,0.0,3.894744150775504e-06,5.39,linear_centered_per_block
